user_id,subscription_type,subscription_category,start_date,end_date,amount
1,Premium,3 month,2025-06-19,2025-09-17,722.46
2,Free,Monthly,2025-07-15,2025-08-14,0.0
3,Family,3 month,2024-09-30,2024-12-29,605.06
4,Premium,Monthly,2025-07-05,2025-08-04,605.06
5,Premium,3 month,2025-07-30,2025-10-28,605.06
6,Free,Yearly,2024-10-15,2025-10-15,0.0
7,Family,Yearly,2025-07-19,2026-07-19,605.06
8,Premium,3 month,2025-01-23,2025-04-23,605.06
9,Free,Monthly,2025-05-21,2025-06-20,0.0
10,Family,Yearly,2025-02-17,2026-02-17,605.06
11,Free,3 month,2025-06-21,2025-09-19,0.0
12,Free,Monthly,2024-10-28,2024-11-27,0.0
13,Free,3 month,2024-09-20,2024-12-19,0.0
14,Free,3 month,2025-03-22,2025-06-20,0.0
15,Free,Yearly,2024-11-18,2025-11-18,0.0
16,Premium,Monthly,2025-02-02,2025-03-04,605.06
17,Premium,3 month,2025-06-23,2025-09-21,485.3
18,Premium,3 month,2024-10-01,2024-12-30,605.06
19,Premium,Yearly,2025-05-27,2026-05-27,605.06
20,Premium,3 month,2025-02-12,2025-05-13,622.62
21,Premium,Monthly,2025-03-07,2025-04-06,605.06
22,Premium,3 month,2024-08-16,2024-11-14,605.06
23,Free,Monthly,2025-07-07,2025-08-06,0.0
24,Family,3 month,2025-05-26,2025-08-24,697.87
25,Premium,Yearly,2024-08-17,2025-08-17,605.06
26,Free,Yearly,2025-06-17,2026-06-17,0.0
27,Free,Yearly,2024-10-13,2025-10-13,0.0
28,Free,Monthly,2024-12-19,2025-01-18,0.0
29,Family,Yearly,2024-10-23,2025-10-23,605.06
30,Premium,Monthly,2024-08-11,2024-09-10,605.06
31,Premium,Monthly,2025-07-04,2025-08-03,605.06
32,Free,Yearly,2025-04-10,2026-04-10,0.0
33,Premium,3 month,2025-02-28,2025-05-29,605.06
34,Family,Monthly,2024-12-01,2024-12-31,605.06
35,Free,3 month,2025-01-12,2025-04-12,0.0
36,Premium,3 month,2024-09-16,2024-12-15,605.06
37,Premium,Monthly,2025-05-21,2025-06-20,888.86
38,Premium,Monthly,2025-05-05,2025-06-04,605.06
39,Premium,Monthly,2024-09-12,2024-10-12,605.06
40,Premium,Yearly,2025-05-01,2026-05-01,605.06
41,Premium,3 month,2025-07-26,2025-10-24,605.06
42,Free,Monthly,2025-01-26,2025-02-25,0.0
43,Free,Yearly,2024-08-23,2025-08-23,0.0
44,Free,3 month,2025-07-28,2025-10-26,0.0
45,Free,3 month,2024-11-06,2025-02-04,0.0
46,Free,Monthly,2025-07-28,2025-08-27,0.0
47,Free,Monthly,2025-07-23,2025-08-22,0.0
48,Free,3 month,2025-07-14,2025-10-12,0.0
49,Premium,Yearly,2024-09-07,2025-09-07,569.05
50,Family,Yearly,2025-06-11,2026-06-11,605.06
51,Free,Monthly,2024-10-26,2024-11-25,0.0
52,Premium,Monthly,2024-12-09,2025-01-08,605.06
53,Premium,3 month,2025-01-01,2025-04-01,966.65
54,Family,Monthly,2025-06-18,2025-07-18,605.06
55,Premium,Monthly,2024-09-13,2024-10-13,700.04
56,Free,3 month,2025-03-06,2025-06-04,0.0
57,Family,Yearly,2024-11-01,2025-11-01,605.06
58,Premium,Monthly,2025-03-18,2025-04-17,605.06
59,Free,3 month,2025-07-19,2025-10-17,0.0
60,Family,Yearly,2025-03-19,2026-03-19,605.06
61,Family,Monthly,2024-08-31,2024-09-30,867.96
62,Free,Yearly,2025-03-17,2026-03-17,0.0
63,Family,Monthly,2024-12-03,2025-01-02,863.33
64,Free,Yearly,2024-12-07,2025-12-07,0.0
65,Premium,3 month,2025-08-03,2025-11-01,404.29
66,Family,Yearly,2024-10-20,2025-10-20,669.3
67,Premium,Yearly,2025-01-10,2026-01-10,605.06
68,Family,3 month,2024-08-26,2024-11-24,471.81
69,Premium,Yearly,2025-04-11,2026-04-11,507.84
70,Premium,3 month,2025-03-30,2025-06-28,605.06
71,Family,3 month,2024-12-13,2025-03-13,605.06
72,Family,Yearly,2025-05-22,2026-05-22,605.06
73,Family,3 month,2024-08-09,2024-11-07,605.06
74,Premium,Yearly,2025-07-31,2026-07-31,577.79
75,Family,Yearly,2024-08-17,2025-08-17,605.06
76,Family,3 month,2025-04-05,2025-07-04,605.06
77,Family,Yearly,2024-12-02,2025-12-02,605.06
78,Premium,Monthly,2025-05-30,2025-06-29,605.06
79,Premium,3 month,2025-07-10,2025-10-08,605.06
80,Free,3 month,2025-07-17,2025-10-15,0.0
81,Family,3 month,2025-05-15,2025-08-13,335.97
82,Free,3 month,2024-09-20,2024-12-19,0.0
83,Family,Yearly,2025-04-01,2026-04-01,605.06
84,Family,3 month,2024-08-16,2024-11-14,540.83
85,Premium,3 month,2025-06-19,2025-09-17,605.06
86,Premium,Yearly,2024-09-22,2025-09-22,605.06
87,Premium,3 month,2025-01-08,2025-04-08,605.06
88,Premium,3 month,2025-06-18,2025-09-16,605.06
89,Family,Monthly,2024-08-29,2024-09-28,938.68
90,Free,Monthly,2025-05-30,2025-06-29,0.0
91,Premium,Yearly,2025-04-03,2026-04-03,522.63
92,Free,Yearly,2025-03-05,2026-03-05,0.0
93,Premium,Monthly,2024-11-01,2024-12-01,605.06
94,Premium,Yearly,2025-04-16,2026-04-16,605.06
95,Family,3 month,2025-05-04,2025-08-02,605.06
96,Premium,Monthly,2025-05-20,2025-06-19,605.06
97,Free,Monthly,2024-12-18,2025-01-17,0.0
98,Premium,3 month,2025-02-07,2025-05-08,605.06
99,Premium,3 month,2025-03-18,2025-06-16,999.69
100,Premium,3 month,2025-06-19,2025-09-17,605.06
101,Free,3 month,2025-03-20,2025-06-18,0.0
102,Family,Yearly,2025-06-09,2026-06-09,605.06
103,Free,Monthly,2024-10-02,2024-11-01,0.0
104,Free,Monthly,2025-02-25,2025-03-27,0.0
105,Free,Yearly,2025-01-10,2026-01-10,0.0
106,Premium,Yearly,2024-10-26,2025-10-26,969.45
107,Premium,3 month,2024-11-14,2025-02-12,696.71
108,Premium,3 month,2024-11-27,2025-02-25,315.55
109,Premium,Yearly,2024-12-04,2025-12-04,605.06
110,Free,3 month,2025-03-03,2025-06-01,0.0
111,Premium,3 month,2025-06-27,2025-09-25,605.06
112,Free,Yearly,2025-04-16,2026-04-16,0.0
113,Premium,Monthly,2025-01-22,2025-02-21,578.92
114,Premium,Yearly,2024-11-02,2025-11-02,410.36
115,Premium,Monthly,2025-06-03,2025-07-03,340.51
116,Family,Yearly,2025-03-30,2026-03-30,605.06
117,Family,3 month,2025-06-26,2025-09-24,605.06
118,Family,Monthly,2024-11-15,2024-12-15,749.66
119,Free,Monthly,2025-07-16,2025-08-15,0.0
120,Premium,Yearly,2025-02-19,2026-02-19,605.06
121,Family,3 month,2025-01-08,2025-04-08,605.06
122,Premium,Yearly,2025-02-25,2026-02-25,490.41
123,Premium,Yearly,2025-04-26,2026-04-26,605.06
124,Free,3 month,2024-08-10,2024-11-08,0.0
125,Free,Yearly,2025-05-21,2026-05-21,0.0
126,Premium,Monthly,2024-08-18,2024-09-17,605.06
127,Premium,Monthly,2025-08-08,2025-09-07,605.06
128,Premium,Monthly,2025-03-08,2025-04-07,605.06
129,Premium,Monthly,2025-04-04,2025-05-04,360.76
130,Premium,3 month,2025-06-01,2025-08-30,605.06
131,Premium,Monthly,2025-05-03,2025-06-02,605.06
132,Premium,Yearly,2024-11-19,2025-11-19,605.06
133,Premium,Monthly,2025-06-20,2025-07-20,605.06
134,Premium,Yearly,2025-03-01,2026-03-01,377.69
135,Family,3 month,2025-05-23,2025-08-21,605.06
136,Premium,Monthly,2024-12-31,2025-01-30,605.06
137,Free,Monthly,2025-05-11,2025-06-10,0.0
138,Premium,Monthly,2024-12-20,2025-01-19,605.06
139,Premium,Yearly,2024-11-08,2025-11-08,605.06
140,Free,Yearly,2025-06-17,2026-06-17,0.0
141,Premium,Monthly,2025-06-04,2025-07-04,605.06
142,Free,Yearly,2025-06-26,2026-06-26,0.0
143,Family,3 month,2024-12-30,2025-03-30,605.06
144,Premium,Monthly,2025-03-03,2025-04-02,605.06
145,Premium,Yearly,2024-09-15,2025-09-15,605.06
146,Premium,Yearly,2025-08-07,2026-08-07,605.06
147,Free,Yearly,2024-10-20,2025-10-20,0.0
148,Premium,Yearly,2024-08-20,2025-08-20,274.95
149,Premium,Yearly,2024-08-21,2025-08-21,605.06
150,Family,Monthly,2024-10-25,2024-11-24,605.06
151,Premium,3 month,2024-10-01,2024-12-30,979.93
152,Premium,Yearly,2025-06-25,2026-06-25,605.06
153,Free,Monthly,2024-09-23,2024-10-23,0.0
154,Premium,Yearly,2025-07-12,2026-07-12,737.98
155,Family,Monthly,2024-08-31,2024-09-30,605.06
156,Free,Yearly,2025-03-06,2026-03-06,0.0
157,Premium,3 month,2025-03-22,2025-06-20,605.06
158,Premium,Monthly,2024-11-09,2024-12-09,858.26
159,Premium,3 month,2024-12-09,2025-03-09,605.06
160,Free,3 month,2024-09-07,2024-12-06,0.0
161,Free,Monthly,2024-12-19,2025-01-18,0.0
162,Family,3 month,2025-02-09,2025-05-10,260.67
163,Free,Monthly,2025-06-28,2025-07-28,0.0
164,Free,Monthly,2025-07-22,2025-08-21,0.0
165,Free,Monthly,2025-04-04,2025-05-04,0.0
166,Family,3 month,2024-11-03,2025-02-01,605.06
167,Premium,Monthly,2025-05-15,2025-06-14,984.73
168,Premium,Monthly,2024-08-09,2024-09-08,605.06
169,Premium,3 month,2025-04-25,2025-07-24,605.06
170,Premium,Yearly,2024-09-07,2025-09-07,226.95
171,Premium,3 month,2024-12-21,2025-03-21,605.06
172,Family,3 month,2024-09-18,2024-12-17,605.06
173,Premium,Monthly,2024-08-22,2024-09-21,863.83
174,Premium,Monthly,2025-03-03,2025-04-02,905.47
175,Premium,3 month,2024-09-15,2024-12-14,605.06
176,Premium,3 month,2025-01-12,2025-04-12,882.61
177,Premium,3 month,2025-05-29,2025-08-27,605.06
178,Free,Yearly,2025-03-11,2026-03-11,0.0
179,Premium,3 month,2025-05-14,2025-08-12,605.06
180,Premium,Monthly,2025-08-08,2025-09-07,605.06
181,Family,3 month,2025-03-21,2025-06-19,664.3
182,Premium,Monthly,2025-07-24,2025-08-23,605.06
183,Free,Yearly,2025-05-15,2026-05-15,0.0
184,Premium,Yearly,2025-04-01,2026-04-01,605.06
185,Premium,Monthly,2025-04-27,2025-05-27,605.06
186,Premium,3 month,2025-06-16,2025-09-14,605.06
187,Free,3 month,2024-11-01,2025-01-30,0.0
188,Premium,Monthly,2024-12-12,2025-01-11,605.06
189,Free,Monthly,2024-12-22,2025-01-21,0.0
190,Family,3 month,2025-07-19,2025-10-17,605.06
191,Premium,3 month,2025-06-14,2025-09-12,605.06
192,Premium,Monthly,2024-09-15,2024-10-15,989.56
193,Free,Monthly,2024-10-02,2024-11-01,0.0
194,Premium,3 month,2024-11-28,2025-02-26,429.3
195,Premium,Yearly,2024-10-20,2025-10-20,654.79
196,Premium,Monthly,2024-10-18,2024-11-17,990.09
197,Premium,3 month,2025-03-14,2025-06-12,605.06
198,Premium,3 month,2025-05-13,2025-08-11,605.06
199,Family,3 month,2024-10-14,2025-01-12,605.06
200,Free,3 month,2025-04-22,2025-07-21,0.0
201,Premium,Monthly,2025-04-25,2025-05-25,542.97
202,Free,Monthly,2025-03-14,2025-04-13,0.0
203,Premium,3 month,2024-10-13,2025-01-11,605.06
204,Premium,3 month,2024-08-19,2024-11-17,441.66
205,Free,Yearly,2024-08-25,2025-08-25,0.0
206,Free,Monthly,2024-11-05,2024-12-05,0.0
207,Premium,Monthly,2025-07-13,2025-08-12,676.73
208,Premium,3 month,2025-02-03,2025-05-04,605.06
209,Free,3 month,2024-12-12,2025-03-12,0.0
210,Family,3 month,2025-05-16,2025-08-14,982.8
211,Free,Yearly,2024-10-01,2025-10-01,0.0
212,Premium,3 month,2025-07-21,2025-10-19,605.06
213,Free,3 month,2025-06-26,2025-09-24,0.0
214,Free,3 month,2024-10-25,2025-01-23,0.0
215,Free,3 month,2024-10-22,2025-01-20,0.0
216,Family,Monthly,2025-03-08,2025-04-07,605.06
217,Premium,Monthly,2024-08-20,2024-09-19,605.06
218,Premium,Yearly,2024-11-03,2025-11-03,200.26
219,Family,Yearly,2024-12-22,2025-12-22,605.06
220,Premium,Yearly,2025-08-05,2026-08-05,605.06
221,Premium,3 month,2024-10-02,2024-12-31,605.06
222,Family,Monthly,2024-12-24,2025-01-23,863.87
223,Premium,Monthly,2025-06-27,2025-07-27,415.7
224,Free,Yearly,2024-10-17,2025-10-17,0.0
225,Family,Yearly,2025-02-16,2026-02-16,765.69
226,Free,Monthly,2024-12-10,2025-01-09,0.0
227,Free,Monthly,2025-02-05,2025-03-07,0.0
228,Premium,3 month,2024-09-11,2024-12-10,605.06
229,Premium,3 month,2024-11-06,2025-02-04,605.06
230,Premium,3 month,2025-06-10,2025-09-08,605.06
231,Premium,Yearly,2024-10-22,2025-10-22,605.06
232,Premium,Monthly,2025-06-13,2025-07-13,605.06
233,Free,Yearly,2024-09-09,2025-09-09,0.0
234,Free,Monthly,2025-03-24,2025-04-23,0.0
235,Premium,Yearly,2025-05-05,2026-05-05,605.06
236,Premium,Yearly,2024-11-25,2025-11-25,605.06
237,Family,Monthly,2024-09-20,2024-10-20,605.06
238,Premium,Monthly,2025-01-15,2025-02-14,646.9
239,Free,3 month,2025-04-29,2025-07-28,0.0
240,Free,Yearly,2024-12-13,2025-12-13,0.0
241,Premium,Monthly,2025-03-05,2025-04-04,605.06
242,Family,Yearly,2024-10-09,2025-10-09,340.99
243,Free,Monthly,2024-11-17,2024-12-17,0.0
244,Free,Monthly,2024-08-26,2024-09-25,0.0
245,Premium,Yearly,2024-11-23,2025-11-23,605.06
246,Free,Yearly,2024-11-06,2025-11-06,0.0
247,Premium,Monthly,2024-11-01,2024-12-01,605.06
248,Free,Monthly,2024-08-12,2024-09-11,0.0
249,Family,Yearly,2025-08-05,2026-08-05,605.06
250,Premium,Yearly,2025-01-09,2026-01-09,605.06
251,Free,3 month,2025-07-17,2025-10-15,0.0
252,Free,3 month,2025-06-14,2025-09-12,0.0
253,Family,Yearly,2025-06-21,2026-06-21,605.06
254,Free,Yearly,2024-09-09,2025-09-09,0.0
255,Premium,Monthly,2025-07-16,2025-08-15,412.51
256,Family,Yearly,2025-03-08,2026-03-08,605.06
257,Premium,3 month,2025-05-15,2025-08-13,605.06
258,Family,Yearly,2024-12-20,2025-12-20,605.06
259,Premium,Yearly,2025-04-09,2026-04-09,605.06
260,Premium,Yearly,2025-03-29,2026-03-29,606.73
261,Family,Yearly,2025-01-01,2026-01-01,201.68
262,Free,Monthly,2025-03-06,2025-04-05,0.0
263,Premium,Yearly,2024-11-28,2025-11-28,605.06
264,Premium,Yearly,2024-12-08,2025-12-08,339.53
265,Premium,Monthly,2025-01-22,2025-02-21,605.06
266,Premium,Monthly,2024-12-17,2025-01-16,605.06
267,Premium,Yearly,2025-02-22,2026-02-22,605.06
268,Premium,3 month,2024-08-29,2024-11-27,605.06
269,Premium,Monthly,2024-12-07,2025-01-06,605.06
270,Premium,Monthly,2025-04-24,2025-05-24,762.23
271,Premium,3 month,2025-06-09,2025-09-07,799.95
272,Family,Yearly,2024-10-11,2025-10-11,605.06
273,Premium,3 month,2025-03-31,2025-06-29,222.7
274,Family,Monthly,2024-09-16,2024-10-16,437.22
275,Free,Monthly,2024-11-01,2024-12-01,0.0
276,Premium,3 month,2025-06-22,2025-09-20,605.06
277,Premium,Yearly,2024-11-04,2025-11-04,605.06
278,Family,Yearly,2024-12-24,2025-12-24,605.06
279,Family,Yearly,2024-09-20,2025-09-20,605.06
280,Free,Yearly,2025-07-12,2026-07-12,0.0
281,Family,3 month,2024-12-01,2025-03-01,263.77
282,Premium,3 month,2024-11-24,2025-02-22,605.06
283,Free,Monthly,2025-02-02,2025-03-04,0.0
284,Family,Yearly,2024-08-29,2025-08-29,605.06
285,Family,Monthly,2025-04-23,2025-05-23,605.06
286,Premium,Yearly,2024-08-23,2025-08-23,605.06
287,Premium,Yearly,2025-06-12,2026-06-12,446.3
288,Premium,3 month,2025-05-27,2025-08-25,689.67
289,Family,Yearly,2025-01-07,2026-01-07,605.06
290,Free,Monthly,2025-06-13,2025-07-13,0.0
291,Premium,Yearly,2024-11-16,2025-11-16,863.65
292,Premium,Yearly,2025-07-25,2026-07-25,605.06
293,Family,Yearly,2024-10-20,2025-10-20,510.09
294,Premium,Monthly,2024-12-19,2025-01-18,935.15
295,Free,Monthly,2024-12-09,2025-01-08,0.0
296,Premium,Monthly,2024-12-03,2025-01-02,240.29
297,Free,3 month,2025-04-02,2025-07-01,0.0
298,Family,Yearly,2025-02-15,2026-02-15,605.06
299,Premium,3 month,2025-06-07,2025-09-05,605.06
300,Premium,Yearly,2025-06-22,2026-06-22,917.0
301,Free,Monthly,2025-04-13,2025-05-13,0.0
302,Free,Monthly,2024-11-12,2024-12-12,0.0
303,Premium,Monthly,2025-03-13,2025-04-12,605.06
304,Premium,Yearly,2025-04-18,2026-04-18,510.16
305,Premium,3 month,2024-10-01,2024-12-30,258.55
306,Family,3 month,2024-08-29,2024-11-27,605.06
307,Free,3 month,2025-01-04,2025-04-04,0.0
308,Family,Monthly,2025-01-27,2025-02-26,605.06
309,Premium,Yearly,2025-02-06,2026-02-06,605.06
310,Premium,Yearly,2025-03-02,2026-03-02,709.3
311,Premium,3 month,2025-07-04,2025-10-02,605.06
312,Free,Monthly,2024-08-26,2024-09-25,0.0
313,Free,Monthly,2025-05-16,2025-06-15,0.0
314,Free,Monthly,2025-05-29,2025-06-28,0.0
315,Premium,Monthly,2025-02-23,2025-03-25,605.06
316,Family,Monthly,2025-04-28,2025-05-28,605.06
317,Premium,Monthly,2024-10-10,2024-11-09,605.06
318,Premium,Monthly,2025-07-22,2025-08-21,605.06
319,Free,Monthly,2024-08-25,2024-09-24,0.0
320,Free,3 month,2025-07-06,2025-10-04,0.0
321,Family,Monthly,2025-07-30,2025-08-29,605.06
322,Premium,Monthly,2025-04-07,2025-05-07,605.06
323,Premium,Yearly,2025-04-11,2026-04-11,762.6
324,Family,Monthly,2025-05-25,2025-06-24,575.23
325,Premium,Yearly,2024-09-29,2025-09-29,894.02
326,Premium,Yearly,2025-05-07,2026-05-07,637.05
327,Free,3 month,2024-12-26,2025-03-26,0.0
328,Premium,Yearly,2025-03-14,2026-03-14,605.06
329,Family,3 month,2024-08-18,2024-11-16,605.06
330,Premium,Yearly,2025-06-16,2026-06-16,294.2
331,Premium,3 month,2024-11-17,2025-02-15,605.06
332,Family,Monthly,2024-09-13,2024-10-13,605.06
333,Family,3 month,2024-08-21,2024-11-19,605.06
334,Premium,Monthly,2024-09-02,2024-10-02,605.06
335,Family,3 month,2025-06-19,2025-09-17,960.79
336,Premium,3 month,2025-07-16,2025-10-14,605.06
337,Family,Monthly,2024-08-17,2024-09-16,605.06
338,Family,Monthly,2025-01-12,2025-02-11,328.03
339,Family,Monthly,2024-10-09,2024-11-08,605.06
340,Premium,3 month,2024-10-16,2025-01-14,780.21
341,Free,Monthly,2024-11-19,2024-12-19,0.0
342,Free,Yearly,2024-12-11,2025-12-11,0.0
343,Family,Yearly,2024-12-16,2025-12-16,301.02
344,Free,3 month,2025-01-20,2025-04-20,0.0
345,Free,3 month,2024-12-10,2025-03-10,0.0
346,Free,3 month,2025-05-15,2025-08-13,0.0
347,Free,Yearly,2025-04-09,2026-04-09,0.0
348,Premium,3 month,2025-03-30,2025-06-28,605.06
349,Free,Monthly,2024-12-31,2025-01-30,0.0
350,Premium,3 month,2025-04-03,2025-07-02,557.94
351,Family,Yearly,2024-11-18,2025-11-18,605.06
352,Free,3 month,2024-11-08,2025-02-06,0.0
353,Free,3 month,2025-03-05,2025-06-03,0.0
354,Premium,3 month,2025-04-02,2025-07-01,605.06
355,Premium,3 month,2025-02-24,2025-05-25,612.17
356,Free,3 month,2025-07-11,2025-10-09,0.0
357,Free,3 month,2024-09-16,2024-12-15,0.0
358,Premium,3 month,2025-05-19,2025-08-17,605.06
359,Family,3 month,2025-08-02,2025-10-31,605.06
360,Family,Monthly,2025-04-01,2025-05-01,285.5
361,Premium,Monthly,2025-08-02,2025-09-01,605.06
362,Family,Monthly,2024-09-06,2024-10-06,605.06
363,Family,3 month,2025-03-02,2025-05-31,308.15
364,Family,Yearly,2025-04-12,2026-04-12,669.53
365,Premium,Monthly,2025-01-25,2025-02-24,605.06
366,Premium,Monthly,2024-08-16,2024-09-15,605.06
367,Premium,Monthly,2024-12-17,2025-01-16,605.06
368,Free,Yearly,2025-03-29,2026-03-29,0.0
369,Premium,3 month,2025-06-13,2025-09-11,605.06
370,Premium,3 month,2024-10-09,2025-01-07,461.82
371,Premium,Yearly,2025-02-13,2026-02-13,605.06
372,Premium,3 month,2024-11-10,2025-02-08,605.06
373,Premium,Monthly,2025-04-13,2025-05-13,605.06
374,Premium,3 month,2024-12-17,2025-03-17,605.06
375,Premium,Yearly,2025-07-24,2026-07-24,605.06
376,Family,3 month,2025-01-14,2025-04-14,605.06
377,Premium,Monthly,2024-12-22,2025-01-21,605.06
378,Premium,Yearly,2025-03-26,2026-03-26,605.06
379,Premium,Monthly,2025-05-02,2025-06-01,505.95
380,Free,3 month,2025-08-05,2025-11-03,0.0
381,Premium,Yearly,2025-07-19,2026-07-19,605.06
382,Premium,Yearly,2025-01-14,2026-01-14,605.06
383,Premium,Yearly,2025-01-18,2026-01-18,578.41
384,Premium,3 month,2024-12-24,2025-03-24,817.41
385,Family,Monthly,2025-02-26,2025-03-28,605.06
386,Free,Yearly,2025-01-11,2026-01-11,0.0
387,Premium,Monthly,2025-04-16,2025-05-16,612.73
388,Family,Monthly,2025-05-19,2025-06-18,794.14
389,Premium,Yearly,2024-10-30,2025-10-30,311.37
390,Premium,Yearly,2025-06-29,2026-06-29,605.06
391,Premium,Monthly,2025-05-21,2025-06-20,605.06
392,Free,Monthly,2025-03-11,2025-04-10,0.0
393,Free,3 month,2024-10-18,2025-01-16,0.0
394,Premium,Yearly,2025-02-27,2026-02-27,270.18
395,Premium,3 month,2025-07-22,2025-10-20,605.06
396,Family,Monthly,2024-10-21,2024-11-20,605.06
397,Free,Monthly,2024-09-11,2024-10-11,0.0
398,Premium,Monthly,2025-08-05,2025-09-04,264.83
399,Premium,3 month,2024-09-12,2024-12-11,991.62
400,Family,3 month,2025-08-06,2025-11-04,605.06
401,Premium,Monthly,2025-03-08,2025-04-07,480.01
402,Family,Monthly,2025-02-28,2025-03-30,864.69
403,Premium,Yearly,2025-01-05,2026-01-05,605.06
404,Premium,3 month,2025-07-17,2025-10-15,605.06
405,Family,Monthly,2024-10-03,2024-11-02,605.06
406,Family,Yearly,2025-04-25,2026-04-25,605.06
407,Premium,Yearly,2024-12-05,2025-12-05,605.06
408,Premium,Monthly,2025-03-28,2025-04-27,605.06
409,Free,3 month,2025-03-18,2025-06-16,0.0
410,Premium,Yearly,2025-05-14,2026-05-14,605.06
411,Premium,3 month,2025-07-13,2025-10-11,605.06
412,Family,3 month,2025-07-11,2025-10-09,605.06
413,Free,Yearly,2025-03-19,2026-03-19,0.0
414,Premium,Monthly,2024-11-27,2024-12-27,605.06
415,Free,Monthly,2024-09-27,2024-10-27,0.0
416,Family,Yearly,2025-01-31,2026-01-31,605.06
417,Premium,3 month,2025-07-21,2025-10-19,605.06
418,Premium,3 month,2025-04-08,2025-07-07,542.58
419,Premium,Yearly,2024-12-11,2025-12-11,753.53
420,Family,Yearly,2025-02-16,2026-02-16,268.6
421,Family,Yearly,2025-03-23,2026-03-23,605.06
422,Premium,3 month,2025-05-29,2025-08-27,605.06
423,Family,3 month,2025-01-22,2025-04-22,605.06
424,Premium,Monthly,2025-02-15,2025-03-17,605.06
425,Free,3 month,2025-02-26,2025-05-27,0.0
426,Premium,Monthly,2025-02-10,2025-03-12,605.06
427,Free,Yearly,2025-03-06,2026-03-06,0.0
428,Family,Monthly,2025-02-09,2025-03-11,605.06
429,Premium,Yearly,2024-11-20,2025-11-20,616.05
430,Free,Yearly,2024-12-20,2025-12-20,0.0
431,Premium,3 month,2025-01-19,2025-04-19,605.06
432,Family,Monthly,2025-07-24,2025-08-23,605.06
433,Free,Yearly,2024-08-09,2025-08-09,0.0
434,Free,Yearly,2025-03-29,2026-03-29,0.0
435,Premium,3 month,2025-01-23,2025-04-23,396.79
436,Family,3 month,2024-10-20,2025-01-18,605.06
437,Family,Yearly,2025-06-27,2026-06-27,605.06
438,Premium,3 month,2025-04-21,2025-07-20,605.06
439,Free,3 month,2024-10-07,2025-01-05,0.0
440,Premium,Monthly,2025-02-02,2025-03-04,605.06
441,Family,3 month,2025-05-19,2025-08-17,605.06
442,Premium,Yearly,2024-09-05,2025-09-05,605.06
443,Free,3 month,2025-05-07,2025-08-05,0.0
444,Premium,Yearly,2025-03-16,2026-03-16,605.06
445,Premium,3 month,2024-12-13,2025-03-13,605.06
446,Premium,Yearly,2024-10-05,2025-10-05,825.68
447,Premium,Monthly,2025-05-22,2025-06-21,605.06
448,Free,Monthly,2025-04-26,2025-05-26,0.0
449,Family,3 month,2024-11-02,2025-01-31,809.23
450,Free,Monthly,2024-10-30,2024-11-29,0.0
451,Family,Monthly,2024-11-20,2024-12-20,768.18
452,Family,3 month,2025-04-10,2025-07-09,418.56
453,Family,3 month,2024-10-15,2025-01-13,605.06
454,Family,Yearly,2025-06-23,2026-06-23,605.06
455,Premium,3 month,2025-07-09,2025-10-07,432.74
456,Premium,Monthly,2024-08-10,2024-09-09,605.06
457,Premium,3 month,2025-06-10,2025-09-08,839.46
458,Premium,3 month,2025-05-01,2025-07-30,566.79
459,Premium,Yearly,2025-01-28,2026-01-28,727.31
460,Family,3 month,2025-07-18,2025-10-16,740.43
461,Free,Monthly,2025-01-20,2025-02-19,0.0
462,Free,3 month,2025-05-09,2025-08-07,0.0
463,Premium,Yearly,2025-06-07,2026-06-07,605.06
464,Premium,3 month,2024-10-09,2025-01-07,208.94
465,Premium,Monthly,2024-12-08,2025-01-07,605.06
466,Premium,3 month,2025-05-07,2025-08-05,605.06
467,Family,Monthly,2024-08-28,2024-09-27,458.92
468,Family,Monthly,2024-10-02,2024-11-01,605.06
469,Premium,Yearly,2025-05-09,2026-05-09,605.06
470,Premium,3 month,2025-03-08,2025-06-06,605.06
471,Free,3 month,2025-04-14,2025-07-13,0.0
472,Premium,Monthly,2025-03-10,2025-04-09,605.06
473,Premium,Yearly,2024-10-14,2025-10-14,605.06
474,Premium,3 month,2024-09-30,2024-12-29,605.06
475,Family,3 month,2025-05-31,2025-08-29,605.06
476,Family,Yearly,2024-10-16,2025-10-16,605.06
477,Family,3 month,2024-09-07,2024-12-06,479.24
478,Family,Monthly,2024-10-28,2024-11-27,933.41
479,Premium,3 month,2025-02-09,2025-05-10,605.06
480,Family,Monthly,2024-09-09,2024-10-09,605.06
481,Free,Yearly,2025-06-09,2026-06-09,0.0
482,Free,Yearly,2025-05-15,2026-05-15,0.0
483,Free,Monthly,2025-07-16,2025-08-15,0.0
484,Premium,3 month,2025-07-19,2025-10-17,225.93
485,Free,Monthly,2024-12-03,2025-01-02,0.0
486,Premium,Monthly,2025-07-26,2025-08-25,605.06
487,Premium,3 month,2025-02-04,2025-05-05,605.06
488,Premium,Monthly,2024-10-19,2024-11-18,605.06
489,Free,Monthly,2024-09-08,2024-10-08,0.0
490,Premium,Monthly,2025-07-01,2025-07-31,605.06
491,Premium,3 month,2025-07-19,2025-10-17,605.06
492,Family,Monthly,2025-02-25,2025-03-27,223.33
493,Premium,Yearly,2025-04-28,2026-04-28,605.06
494,Free,3 month,2025-01-20,2025-04-20,0.0
495,Family,3 month,2024-08-31,2024-11-29,605.06
496,Premium,Yearly,2025-07-05,2026-07-05,945.63
497,Family,Yearly,2025-07-29,2026-07-29,605.06
498,Premium,Yearly,2025-01-01,2026-01-01,809.0
499,Premium,Yearly,2024-12-04,2025-12-04,605.06
500,Free,Yearly,2024-12-26,2025-12-26,0.0
501,Premium,Yearly,2025-03-16,2026-03-16,321.5
502,Family,Yearly,2024-10-25,2025-10-25,403.03
503,Premium,3 month,2024-08-09,2024-11-07,605.06
504,Premium,Monthly,2025-06-23,2025-07-23,605.06
505,Premium,Yearly,2024-09-03,2025-09-03,549.87
506,Family,Yearly,2025-03-01,2026-03-01,921.5
507,Family,Yearly,2024-11-26,2025-11-26,605.06
508,Family,Monthly,2025-04-22,2025-05-22,605.06
509,Family,3 month,2025-08-03,2025-11-01,605.06
510,Premium,Yearly,2025-02-10,2026-02-10,900.4
511,Premium,Monthly,2024-09-13,2024-10-13,605.06
512,Family,3 month,2025-06-02,2025-08-31,605.06
513,Premium,3 month,2024-10-19,2025-01-17,605.06
514,Free,Yearly,2025-03-23,2026-03-23,0.0
515,Family,Yearly,2025-06-20,2026-06-20,605.06
516,Premium,Monthly,2024-10-14,2024-11-13,739.68
517,Premium,3 month,2025-07-01,2025-09-29,605.06
518,Free,Monthly,2024-12-11,2025-01-10,0.0
519,Free,Yearly,2025-02-03,2026-02-03,0.0
520,Family,Monthly,2025-04-04,2025-05-04,605.06
521,Free,Monthly,2025-03-18,2025-04-17,0.0
522,Family,Yearly,2025-07-20,2026-07-20,761.94
523,Family,3 month,2025-05-30,2025-08-28,605.06
524,Family,Yearly,2024-12-02,2025-12-02,605.06
525,Premium,Yearly,2025-05-30,2026-05-30,609.46
526,Premium,Yearly,2024-10-28,2025-10-28,605.06
527,Free,Monthly,2025-02-22,2025-03-24,0.0
528,Premium,3 month,2025-05-23,2025-08-21,605.06
529,Premium,3 month,2025-03-18,2025-06-16,593.74
530,Premium,3 month,2024-11-05,2025-02-03,605.06
531,Family,3 month,2024-11-02,2025-01-31,605.06
532,Premium,3 month,2025-04-03,2025-07-02,605.06
533,Premium,3 month,2024-12-04,2025-03-04,605.06
534,Premium,Yearly,2024-12-03,2025-12-03,312.67
535,Free,Yearly,2024-09-24,2025-09-24,0.0
536,Premium,Monthly,2025-06-29,2025-07-29,605.06
537,Free,Yearly,2025-06-06,2026-06-06,0.0
538,Premium,3 month,2024-11-02,2025-01-31,605.06
539,Free,Yearly,2025-03-31,2026-03-31,0.0
540,Premium,3 month,2025-01-19,2025-04-19,414.61
541,Family,3 month,2024-12-26,2025-03-26,605.06
542,Free,Yearly,2025-01-25,2026-01-25,0.0
543,Family,Monthly,2025-07-24,2025-08-23,605.06
544,Premium,Monthly,2024-10-17,2024-11-16,605.06
545,Family,Yearly,2025-02-02,2026-02-02,605.06
546,Premium,Monthly,2025-04-30,2025-05-30,605.06
547,Free,Yearly,2025-01-30,2026-01-30,0.0
548,Family,Monthly,2025-05-22,2025-06-21,605.06
549,Premium,Yearly,2025-03-05,2026-03-05,633.56
550,Family,Yearly,2025-01-14,2026-01-14,817.95
551,Free,3 month,2025-06-20,2025-09-18,0.0
552,Family,3 month,2024-11-15,2025-02-13,614.55
553,Premium,Monthly,2024-10-13,2024-11-12,605.06
554,Free,Yearly,2025-06-05,2026-06-05,0.0
555,Family,Monthly,2025-06-18,2025-07-18,605.06
556,Family,Monthly,2024-12-05,2025-01-04,605.06
557,Premium,Yearly,2024-10-25,2025-10-25,605.06
558,Premium,Yearly,2025-07-16,2026-07-16,842.83
559,Premium,Monthly,2025-06-18,2025-07-18,663.19
560,Premium,Monthly,2025-05-07,2025-06-06,605.06
561,Premium,Yearly,2025-03-11,2026-03-11,910.15
562,Free,Yearly,2025-07-24,2026-07-24,0.0
563,Free,Monthly,2025-05-01,2025-05-31,0.0
564,Free,Yearly,2025-07-24,2026-07-24,0.0
565,Free,Monthly,2024-11-01,2024-12-01,0.0
566,Free,Yearly,2024-08-10,2025-08-10,0.0
567,Family,Monthly,2025-05-21,2025-06-20,802.02
568,Family,3 month,2025-06-02,2025-08-31,221.01
569,Premium,3 month,2025-05-20,2025-08-18,605.06
570,Free,Monthly,2025-04-28,2025-05-28,0.0
571,Free,3 month,2024-11-01,2025-01-30,0.0
572,Premium,Monthly,2025-04-03,2025-05-03,605.06
573,Family,Monthly,2025-07-28,2025-08-27,605.06
574,Family,Yearly,2024-12-11,2025-12-11,678.79
575,Premium,Yearly,2025-04-21,2026-04-21,605.06
576,Premium,Monthly,2025-01-08,2025-02-07,605.06
577,Family,Yearly,2024-08-14,2025-08-14,605.06
578,Free,Yearly,2025-04-02,2026-04-02,0.0
579,Free,3 month,2025-08-09,2025-11-07,0.0
580,Premium,Yearly,2024-09-07,2025-09-07,605.06
581,Premium,Yearly,2024-09-07,2025-09-07,696.61
582,Family,3 month,2024-10-25,2025-01-23,450.28
583,Free,Monthly,2025-06-16,2025-07-16,0.0
584,Premium,3 month,2024-11-27,2025-02-25,696.26
585,Family,3 month,2024-08-18,2024-11-16,902.74
586,Premium,3 month,2025-03-31,2025-06-29,605.06
587,Premium,Yearly,2024-10-30,2025-10-30,605.06
588,Family,3 month,2025-03-28,2025-06-26,605.06
589,Premium,3 month,2024-09-09,2024-12-08,605.06
590,Premium,Yearly,2024-10-17,2025-10-17,605.06
591,Premium,Yearly,2025-04-23,2026-04-23,605.06
592,Family,3 month,2025-01-12,2025-04-12,605.06
593,Premium,Yearly,2025-04-18,2026-04-18,794.52
594,Premium,Monthly,2024-12-30,2025-01-29,596.86
595,Family,Yearly,2025-01-18,2026-01-18,605.06
596,Free,Monthly,2025-02-22,2025-03-24,0.0
597,Free,Monthly,2024-12-31,2025-01-30,0.0
598,Free,Yearly,2025-03-04,2026-03-04,0.0
599,Free,3 month,2025-06-15,2025-09-13,0.0
600,Premium,Yearly,2024-10-03,2025-10-03,526.33
601,Premium,3 month,2025-03-08,2025-06-06,605.06
602,Premium,Yearly,2025-02-04,2026-02-04,222.76
603,Premium,Yearly,2024-09-04,2025-09-04,605.06
604,Family,Monthly,2025-02-11,2025-03-13,605.06
605,Premium,3 month,2025-07-25,2025-10-23,605.06
606,Family,Yearly,2025-04-07,2026-04-07,605.06
607,Premium,Monthly,2024-11-27,2024-12-27,605.06
608,Premium,3 month,2024-12-18,2025-03-18,605.06
609,Family,3 month,2024-09-18,2024-12-17,605.06
610,Free,Yearly,2024-11-04,2025-11-04,0.0
611,Premium,Monthly,2024-08-26,2024-09-25,774.94
612,Premium,Yearly,2025-03-19,2026-03-19,709.75
613,Family,3 month,2024-11-26,2025-02-24,605.06
614,Family,Monthly,2025-07-16,2025-08-15,207.74
615,Premium,Monthly,2024-08-27,2024-09-26,605.06
616,Free,Yearly,2025-05-06,2026-05-06,0.0
617,Premium,Yearly,2024-11-28,2025-11-28,605.06
618,Premium,Monthly,2024-10-27,2024-11-26,605.06
619,Premium,Yearly,2025-05-25,2026-05-25,605.06
620,Premium,Monthly,2024-08-16,2024-09-15,617.88
621,Premium,3 month,2024-11-13,2025-02-11,800.3
622,Premium,3 month,2024-12-30,2025-03-30,605.06
623,Premium,Yearly,2024-10-13,2025-10-13,605.06
624,Premium,Yearly,2025-01-22,2026-01-22,605.06
625,Premium,Monthly,2025-05-07,2025-06-06,977.26
626,Premium,Yearly,2024-12-10,2025-12-10,605.06
627,Premium,3 month,2024-10-18,2025-01-16,746.51
628,Premium,Monthly,2025-02-04,2025-03-06,605.06
629,Family,Yearly,2025-07-09,2026-07-09,605.06
630,Premium,Yearly,2025-03-30,2026-03-30,605.06
631,Premium,Yearly,2025-06-19,2026-06-19,758.54
632,Free,Yearly,2025-04-03,2026-04-03,0.0
633,Free,3 month,2025-04-13,2025-07-12,0.0
634,Family,Monthly,2025-03-08,2025-04-07,605.06
635,Family,Monthly,2024-12-22,2025-01-21,605.06
636,Free,3 month,2024-09-23,2024-12-22,0.0
637,Premium,3 month,2025-05-25,2025-08-23,605.06
638,Premium,Yearly,2025-07-10,2026-07-10,605.06
639,Family,3 month,2025-01-03,2025-04-03,542.84
640,Premium,3 month,2024-10-07,2025-01-05,605.06
641,Premium,Monthly,2024-10-01,2024-10-31,605.06
642,Premium,Monthly,2024-09-12,2024-10-12,605.06
643,Free,Monthly,2025-06-24,2025-07-24,0.0
644,Premium,Monthly,2025-07-11,2025-08-10,234.73
645,Free,Monthly,2025-02-22,2025-03-24,0.0
646,Free,Monthly,2024-09-25,2024-10-25,0.0
647,Premium,3 month,2025-08-08,2025-11-06,605.06
648,Premium,3 month,2024-10-29,2025-01-27,605.06
649,Free,Monthly,2025-05-09,2025-06-08,0.0
650,Free,Yearly,2025-03-18,2026-03-18,0.0
651,Premium,3 month,2024-10-25,2025-01-23,833.61
652,Family,Monthly,2024-09-12,2024-10-12,668.13
653,Premium,Yearly,2025-07-28,2026-07-28,389.47
654,Premium,Monthly,2024-10-27,2024-11-26,605.06
655,Premium,Yearly,2025-04-08,2026-04-08,605.06
656,Free,Yearly,2025-04-09,2026-04-09,0.0
657,Free,3 month,2025-02-02,2025-05-03,0.0
658,Premium,Yearly,2024-11-25,2025-11-25,605.06
659,Family,Monthly,2025-07-12,2025-08-11,522.21
660,Premium,Yearly,2024-12-24,2025-12-24,304.23
661,Premium,3 month,2025-01-01,2025-04-01,605.06
662,Family,Monthly,2024-10-04,2024-11-03,467.46
663,Premium,Yearly,2025-02-03,2026-02-03,853.89
664,Family,3 month,2025-01-26,2025-04-26,925.99
665,Free,Monthly,2024-11-14,2024-12-14,0.0
666,Premium,Yearly,2024-08-13,2025-08-13,605.06
667,Premium,3 month,2025-07-26,2025-10-24,359.7
668,Premium,3 month,2025-05-22,2025-08-20,258.12
669,Free,Yearly,2025-05-21,2026-05-21,0.0
670,Family,3 month,2025-06-25,2025-09-23,429.51
671,Premium,3 month,2025-02-24,2025-05-25,518.82
672,Family,Yearly,2025-01-16,2026-01-16,390.22
673,Premium,3 month,2025-05-08,2025-08-06,605.06
674,Free,Monthly,2025-05-26,2025-06-25,0.0
675,Premium,Yearly,2024-08-21,2025-08-21,605.06
676,Free,3 month,2025-01-16,2025-04-16,0.0
677,Free,Monthly,2025-03-05,2025-04-04,0.0
678,Premium,Monthly,2024-09-30,2024-10-30,605.06
679,Family,Yearly,2024-08-20,2025-08-20,605.06
680,Family,Monthly,2024-11-07,2024-12-07,922.04
681,Free,Yearly,2025-04-18,2026-04-18,0.0
682,Family,Monthly,2025-06-27,2025-07-27,605.06
683,Premium,3 month,2024-10-24,2025-01-22,605.06
684,Family,3 month,2024-08-13,2024-11-11,605.06
685,Premium,Monthly,2025-01-08,2025-02-07,605.06
686,Free,Monthly,2025-03-01,2025-03-31,0.0
687,Premium,Monthly,2025-02-17,2025-03-19,605.06
688,Free,Monthly,2024-12-28,2025-01-27,0.0
689,Free,3 month,2025-01-10,2025-04-10,0.0
690,Family,Monthly,2025-06-27,2025-07-27,893.84
691,Premium,3 month,2025-06-04,2025-09-02,605.06
692,Family,Monthly,2024-09-04,2024-10-04,605.06
693,Family,Yearly,2024-12-30,2025-12-30,605.06
694,Free,Monthly,2025-07-06,2025-08-05,0.0
695,Family,Yearly,2025-02-22,2026-02-22,605.06
696,Free,3 month,2025-06-01,2025-08-30,0.0
697,Free,3 month,2025-04-06,2025-07-05,0.0
698,Free,Monthly,2024-10-14,2024-11-13,0.0
699,Premium,Yearly,2025-06-27,2026-06-27,605.06
700,Free,Monthly,2024-11-23,2024-12-23,0.0
701,Family,3 month,2025-07-25,2025-10-23,739.99
702,Premium,Monthly,2025-01-09,2025-02-08,780.55
703,Free,Yearly,2025-07-15,2026-07-15,0.0
704,Premium,Yearly,2025-03-18,2026-03-18,667.77
705,Premium,Monthly,2024-08-12,2024-09-11,996.76
706,Premium,3 month,2024-12-01,2025-03-01,659.6
707,Free,3 month,2024-12-19,2025-03-19,0.0
708,Family,3 month,2024-12-11,2025-03-11,605.06
709,Premium,Monthly,2025-01-28,2025-02-27,667.45
710,Premium,Yearly,2025-04-22,2026-04-22,443.66
711,Free,Monthly,2024-10-25,2024-11-24,0.0
712,Premium,3 month,2024-10-25,2025-01-23,475.52
713,Premium,Yearly,2024-12-09,2025-12-09,605.06
714,Family,Monthly,2024-10-18,2024-11-17,605.06
715,Free,3 month,2025-01-08,2025-04-08,0.0
716,Premium,Yearly,2024-11-13,2025-11-13,605.06
717,Premium,Yearly,2025-07-24,2026-07-24,502.94
718,Family,Monthly,2025-05-19,2025-06-18,605.06
719,Premium,3 month,2025-01-24,2025-04-24,605.06
720,Premium,Yearly,2025-03-24,2026-03-24,846.14
721,Premium,3 month,2025-07-30,2025-10-28,605.06
722,Premium,3 month,2025-07-08,2025-10-06,941.84
723,Free,Monthly,2025-07-27,2025-08-26,0.0
724,Premium,3 month,2024-11-06,2025-02-04,605.06
725,Free,3 month,2024-10-20,2025-01-18,0.0
726,Family,3 month,2024-08-11,2024-11-09,293.68
727,Premium,Yearly,2025-02-15,2026-02-15,937.62
728,Premium,Monthly,2025-03-05,2025-04-04,605.06
729,Premium,Monthly,2025-02-02,2025-03-04,951.7
730,Free,Monthly,2025-03-13,2025-04-12,0.0
731,Premium,3 month,2025-04-10,2025-07-09,501.64
732,Free,Yearly,2025-05-27,2026-05-27,0.0
733,Premium,3 month,2024-11-23,2025-02-21,622.6
734,Premium,Yearly,2024-11-24,2025-11-24,763.66
735,Family,Yearly,2024-09-28,2025-09-28,528.04
736,Family,Yearly,2025-05-22,2026-05-22,605.06
737,Free,Monthly,2025-02-23,2025-03-25,0.0
738,Premium,3 month,2025-05-10,2025-08-08,541.92
739,Premium,3 month,2025-03-22,2025-06-20,605.06
740,Premium,Monthly,2025-02-07,2025-03-09,605.06
741,Family,Yearly,2025-01-28,2026-01-28,605.06
742,Premium,Yearly,2025-04-27,2026-04-27,390.96
743,Premium,3 month,2024-10-09,2025-01-07,935.11
744,Premium,Yearly,2024-09-10,2025-09-10,255.51
745,Premium,3 month,2025-03-11,2025-06-09,605.06
746,Premium,Monthly,2025-07-04,2025-08-03,605.06
747,Family,Yearly,2024-10-16,2025-10-16,605.06
748,Premium,Monthly,2024-11-30,2024-12-30,605.06
749,Premium,Yearly,2024-11-05,2025-11-05,786.35
750,Family,Yearly,2025-05-05,2026-05-05,605.06
751,Premium,Monthly,2025-03-14,2025-04-13,292.62
752,Premium,Yearly,2024-09-14,2025-09-14,605.06
753,Premium,Monthly,2025-05-21,2025-06-20,970.21
754,Premium,Yearly,2025-07-11,2026-07-11,605.06
755,Premium,3 month,2025-07-09,2025-10-07,701.53
756,Premium,Monthly,2025-07-21,2025-08-20,605.06
757,Premium,Monthly,2025-07-07,2025-08-06,605.06
758,Premium,Yearly,2025-04-16,2026-04-16,227.87
759,Premium,Monthly,2025-01-04,2025-02-03,605.06
760,Premium,Monthly,2024-12-23,2025-01-22,605.06
761,Premium,3 month,2025-04-16,2025-07-15,890.61
762,Free,3 month,2025-07-17,2025-10-15,0.0
763,Free,Yearly,2024-10-24,2025-10-24,0.0
764,Free,3 month,2025-06-10,2025-09-08,0.0
765,Premium,Yearly,2024-10-06,2025-10-06,605.06
766,Family,Yearly,2025-03-28,2026-03-28,333.35
767,Premium,Yearly,2025-04-29,2026-04-29,605.06
768,Free,Yearly,2024-09-25,2025-09-25,0.0
769,Family,Yearly,2025-01-14,2026-01-14,764.12
770,Family,Yearly,2025-02-24,2026-02-24,387.67
771,Premium,Monthly,2025-07-22,2025-08-21,605.06
772,Free,Monthly,2025-04-25,2025-05-25,0.0
773,Premium,3 month,2024-08-18,2024-11-16,605.06
774,Family,3 month,2025-03-24,2025-06-22,605.06
775,Premium,Monthly,2024-11-15,2024-12-15,605.06
776,Premium,Monthly,2025-01-16,2025-02-15,763.23
777,Free,Monthly,2025-03-06,2025-04-05,0.0
778,Premium,Yearly,2025-06-09,2026-06-09,595.29
779,Premium,Yearly,2024-12-21,2025-12-21,605.06
780,Family,Yearly,2024-10-27,2025-10-27,800.55
781,Premium,3 month,2024-12-26,2025-03-26,605.06
782,Premium,3 month,2025-05-22,2025-08-20,605.06
783,Family,Yearly,2025-04-11,2026-04-11,605.06
784,Premium,Monthly,2024-11-04,2024-12-04,605.06
785,Free,Monthly,2025-04-04,2025-05-04,0.0
786,Free,Yearly,2024-12-17,2025-12-17,0.0
787,Premium,Yearly,2025-06-15,2026-06-15,657.04
788,Premium,Yearly,2025-03-13,2026-03-13,864.35
789,Premium,Yearly,2024-09-23,2025-09-23,605.06
790,Free,Monthly,2024-12-16,2025-01-15,0.0
791,Premium,3 month,2024-12-03,2025-03-03,388.18
792,Premium,3 month,2025-06-16,2025-09-14,605.06
793,Free,3 month,2025-06-26,2025-09-24,0.0
794,Premium,3 month,2025-07-07,2025-10-05,605.06
795,Free,3 month,2025-07-01,2025-09-29,0.0
796,Premium,Monthly,2025-03-10,2025-04-09,605.06
797,Family,3 month,2025-05-04,2025-08-02,605.06
798,Premium,Yearly,2024-08-29,2025-08-29,652.68
799,Free,Yearly,2025-05-16,2026-05-16,0.0
800,Premium,3 month,2024-11-06,2025-02-04,318.45
801,Premium,Yearly,2025-05-28,2026-05-28,605.06
802,Family,Yearly,2025-07-08,2026-07-08,605.06
803,Free,Monthly,2025-07-15,2025-08-14,0.0
804,Premium,Monthly,2025-07-08,2025-08-07,605.06
805,Premium,Yearly,2025-03-29,2026-03-29,605.06
806,Premium,Yearly,2025-07-29,2026-07-29,605.06
807,Free,Yearly,2025-04-13,2026-04-13,0.0
808,Premium,Yearly,2024-11-17,2025-11-17,221.52
809,Premium,Yearly,2025-08-02,2026-08-02,605.06
810,Family,Monthly,2024-10-15,2024-11-14,711.34
811,Free,Yearly,2025-07-01,2026-07-01,0.0
812,Free,3 month,2025-02-22,2025-05-23,0.0
813,Free,Monthly,2024-09-05,2024-10-05,0.0
814,Premium,3 month,2024-09-04,2024-12-03,907.33
815,Premium,3 month,2024-11-12,2025-02-10,202.61
816,Premium,3 month,2025-06-01,2025-08-30,605.06
817,Premium,3 month,2025-04-07,2025-07-06,605.06
818,Premium,Monthly,2025-07-08,2025-08-07,605.06
819,Free,Monthly,2025-03-05,2025-04-04,0.0
820,Family,Monthly,2025-01-26,2025-02-25,605.06
821,Premium,Yearly,2025-04-21,2026-04-21,717.06
822,Family,3 month,2024-09-04,2024-12-03,605.06
823,Premium,3 month,2025-03-30,2025-06-28,605.06
824,Family,Yearly,2025-04-15,2026-04-15,605.06
825,Premium,Monthly,2024-09-07,2024-10-07,605.06
826,Free,3 month,2025-03-28,2025-06-26,0.0
827,Premium,Yearly,2024-11-08,2025-11-08,605.06
828,Family,Monthly,2024-08-21,2024-09-20,358.53
829,Family,Yearly,2025-03-17,2026-03-17,411.13
830,Family,Monthly,2024-09-23,2024-10-23,388.09
831,Premium,Yearly,2024-12-28,2025-12-28,251.85
832,Free,3 month,2025-06-29,2025-09-27,0.0
833,Family,3 month,2024-12-18,2025-03-18,605.06
834,Family,Monthly,2025-01-19,2025-02-18,605.06
835,Free,Yearly,2024-09-22,2025-09-22,0.0
836,Premium,3 month,2024-08-12,2024-11-10,605.06
837,Premium,Yearly,2024-10-08,2025-10-08,605.06
838,Free,3 month,2025-05-06,2025-08-04,0.0
839,Premium,3 month,2024-10-04,2025-01-02,605.06
840,Premium,3 month,2024-09-05,2024-12-04,754.2
841,Family,Yearly,2025-07-06,2026-07-06,605.06
842,Premium,Yearly,2024-08-18,2025-08-18,605.06
843,Free,Monthly,2024-12-06,2025-01-05,0.0
844,Family,Yearly,2024-10-29,2025-10-29,756.62
845,Premium,Yearly,2025-06-15,2026-06-15,605.06
846,Premium,3 month,2024-11-24,2025-02-22,342.23
847,Family,Yearly,2025-06-20,2026-06-20,605.06
848,Free,3 month,2024-11-17,2025-02-15,0.0
849,Premium,Monthly,2024-11-24,2024-12-24,835.67
850,Free,3 month,2025-04-30,2025-07-29,0.0
851,Premium,3 month,2025-07-27,2025-10-25,605.06
852,Premium,Yearly,2024-10-04,2025-10-04,605.06
853,Free,3 month,2025-05-13,2025-08-11,0.0
854,Premium,Monthly,2025-02-04,2025-03-06,225.34
855,Free,Yearly,2025-02-16,2026-02-16,0.0
856,Premium,Monthly,2025-03-29,2025-04-28,605.06
857,Premium,Monthly,2024-11-10,2024-12-10,605.06
858,Free,Yearly,2025-02-11,2026-02-11,0.0
859,Premium,3 month,2024-11-09,2025-02-07,605.06
860,Family,Yearly,2025-01-19,2026-01-19,605.06
861,Free,Yearly,2025-07-13,2026-07-13,0.0
862,Premium,Monthly,2025-03-09,2025-04-08,689.49
863,Free,Monthly,2025-02-07,2025-03-09,0.0
864,Family,3 month,2025-04-02,2025-07-01,605.06
865,Free,Yearly,2025-03-16,2026-03-16,0.0
866,Family,3 month,2025-05-24,2025-08-22,605.06
867,Premium,Monthly,2024-10-09,2024-11-08,605.06
868,Premium,3 month,2025-04-15,2025-07-14,605.06
869,Premium,Yearly,2025-06-19,2026-06-19,605.06
870,Premium,3 month,2025-05-05,2025-08-03,338.58
871,Premium,3 month,2025-05-05,2025-08-03,605.06
872,Family,Monthly,2024-10-11,2024-11-10,605.06
873,Premium,Monthly,2025-01-25,2025-02-24,605.06
874,Family,Yearly,2025-02-06,2026-02-06,605.06
875,Premium,Monthly,2025-02-28,2025-03-30,471.97
876,Family,Monthly,2024-12-10,2025-01-09,736.95
877,Family,3 month,2025-03-06,2025-06-04,605.06
878,Family,Monthly,2024-10-25,2024-11-24,605.06
879,Premium,Monthly,2025-03-04,2025-04-03,789.93
880,Family,Yearly,2024-10-12,2025-10-12,605.06
881,Free,Yearly,2025-08-09,2026-08-09,0.0
882,Premium,Monthly,2025-05-13,2025-06-12,605.06
883,Premium,Yearly,2025-06-30,2026-06-30,605.06
884,Premium,3 month,2024-10-13,2025-01-11,605.06
885,Premium,3 month,2024-11-17,2025-02-15,605.06
886,Premium,Yearly,2025-04-05,2026-04-05,605.06
887,Free,3 month,2024-11-19,2025-02-17,0.0
888,Family,3 month,2025-03-28,2025-06-26,605.06
889,Premium,3 month,2025-01-18,2025-04-18,270.34
890,Free,3 month,2025-06-26,2025-09-24,0.0
891,Premium,Monthly,2025-06-09,2025-07-09,583.32
892,Premium,Yearly,2024-09-28,2025-09-28,543.24
893,Premium,3 month,2025-01-17,2025-04-17,605.06
894,Family,Yearly,2025-01-29,2026-01-29,830.56
895,Premium,Monthly,2025-07-14,2025-08-13,605.06
896,Premium,Monthly,2025-02-21,2025-03-23,526.99
897,Free,Yearly,2025-06-21,2026-06-21,0.0
898,Family,3 month,2025-06-30,2025-09-28,605.06
899,Family,Monthly,2025-03-13,2025-04-12,605.06
900,Family,Monthly,2024-10-16,2024-11-15,415.36
901,Premium,Yearly,2024-12-24,2025-12-24,605.06
902,Free,3 month,2024-11-06,2025-02-04,0.0
903,Premium,Monthly,2025-06-11,2025-07-11,605.06
904,Premium,3 month,2024-10-01,2024-12-30,928.6
905,Free,3 month,2024-11-09,2025-02-07,0.0
906,Family,Yearly,2025-01-06,2026-01-06,605.06
907,Free,Yearly,2024-12-03,2025-12-03,0.0
908,Family,3 month,2025-02-28,2025-05-29,605.06
909,Family,Monthly,2024-08-31,2024-09-30,605.06
910,Family,Monthly,2025-03-13,2025-04-12,605.06
911,Premium,Monthly,2025-03-13,2025-04-12,605.06
912,Premium,Yearly,2025-05-23,2026-05-23,605.06
913,Premium,Yearly,2025-06-26,2026-06-26,498.66
914,Premium,3 month,2025-03-26,2025-06-24,605.06
915,Premium,3 month,2025-08-04,2025-11-02,605.06
916,Premium,3 month,2024-08-11,2024-11-09,483.24
917,Free,3 month,2024-12-02,2025-03-02,0.0
918,Family,Monthly,2024-10-12,2024-11-11,605.06
919,Premium,Monthly,2025-01-05,2025-02-04,605.06
920,Premium,Yearly,2025-03-29,2026-03-29,605.06
921,Premium,Monthly,2024-10-28,2024-11-27,605.06
922,Free,Yearly,2025-08-07,2026-08-07,0.0
923,Family,3 month,2024-09-08,2024-12-07,605.06
924,Family,Monthly,2024-12-17,2025-01-16,610.45
925,Premium,Monthly,2025-06-11,2025-07-11,610.26
926,Free,Yearly,2024-09-27,2025-09-27,0.0
927,Free,Monthly,2025-04-24,2025-05-24,0.0
928,Premium,3 month,2025-02-02,2025-05-03,705.37
929,Free,Monthly,2024-09-05,2024-10-05,0.0
930,Premium,3 month,2025-07-01,2025-09-29,605.06
931,Premium,3 month,2025-06-23,2025-09-21,344.99
932,Premium,3 month,2025-04-02,2025-07-01,605.06
933,Family,Yearly,2025-06-22,2026-06-22,364.71
934,Premium,3 month,2025-01-23,2025-04-23,605.06
935,Premium,3 month,2025-07-23,2025-10-21,605.06
936,Premium,Monthly,2024-12-11,2025-01-10,263.5
937,Free,Yearly,2025-04-16,2026-04-16,0.0
938,Premium,3 month,2024-10-29,2025-01-27,605.06
939,Family,Yearly,2025-05-19,2026-05-19,605.06
940,Free,3 month,2025-03-18,2025-06-16,0.0
941,Premium,3 month,2025-04-18,2025-07-17,605.06
942,Family,Yearly,2025-03-12,2026-03-12,594.45
943,Family,Monthly,2025-04-30,2025-05-30,605.06
944,Family,3 month,2025-02-01,2025-05-02,605.06
945,Premium,3 month,2025-03-01,2025-05-30,502.63
946,Premium,3 month,2024-09-05,2024-12-04,898.67
947,Premium,Yearly,2024-11-17,2025-11-17,575.56
948,Free,Monthly,2025-04-18,2025-05-18,0.0
949,Premium,Yearly,2025-04-07,2026-04-07,605.06
950,Free,Monthly,2024-10-02,2024-11-01,0.0
951,Premium,3 month,2024-08-12,2024-11-10,728.59
952,Premium,Yearly,2024-11-29,2025-11-29,443.42
953,Premium,3 month,2025-01-15,2025-04-15,605.06
954,Family,3 month,2025-01-19,2025-04-19,969.2
955,Family,Yearly,2024-09-25,2025-09-25,605.06
956,Family,3 month,2025-03-29,2025-06-27,605.06
957,Premium,3 month,2024-12-23,2025-03-23,605.06
958,Free,Yearly,2024-11-13,2025-11-13,0.0
959,Family,3 month,2024-10-04,2025-01-02,605.06
960,Premium,Yearly,2024-12-11,2025-12-11,605.06
961,Premium,Monthly,2025-07-14,2025-08-13,666.46
962,Family,Monthly,2025-03-10,2025-04-09,843.78
963,Premium,3 month,2025-05-04,2025-08-02,694.04
964,Family,Yearly,2024-10-16,2025-10-16,951.66
965,Free,3 month,2025-05-18,2025-08-16,0.0
966,Premium,3 month,2024-11-01,2025-01-30,605.06
967,Family,Monthly,2024-09-22,2024-10-22,767.83
968,Family,Monthly,2025-06-23,2025-07-23,605.06
969,Premium,Monthly,2025-05-14,2025-06-13,605.06
970,Family,3 month,2024-12-07,2025-03-07,385.15
971,Free,Yearly,2024-10-27,2025-10-27,0.0
972,Premium,3 month,2025-05-05,2025-08-03,441.81
973,Family,Yearly,2025-05-01,2026-05-01,605.06
974,Free,Yearly,2025-01-05,2026-01-05,0.0
975,Free,Monthly,2024-09-18,2024-10-18,0.0
976,Family,Monthly,2025-07-09,2025-08-08,605.06
977,Free,Monthly,2025-02-12,2025-03-14,0.0
978,Family,Monthly,2025-01-16,2025-02-15,912.22
979,Free,Monthly,2024-09-21,2024-10-21,0.0
980,Family,3 month,2025-01-02,2025-04-02,605.06
981,Free,Yearly,2025-07-07,2026-07-07,0.0
982,Family,Yearly,2025-06-02,2026-06-02,605.06
983,Premium,Yearly,2025-07-04,2026-07-04,539.0
984,Free,3 month,2025-03-08,2025-06-06,0.0
985,Family,Yearly,2025-03-28,2026-03-28,518.2
986,Free,3 month,2025-01-26,2025-04-26,0.0
987,Premium,Yearly,2025-04-13,2026-04-13,605.06
988,Premium,Yearly,2025-02-18,2026-02-18,329.01
989,Premium,Monthly,2025-05-05,2025-06-04,605.06
990,Premium,Monthly,2024-09-02,2024-10-02,605.06
991,Premium,3 month,2024-09-29,2024-12-28,605.06
992,Premium,Monthly,2025-01-26,2025-02-25,900.74
993,Premium,Yearly,2025-02-15,2026-02-15,605.06
994,Premium,Monthly,2025-03-21,2025-04-20,605.06
995,Free,Monthly,2024-12-17,2025-01-16,0.0
996,Family,Monthly,2024-09-08,2024-10-08,916.43
997,Premium,Monthly,2025-02-05,2025-03-07,605.06
998,Premium,Yearly,2024-12-17,2025-12-17,605.06
999,Free,Monthly,2025-05-25,2025-06-24,0.0
1000,Free,Yearly,2025-06-12,2026-06-12,0.0
1001,Premium,Monthly,2025-02-25,2025-03-27,605.06
1002,Family,3 month,2025-06-04,2025-09-02,573.86
1003,Free,Yearly,2024-10-14,2025-10-14,0.0
1004,Family,Yearly,2025-02-02,2026-02-02,605.06
1005,Premium,3 month,2025-01-10,2025-04-10,605.06
1006,Premium,3 month,2025-03-03,2025-06-01,825.25
1007,Free,3 month,2025-08-09,2025-11-07,0.0
1008,Family,3 month,2025-07-31,2025-10-29,605.06
1009,Family,Monthly,2024-12-17,2025-01-16,605.06
1010,Premium,Monthly,2025-01-02,2025-02-01,613.28
1011,Free,3 month,2024-12-28,2025-03-28,0.0
1012,Premium,Yearly,2025-06-06,2026-06-06,605.06
1013,Family,Monthly,2025-07-20,2025-08-19,698.07
1014,Premium,Yearly,2025-01-10,2026-01-10,333.56
1015,Premium,Yearly,2025-05-18,2026-05-18,605.06
1016,Family,Monthly,2025-07-09,2025-08-08,605.06
1017,Premium,Yearly,2025-06-27,2026-06-27,605.06
1018,Family,Monthly,2024-11-08,2024-12-08,605.06
1019,Free,3 month,2025-05-08,2025-08-06,0.0
1020,Premium,Yearly,2025-03-04,2026-03-04,605.06
1021,Premium,3 month,2025-01-15,2025-04-15,605.06
1022,Family,Yearly,2024-08-15,2025-08-15,555.26
1023,Free,Yearly,2025-02-22,2026-02-22,0.0
1024,Premium,Monthly,2025-04-17,2025-05-17,605.06
1025,Family,3 month,2025-08-09,2025-11-07,423.23
1026,Premium,Monthly,2024-09-16,2024-10-16,861.89
1027,Free,Monthly,2025-01-30,2025-03-01,0.0
1028,Premium,3 month,2024-08-11,2024-11-09,605.06
1029,Free,3 month,2025-02-19,2025-05-20,0.0
1030,Premium,Monthly,2025-04-23,2025-05-23,605.06
1031,Family,3 month,2025-03-22,2025-06-20,605.06
1032,Free,3 month,2025-06-19,2025-09-17,0.0
1033,Premium,Monthly,2025-05-15,2025-06-14,450.02
1034,Premium,Monthly,2024-10-28,2024-11-27,605.06
1035,Family,Monthly,2024-10-16,2024-11-15,605.06
1036,Premium,Yearly,2024-10-15,2025-10-15,692.81
1037,Premium,3 month,2025-03-28,2025-06-26,605.06
1038,Premium,Monthly,2025-02-11,2025-03-13,554.79
1039,Family,3 month,2025-02-21,2025-05-22,605.06
1040,Premium,3 month,2024-10-02,2024-12-31,605.06
1041,Family,Monthly,2024-12-19,2025-01-18,760.61
1042,Free,3 month,2025-04-19,2025-07-18,0.0
1043,Free,Monthly,2025-05-08,2025-06-07,0.0
1044,Premium,Monthly,2025-05-08,2025-06-07,849.49
1045,Free,Monthly,2025-06-17,2025-07-17,0.0
1046,Family,Yearly,2025-02-04,2026-02-04,605.06
1047,Family,3 month,2024-12-04,2025-03-04,605.06
1048,Premium,Yearly,2025-06-05,2026-06-05,605.06
1049,Premium,Yearly,2025-04-10,2026-04-10,605.06
1050,Premium,Yearly,2024-11-07,2025-11-07,605.06
1051,Premium,Yearly,2025-01-11,2026-01-11,605.06
1052,Premium,Monthly,2025-05-30,2025-06-29,605.06
1053,Family,Yearly,2025-05-14,2026-05-14,495.91
1054,Free,3 month,2025-01-17,2025-04-17,0.0
1055,Premium,Yearly,2025-03-28,2026-03-28,248.14
1056,Free,Yearly,2024-11-12,2025-11-12,0.0
1057,Free,Monthly,2025-02-01,2025-03-03,0.0
1058,Family,Monthly,2024-08-09,2024-09-08,531.19
1059,Premium,Monthly,2024-11-20,2024-12-20,605.06
1060,Free,Yearly,2025-01-21,2026-01-21,0.0
1061,Family,Monthly,2025-05-23,2025-06-22,605.06
1062,Premium,3 month,2024-10-29,2025-01-27,621.12
1063,Premium,Yearly,2025-04-18,2026-04-18,916.52
1064,Family,3 month,2024-08-31,2024-11-29,605.06
1065,Premium,Yearly,2025-03-23,2026-03-23,605.06
1066,Family,Yearly,2025-07-28,2026-07-28,605.06
1067,Premium,Yearly,2025-07-12,2026-07-12,558.66
1068,Family,3 month,2025-04-08,2025-07-07,392.39
1069,Premium,Yearly,2024-09-08,2025-09-08,672.78
1070,Premium,Yearly,2025-03-14,2026-03-14,605.06
1071,Premium,Yearly,2025-01-03,2026-01-03,652.58
1072,Premium,Yearly,2024-11-30,2025-11-30,605.06
1073,Premium,Monthly,2025-03-23,2025-04-22,293.82
1074,Free,Monthly,2025-04-18,2025-05-18,0.0
1075,Family,Monthly,2024-11-27,2024-12-27,605.06
1076,Premium,Yearly,2024-10-10,2025-10-10,605.06
1077,Free,3 month,2025-01-03,2025-04-03,0.0
1078,Family,Yearly,2025-03-24,2026-03-24,635.7
1079,Free,3 month,2024-09-09,2024-12-08,0.0
1080,Family,3 month,2024-08-11,2024-11-09,605.06
1081,Premium,Yearly,2024-11-15,2025-11-15,605.06
1082,Free,Yearly,2025-03-19,2026-03-19,0.0
1083,Premium,Yearly,2024-12-12,2025-12-12,734.32
1084,Family,Yearly,2025-04-20,2026-04-20,605.06
1085,Premium,Monthly,2025-02-13,2025-03-15,605.06
1086,Free,3 month,2024-11-07,2025-02-05,0.0
1087,Premium,3 month,2024-09-26,2024-12-25,634.94
1088,Free,3 month,2025-01-14,2025-04-14,0.0
1089,Premium,3 month,2025-03-25,2025-06-23,605.06
1090,Family,3 month,2025-07-16,2025-10-14,605.06
1091,Premium,Monthly,2024-10-10,2024-11-09,432.16
1092,Free,Yearly,2025-01-13,2026-01-13,0.0
1093,Family,3 month,2025-06-05,2025-09-03,605.06
1094,Premium,Monthly,2025-04-18,2025-05-18,825.41
1095,Premium,Yearly,2025-07-01,2026-07-01,678.67
1096,Premium,3 month,2024-11-15,2025-02-13,605.06
1097,Family,Yearly,2024-10-12,2025-10-12,605.06
1098,Free,Monthly,2025-06-30,2025-07-30,0.0
1099,Free,3 month,2025-05-05,2025-08-03,0.0
1100,Family,3 month,2025-05-27,2025-08-25,605.06
1101,Free,Monthly,2025-03-12,2025-04-11,0.0
1102,Free,3 month,2025-02-09,2025-05-10,0.0
1103,Free,3 month,2025-02-28,2025-05-29,0.0
1104,Family,Yearly,2025-04-23,2026-04-23,732.35
1105,Premium,Monthly,2025-05-24,2025-06-23,605.06
1106,Premium,3 month,2025-06-12,2025-09-10,605.06
1107,Family,Monthly,2024-11-12,2024-12-12,501.16
1108,Free,Monthly,2025-03-07,2025-04-06,0.0
1109,Free,Yearly,2025-05-25,2026-05-25,0.0
1110,Premium,Yearly,2024-11-28,2025-11-28,605.06
1111,Premium,3 month,2025-02-10,2025-05-11,924.09
1112,Premium,Monthly,2025-02-04,2025-03-06,605.06
1113,Free,Yearly,2025-05-14,2026-05-14,0.0
1114,Free,Monthly,2025-05-27,2025-06-26,0.0
1115,Family,Yearly,2024-09-06,2025-09-06,605.06
1116,Family,Monthly,2025-03-15,2025-04-14,752.91
1117,Premium,3 month,2024-12-11,2025-03-11,605.06
1118,Free,Yearly,2025-06-25,2026-06-25,0.0
1119,Premium,Yearly,2024-11-26,2025-11-26,605.06
1120,Family,3 month,2024-08-21,2024-11-19,963.11
1121,Family,3 month,2025-08-09,2025-11-07,605.06
1122,Premium,Yearly,2024-10-11,2025-10-11,605.06
1123,Premium,Yearly,2025-03-28,2026-03-28,964.86
1124,Premium,3 month,2025-06-28,2025-09-26,605.06
1125,Premium,Yearly,2024-10-17,2025-10-17,605.06
1126,Family,Monthly,2025-05-05,2025-06-04,605.06
1127,Premium,3 month,2024-10-08,2025-01-06,235.86
1128,Premium,Yearly,2024-08-22,2025-08-22,721.93
1129,Free,Yearly,2024-12-18,2025-12-18,0.0
1130,Premium,Monthly,2024-11-08,2024-12-08,605.06
1131,Premium,3 month,2025-03-02,2025-05-31,605.06
1132,Premium,3 month,2025-02-24,2025-05-25,764.39
1133,Free,3 month,2025-07-31,2025-10-29,0.0
1134,Free,3 month,2024-12-30,2025-03-30,0.0
1135,Premium,Yearly,2025-04-10,2026-04-10,605.06
1136,Free,3 month,2025-01-19,2025-04-19,0.0
1137,Premium,Yearly,2024-12-23,2025-12-23,516.3
1138,Premium,3 month,2024-08-30,2024-11-28,605.06
1139,Premium,3 month,2024-11-24,2025-02-22,605.06
1140,Premium,Yearly,2025-08-02,2026-08-02,503.67
1141,Premium,Yearly,2024-12-02,2025-12-02,605.06
1142,Premium,Yearly,2025-06-16,2026-06-16,475.27
1143,Premium,Yearly,2025-01-26,2026-01-26,490.87
1144,Family,3 month,2024-10-11,2025-01-09,605.06
1145,Family,Monthly,2024-11-11,2024-12-11,456.07
1146,Free,Monthly,2025-03-13,2025-04-12,0.0
1147,Premium,Yearly,2025-03-06,2026-03-06,804.0
1148,Premium,Monthly,2025-05-02,2025-06-01,852.34
1149,Premium,3 month,2024-11-21,2025-02-19,605.06
1150,Premium,Yearly,2025-01-07,2026-01-07,549.83
1151,Premium,Yearly,2025-01-11,2026-01-11,605.06
1152,Free,3 month,2024-08-21,2024-11-19,0.0
1153,Premium,3 month,2025-05-24,2025-08-22,738.4
1154,Premium,3 month,2024-08-10,2024-11-08,605.06
1155,Premium,3 month,2024-09-18,2024-12-17,605.06
1156,Family,Monthly,2025-03-30,2025-04-29,605.06
1157,Premium,Monthly,2025-03-22,2025-04-21,605.06
1158,Family,Yearly,2025-05-02,2026-05-02,605.06
1159,Family,3 month,2024-12-27,2025-03-27,720.07
1160,Family,Yearly,2025-03-15,2026-03-15,605.06
1161,Free,Monthly,2024-09-01,2024-10-01,0.0
1162,Premium,3 month,2025-05-07,2025-08-05,605.06
1163,Premium,Monthly,2024-11-16,2024-12-16,937.97
1164,Free,3 month,2025-03-29,2025-06-27,0.0
1165,Premium,Monthly,2024-12-11,2025-01-10,951.64
1166,Family,3 month,2025-02-15,2025-05-16,605.06
1167,Premium,Yearly,2024-09-08,2025-09-08,605.06
1168,Family,Monthly,2024-10-13,2024-11-12,518.73
1169,Free,Monthly,2024-09-05,2024-10-05,0.0
1170,Premium,Monthly,2024-12-07,2025-01-06,605.06
1171,Family,Yearly,2025-04-16,2026-04-16,527.64
1172,Free,Monthly,2025-06-01,2025-07-01,0.0
1173,Free,3 month,2024-12-12,2025-03-12,0.0
1174,Free,3 month,2025-07-03,2025-10-01,0.0
1175,Family,Yearly,2025-03-24,2026-03-24,963.64
1176,Premium,Yearly,2025-01-07,2026-01-07,605.06
1177,Premium,Monthly,2025-08-09,2025-09-08,605.06
1178,Premium,Yearly,2025-08-03,2026-08-03,605.06
1179,Premium,Yearly,2025-05-16,2026-05-16,605.06
1180,Free,Monthly,2024-08-31,2024-09-30,0.0
1181,Free,Yearly,2024-12-11,2025-12-11,0.0
1182,Premium,Yearly,2025-08-01,2026-08-01,605.06
1183,Family,Monthly,2024-09-08,2024-10-08,209.53
1184,Premium,Monthly,2025-07-29,2025-08-28,667.7
1185,Premium,Monthly,2024-09-19,2024-10-19,605.06
1186,Premium,3 month,2025-01-06,2025-04-06,603.15
1187,Premium,Yearly,2024-11-06,2025-11-06,605.06
1188,Premium,Yearly,2024-11-06,2025-11-06,491.72
1189,Premium,Yearly,2025-03-01,2026-03-01,929.2
1190,Family,3 month,2024-08-16,2024-11-14,605.06
1191,Free,3 month,2024-11-12,2025-02-10,0.0
1192,Premium,3 month,2025-05-05,2025-08-03,605.06
1193,Premium,Monthly,2025-02-04,2025-03-06,605.06
1194,Free,Monthly,2025-07-14,2025-08-13,0.0
1195,Premium,3 month,2025-08-01,2025-10-30,411.96
1196,Free,3 month,2024-11-01,2025-01-30,0.0
1197,Premium,3 month,2024-10-16,2025-01-14,286.14
1198,Free,Monthly,2024-11-02,2024-12-02,0.0
1199,Premium,Monthly,2024-10-23,2024-11-22,605.06
1200,Free,Monthly,2024-11-08,2024-12-08,0.0
1201,Family,Monthly,2024-12-26,2025-01-25,605.06
1202,Premium,Yearly,2025-01-24,2026-01-24,918.8
1203,Premium,Monthly,2025-02-21,2025-03-23,605.06
1204,Premium,3 month,2025-04-15,2025-07-14,605.06
1205,Premium,3 month,2024-11-06,2025-02-04,894.04
1206,Premium,Yearly,2024-09-04,2025-09-04,720.78
1207,Free,3 month,2025-05-22,2025-08-20,0.0
1208,Free,Yearly,2025-04-07,2026-04-07,0.0
1209,Premium,3 month,2024-12-10,2025-03-10,748.0
1210,Premium,Yearly,2025-05-22,2026-05-22,605.06
1211,Premium,Monthly,2025-01-26,2025-02-25,605.06
1212,Premium,Monthly,2025-03-13,2025-04-12,605.06
1213,Family,Monthly,2024-08-26,2024-09-25,214.24
1214,Premium,3 month,2025-02-01,2025-05-02,685.74
1215,Family,Yearly,2024-08-20,2025-08-20,605.06
1216,Premium,Yearly,2025-01-07,2026-01-07,514.06
1217,Free,Monthly,2025-01-01,2025-01-31,0.0
1218,Family,Monthly,2025-05-09,2025-06-08,605.06
1219,Premium,Yearly,2025-03-16,2026-03-16,605.06
1220,Free,Yearly,2024-09-13,2025-09-13,0.0
1221,Premium,Monthly,2025-06-16,2025-07-16,605.06
1222,Family,Monthly,2025-05-02,2025-06-01,605.06
1223,Free,3 month,2024-10-18,2025-01-16,0.0
1224,Premium,Monthly,2025-03-11,2025-04-10,605.06
1225,Premium,3 month,2025-07-07,2025-10-05,780.4
1226,Premium,3 month,2025-07-30,2025-10-28,232.86
1227,Premium,3 month,2025-08-08,2025-11-06,596.4
1228,Free,Yearly,2025-06-08,2026-06-08,0.0
1229,Premium,Yearly,2025-03-24,2026-03-24,605.06
1230,Premium,3 month,2025-04-24,2025-07-23,605.06
1231,Free,Yearly,2025-03-03,2026-03-03,0.0
1232,Family,Yearly,2024-08-09,2025-08-09,392.55
1233,Premium,3 month,2024-09-19,2024-12-18,222.86
1234,Premium,Yearly,2024-12-08,2025-12-08,605.06
1235,Free,Monthly,2024-10-08,2024-11-07,0.0
1236,Premium,Monthly,2025-07-01,2025-07-31,335.77
1237,Family,3 month,2024-12-28,2025-03-28,605.06
1238,Premium,Yearly,2024-09-16,2025-09-16,605.06
1239,Free,Yearly,2025-07-29,2026-07-29,0.0
1240,Free,Yearly,2024-10-02,2025-10-02,0.0
1241,Free,Yearly,2024-12-10,2025-12-10,0.0
1242,Premium,3 month,2024-08-11,2024-11-09,674.27
1243,Premium,3 month,2025-03-30,2025-06-28,564.61
1244,Family,3 month,2025-02-11,2025-05-12,605.06
1245,Free,Monthly,2025-03-20,2025-04-19,0.0
1246,Family,Monthly,2025-03-22,2025-04-21,605.06
1247,Premium,3 month,2025-05-11,2025-08-09,605.06
1248,Family,Yearly,2025-05-03,2026-05-03,605.06
1249,Premium,Monthly,2025-03-24,2025-04-23,605.06
1250,Family,Monthly,2025-06-22,2025-07-22,605.06
1251,Free,Yearly,2024-09-10,2025-09-10,0.0
1252,Premium,Yearly,2025-05-10,2026-05-10,605.06
1253,Free,Monthly,2025-07-10,2025-08-09,0.0
1254,Premium,Yearly,2024-10-30,2025-10-30,897.78
1255,Family,3 month,2025-03-20,2025-06-18,605.06
1256,Free,Monthly,2024-12-19,2025-01-18,0.0
1257,Premium,Yearly,2024-12-25,2025-12-25,605.06
1258,Free,3 month,2024-11-05,2025-02-03,0.0
1259,Premium,Yearly,2024-12-05,2025-12-05,442.55
1260,Premium,Yearly,2025-02-21,2026-02-21,605.06
1261,Free,3 month,2025-05-15,2025-08-13,0.0
1262,Premium,Monthly,2024-12-28,2025-01-27,605.06
1263,Free,3 month,2025-06-25,2025-09-23,0.0
1264,Premium,Yearly,2024-11-26,2025-11-26,605.06
1265,Free,3 month,2024-11-21,2025-02-19,0.0
1266,Premium,Yearly,2025-01-23,2026-01-23,605.06
1267,Free,Monthly,2025-08-04,2025-09-03,0.0
1268,Free,Yearly,2025-05-02,2026-05-02,0.0
1269,Family,Yearly,2025-06-20,2026-06-20,320.69
1270,Premium,3 month,2025-04-11,2025-07-10,914.46
1271,Family,3 month,2024-10-19,2025-01-17,619.26
1272,Free,3 month,2024-10-30,2025-01-28,0.0
1273,Premium,Yearly,2025-07-22,2026-07-22,605.06
1274,Family,3 month,2025-06-24,2025-09-22,605.06
1275,Family,3 month,2024-12-09,2025-03-09,605.06
1276,Premium,Monthly,2025-02-03,2025-03-05,605.06
1277,Premium,Monthly,2025-02-09,2025-03-11,605.06
1278,Premium,3 month,2025-02-26,2025-05-27,605.06
1279,Premium,Monthly,2025-04-30,2025-05-30,605.06
1280,Free,Yearly,2025-05-03,2026-05-03,0.0
1281,Premium,3 month,2025-02-20,2025-05-21,500.78
1282,Free,Monthly,2025-05-08,2025-06-07,0.0
1283,Premium,3 month,2025-04-05,2025-07-04,331.6
1284,Family,3 month,2025-07-09,2025-10-07,637.03
1285,Premium,3 month,2025-07-30,2025-10-28,605.06
1286,Premium,Monthly,2025-04-15,2025-05-15,605.06
1287,Premium,Yearly,2025-03-17,2026-03-17,605.06
1288,Free,Monthly,2024-10-23,2024-11-22,0.0
1289,Premium,Monthly,2024-08-10,2024-09-09,605.06
1290,Premium,3 month,2025-02-15,2025-05-16,691.21
1291,Premium,Yearly,2024-10-04,2025-10-04,605.06
1292,Family,Monthly,2025-02-17,2025-03-19,909.58
1293,Free,Monthly,2024-11-06,2024-12-06,0.0
1294,Family,Monthly,2024-10-08,2024-11-07,605.06
1295,Premium,3 month,2024-11-30,2025-02-28,605.06
1296,Free,Yearly,2024-11-11,2025-11-11,0.0
1297,Premium,Yearly,2025-07-16,2026-07-16,390.6
1298,Free,Monthly,2024-09-10,2024-10-10,0.0
1299,Free,3 month,2025-03-21,2025-06-19,0.0
1300,Premium,Monthly,2025-05-09,2025-06-08,605.06
1301,Free,3 month,2025-06-18,2025-09-16,0.0
1302,Premium,Monthly,2025-01-10,2025-02-09,605.06
1303,Free,Yearly,2024-12-29,2025-12-29,0.0
1304,Family,Monthly,2025-02-25,2025-03-27,605.06
1305,Family,Monthly,2024-11-25,2024-12-25,605.06
1306,Family,Yearly,2024-12-15,2025-12-15,838.01
1307,Premium,Monthly,2025-02-12,2025-03-14,684.99
1308,Premium,3 month,2025-08-04,2025-11-02,584.66
1309,Premium,3 month,2024-11-01,2025-01-30,605.06
1310,Family,Yearly,2025-02-04,2026-02-04,605.06
1311,Premium,Yearly,2025-06-28,2026-06-28,605.06
1312,Free,Monthly,2025-04-06,2025-05-06,0.0
1313,Family,Yearly,2025-08-03,2026-08-03,605.06
1314,Free,Monthly,2025-03-22,2025-04-21,0.0
1315,Family,3 month,2025-03-09,2025-06-07,605.06
1316,Premium,Yearly,2025-03-24,2026-03-24,540.47
1317,Premium,3 month,2024-10-06,2025-01-04,605.06
1318,Family,Yearly,2025-07-29,2026-07-29,605.06
1319,Family,Monthly,2024-11-19,2024-12-19,605.06
1320,Free,3 month,2025-03-31,2025-06-29,0.0
1321,Premium,Yearly,2025-01-09,2026-01-09,605.06
1322,Premium,Yearly,2025-05-02,2026-05-02,438.06
1323,Family,Monthly,2024-09-04,2024-10-04,605.06
1324,Family,3 month,2025-04-28,2025-07-27,605.06
1325,Premium,Monthly,2025-07-01,2025-07-31,800.52
1326,Free,3 month,2024-08-27,2024-11-25,0.0
1327,Premium,Yearly,2025-02-09,2026-02-09,605.06
1328,Premium,3 month,2024-12-03,2025-03-03,266.5
1329,Premium,Yearly,2025-02-28,2026-02-28,341.22
1330,Family,Monthly,2025-07-03,2025-08-02,923.84
1331,Premium,Monthly,2025-04-12,2025-05-12,925.63
1332,Premium,Yearly,2025-01-22,2026-01-22,605.06
1333,Free,Yearly,2025-04-05,2026-04-05,0.0
1334,Premium,3 month,2025-02-06,2025-05-07,605.06
1335,Premium,3 month,2024-11-23,2025-02-21,337.02
1336,Premium,3 month,2025-01-31,2025-05-01,605.06
1337,Premium,3 month,2025-04-12,2025-07-11,915.3
1338,Premium,Monthly,2025-06-05,2025-07-05,605.06
1339,Family,Monthly,2024-11-20,2024-12-20,605.06
1340,Premium,3 month,2024-09-01,2024-11-30,965.08
1341,Family,Yearly,2024-09-05,2025-09-05,787.34
1342,Family,Monthly,2024-12-01,2024-12-31,942.32
1343,Premium,Monthly,2024-10-20,2024-11-19,605.06
1344,Free,Yearly,2024-08-13,2025-08-13,0.0
1345,Premium,3 month,2025-04-05,2025-07-04,605.06
1346,Family,Yearly,2025-05-21,2026-05-21,605.06
1347,Premium,Yearly,2024-10-12,2025-10-12,605.06
1348,Premium,3 month,2025-07-19,2025-10-17,605.06
1349,Premium,3 month,2024-10-19,2025-01-17,492.13
1350,Free,3 month,2024-08-14,2024-11-12,0.0
1351,Premium,3 month,2024-10-14,2025-01-12,220.93
1352,Premium,Monthly,2025-08-07,2025-09-06,605.06
1353,Family,Monthly,2024-08-27,2024-09-26,605.06
1354,Free,3 month,2024-08-25,2024-11-23,0.0
1355,Family,Monthly,2024-09-22,2024-10-22,605.06
1356,Premium,3 month,2025-01-26,2025-04-26,605.06
1357,Free,3 month,2025-02-04,2025-05-05,0.0
1358,Premium,Yearly,2025-05-11,2026-05-11,605.06
1359,Family,3 month,2025-06-18,2025-09-16,537.43
1360,Free,Yearly,2024-10-10,2025-10-10,0.0
1361,Premium,Monthly,2024-11-28,2024-12-28,737.37
1362,Free,Monthly,2025-05-22,2025-06-21,0.0
1363,Free,Yearly,2025-06-16,2026-06-16,0.0
1364,Family,Monthly,2025-02-15,2025-03-17,605.06
1365,Free,3 month,2025-01-05,2025-04-05,0.0
1366,Free,3 month,2025-07-03,2025-10-01,0.0
1367,Family,Yearly,2025-06-30,2026-06-30,605.06
1368,Premium,3 month,2024-08-12,2024-11-10,533.04
1369,Premium,3 month,2025-07-19,2025-10-17,883.74
1370,Premium,3 month,2025-07-30,2025-10-28,605.06
1371,Family,Yearly,2024-12-10,2025-12-10,757.88
1372,Premium,Yearly,2024-08-10,2025-08-10,605.06
1373,Premium,3 month,2024-11-21,2025-02-19,605.06
1374,Premium,Monthly,2025-02-15,2025-03-17,605.06
1375,Family,3 month,2025-01-13,2025-04-13,566.91
1376,Family,3 month,2024-09-25,2024-12-24,954.33
1377,Free,Yearly,2025-01-25,2026-01-25,0.0
1378,Family,3 month,2025-03-21,2025-06-19,605.06
1379,Family,3 month,2025-04-04,2025-07-03,605.06
1380,Free,Yearly,2025-02-18,2026-02-18,0.0
1381,Free,3 month,2025-07-16,2025-10-14,0.0
1382,Family,Yearly,2024-12-16,2025-12-16,605.06
1383,Premium,Monthly,2025-05-08,2025-06-07,375.88
1384,Free,3 month,2025-06-02,2025-08-31,0.0
1385,Premium,3 month,2025-07-09,2025-10-07,605.06
1386,Free,3 month,2025-07-18,2025-10-16,0.0
1387,Free,Yearly,2025-04-14,2026-04-14,0.0
1388,Premium,Monthly,2025-04-10,2025-05-10,547.42
1389,Premium,3 month,2024-09-30,2024-12-29,368.82
1390,Family,3 month,2025-07-02,2025-09-30,605.06
1391,Free,3 month,2025-05-12,2025-08-10,0.0
1392,Family,3 month,2025-07-21,2025-10-19,605.06
1393,Free,Yearly,2025-06-15,2026-06-15,0.0
1394,Premium,3 month,2025-06-04,2025-09-02,605.06
1395,Family,Yearly,2024-09-21,2025-09-21,605.06
1396,Free,Yearly,2025-05-04,2026-05-04,0.0
1397,Premium,Yearly,2025-05-15,2026-05-15,605.06
1398,Family,Yearly,2024-10-04,2025-10-04,387.25
1399,Family,3 month,2025-06-05,2025-09-03,605.06
1400,Premium,Yearly,2025-01-11,2026-01-11,605.06
1401,Premium,Yearly,2025-02-28,2026-02-28,884.18
1402,Premium,Monthly,2024-11-13,2024-12-13,907.13
1403,Premium,3 month,2024-10-03,2025-01-01,409.58
1404,Free,3 month,2025-08-05,2025-11-03,0.0
1405,Premium,Monthly,2024-11-16,2024-12-16,605.06
1406,Free,3 month,2025-07-10,2025-10-08,0.0
1407,Free,3 month,2025-05-02,2025-07-31,0.0
1408,Premium,Yearly,2024-12-13,2025-12-13,848.29
1409,Family,3 month,2025-04-12,2025-07-11,605.06
1410,Premium,Yearly,2025-01-25,2026-01-25,485.88
1411,Free,Yearly,2025-07-02,2026-07-02,0.0
1412,Free,Monthly,2025-06-10,2025-07-10,0.0
1413,Family,Yearly,2025-04-13,2026-04-13,605.06
1414,Premium,3 month,2025-02-23,2025-05-24,396.63
1415,Premium,Monthly,2025-02-20,2025-03-22,605.06
1416,Free,Monthly,2024-12-14,2025-01-13,0.0
1417,Free,Monthly,2024-11-11,2024-12-11,0.0
1418,Free,Yearly,2025-07-01,2026-07-01,0.0
1419,Premium,Yearly,2025-01-23,2026-01-23,605.06
1420,Free,3 month,2025-08-03,2025-11-01,0.0
1421,Family,Yearly,2025-03-03,2026-03-03,284.98
1422,Family,Yearly,2025-03-17,2026-03-17,605.06
1423,Family,3 month,2024-08-22,2024-11-20,605.06
1424,Premium,Yearly,2025-01-27,2026-01-27,605.06
1425,Premium,3 month,2025-05-20,2025-08-18,605.06
1426,Free,Yearly,2025-05-28,2026-05-28,0.0
1427,Premium,Yearly,2024-12-20,2025-12-20,605.06
1428,Free,3 month,2024-10-12,2025-01-10,0.0
1429,Premium,3 month,2025-03-05,2025-06-03,605.06
1430,Free,3 month,2024-08-18,2024-11-16,0.0
1431,Free,3 month,2025-06-22,2025-09-20,0.0
1432,Premium,3 month,2025-06-13,2025-09-11,442.75
1433,Family,Yearly,2025-05-12,2026-05-12,231.64
1434,Family,Yearly,2025-01-18,2026-01-18,702.35
1435,Family,Monthly,2025-08-05,2025-09-04,605.06
1436,Premium,3 month,2025-06-14,2025-09-12,605.06
1437,Premium,3 month,2025-02-12,2025-05-13,605.06
1438,Premium,3 month,2025-07-25,2025-10-23,605.06
1439,Premium,Monthly,2025-05-03,2025-06-02,605.06
1440,Premium,Monthly,2024-09-27,2024-10-27,753.54
1441,Premium,Yearly,2025-06-03,2026-06-03,605.06
1442,Family,Yearly,2025-03-21,2026-03-21,605.06
1443,Free,Yearly,2025-06-11,2026-06-11,0.0
1444,Premium,Monthly,2025-02-05,2025-03-07,572.63
1445,Family,Yearly,2025-06-10,2026-06-10,471.96
1446,Family,3 month,2025-01-27,2025-04-27,625.02
1447,Family,3 month,2025-03-11,2025-06-09,605.06
1448,Family,Yearly,2025-06-25,2026-06-25,605.06
1449,Free,3 month,2025-06-20,2025-09-18,0.0
1450,Free,3 month,2024-08-31,2024-11-29,0.0
1451,Premium,Yearly,2025-02-14,2026-02-14,605.06
1452,Premium,Yearly,2024-11-11,2025-11-11,738.89
1453,Free,Monthly,2024-12-04,2025-01-03,0.0
1454,Premium,Yearly,2025-07-18,2026-07-18,605.06
1455,Family,Yearly,2025-04-17,2026-04-17,480.14
1456,Free,3 month,2025-07-23,2025-10-21,0.0
1457,Family,Yearly,2025-06-23,2026-06-23,935.25
1458,Premium,Monthly,2025-01-19,2025-02-18,605.06
1459,Premium,Monthly,2025-04-19,2025-05-19,605.06
1460,Family,3 month,2025-05-12,2025-08-10,605.06
1461,Premium,Yearly,2024-09-17,2025-09-17,605.06
1462,Premium,3 month,2025-04-22,2025-07-21,605.06
1463,Premium,3 month,2025-01-16,2025-04-16,605.06
1464,Free,3 month,2025-05-04,2025-08-02,0.0
1465,Premium,Monthly,2025-02-12,2025-03-14,605.06
1466,Premium,Yearly,2024-11-29,2025-11-29,760.28
1467,Family,3 month,2025-04-19,2025-07-18,605.06
1468,Family,Monthly,2025-01-28,2025-02-27,916.23
1469,Family,Yearly,2025-05-18,2026-05-18,605.06
1470,Premium,Yearly,2025-05-20,2026-05-20,605.06
1471,Premium,3 month,2024-12-25,2025-03-25,605.06
1472,Premium,3 month,2025-06-03,2025-09-01,605.06
1473,Free,3 month,2025-02-27,2025-05-28,0.0
1474,Family,3 month,2025-05-16,2025-08-14,605.06
1475,Family,Monthly,2025-07-18,2025-08-17,434.74
1476,Family,Monthly,2025-02-27,2025-03-29,453.47
1477,Family,Yearly,2025-02-04,2026-02-04,605.06
1478,Free,3 month,2024-09-04,2024-12-03,0.0
1479,Premium,Monthly,2025-02-11,2025-03-13,605.06
1480,Premium,Yearly,2025-03-02,2026-03-02,370.06
1481,Free,Yearly,2025-04-17,2026-04-17,0.0
1482,Premium,Yearly,2025-03-31,2026-03-31,605.06
1483,Premium,Yearly,2024-11-28,2025-11-28,605.06
1484,Premium,Monthly,2025-01-11,2025-02-10,605.06
1485,Free,3 month,2025-05-08,2025-08-06,0.0
1486,Premium,Yearly,2024-09-22,2025-09-22,605.06
1487,Free,3 month,2024-09-14,2024-12-13,0.0
1488,Free,Yearly,2024-09-29,2025-09-29,0.0
1489,Family,Monthly,2025-01-21,2025-02-20,605.06
1490,Premium,Yearly,2024-11-06,2025-11-06,605.06
1491,Premium,3 month,2024-09-07,2024-12-06,605.06
1492,Free,Yearly,2025-06-06,2026-06-06,0.0
1493,Family,Monthly,2025-03-15,2025-04-14,925.42
1494,Family,Yearly,2024-11-11,2025-11-11,605.06
1495,Free,Monthly,2025-03-19,2025-04-18,0.0
1496,Premium,Yearly,2025-01-22,2026-01-22,964.95
1497,Family,Yearly,2024-09-14,2025-09-14,354.61
1498,Premium,Monthly,2025-05-22,2025-06-21,605.06
1499,Premium,Yearly,2025-04-08,2026-04-08,790.99
1500,Family,3 month,2024-12-11,2025-03-11,605.06
1501,Premium,Monthly,2024-11-07,2024-12-07,612.65
1502,Free,Yearly,2025-04-25,2026-04-25,0.0
1503,Free,Yearly,2024-10-11,2025-10-11,0.0
1504,Free,Yearly,2025-06-07,2026-06-07,0.0
1505,Premium,Yearly,2025-05-20,2026-05-20,605.06
1506,Free,Yearly,2025-06-05,2026-06-05,0.0
1507,Premium,Yearly,2025-07-28,2026-07-28,605.06
1508,Premium,Monthly,2025-04-06,2025-05-06,605.06
1509,Premium,Yearly,2025-07-07,2026-07-07,605.06
1510,Premium,Monthly,2025-07-31,2025-08-30,605.06
1511,Premium,Yearly,2024-11-09,2025-11-09,343.7
1512,Free,3 month,2025-03-19,2025-06-17,0.0
1513,Premium,3 month,2025-01-23,2025-04-23,440.62
1514,Free,3 month,2024-12-27,2025-03-27,0.0
1515,Free,3 month,2024-11-26,2025-02-24,0.0
1516,Family,Monthly,2025-04-22,2025-05-22,605.06
1517,Premium,Monthly,2024-10-27,2024-11-26,886.02
1518,Family,Monthly,2024-11-19,2024-12-19,605.06
1519,Family,Yearly,2025-02-08,2026-02-08,942.15
1520,Family,3 month,2025-02-15,2025-05-16,605.06
1521,Free,Monthly,2025-05-31,2025-06-30,0.0
1522,Free,Monthly,2025-01-05,2025-02-04,0.0
1523,Family,Monthly,2025-04-17,2025-05-17,295.47
1524,Premium,3 month,2025-07-16,2025-10-14,605.06
1525,Free,Monthly,2024-11-17,2024-12-17,0.0
1526,Family,3 month,2024-12-08,2025-03-08,927.5
1527,Free,3 month,2025-04-26,2025-07-25,0.0
1528,Premium,3 month,2025-06-02,2025-08-31,605.06
1529,Premium,Yearly,2024-09-01,2025-09-01,964.23
1530,Premium,Yearly,2024-12-16,2025-12-16,605.06
1531,Free,3 month,2025-01-24,2025-04-24,0.0
1532,Premium,Yearly,2024-11-15,2025-11-15,854.17
1533,Family,Monthly,2025-04-09,2025-05-09,605.06
1534,Family,Monthly,2024-10-24,2024-11-23,659.08
1535,Premium,Monthly,2024-10-26,2024-11-25,605.06
1536,Premium,Yearly,2025-07-11,2026-07-11,605.06
1537,Premium,Monthly,2025-02-09,2025-03-11,605.06
1538,Premium,3 month,2025-03-16,2025-06-14,605.06
1539,Free,Yearly,2024-08-11,2025-08-11,0.0
1540,Premium,Monthly,2024-10-07,2024-11-06,605.06
1541,Premium,Yearly,2025-03-29,2026-03-29,905.97
1542,Family,Monthly,2024-10-26,2024-11-25,732.02
1543,Free,3 month,2024-11-21,2025-02-19,0.0
1544,Family,Yearly,2025-07-13,2026-07-13,605.06
1545,Family,Monthly,2025-05-25,2025-06-24,605.06
1546,Premium,3 month,2024-11-05,2025-02-03,605.06
1547,Family,Monthly,2025-06-22,2025-07-22,605.06
1548,Premium,Yearly,2025-01-08,2026-01-08,605.06
1549,Free,Monthly,2024-09-03,2024-10-03,0.0
1550,Premium,3 month,2025-07-12,2025-10-10,605.06
1551,Family,Yearly,2024-11-11,2025-11-11,494.51
1552,Premium,Yearly,2025-05-19,2026-05-19,680.81
1553,Premium,Monthly,2025-08-07,2025-09-06,605.06
1554,Premium,3 month,2024-12-28,2025-03-28,883.31
1555,Family,Monthly,2025-01-27,2025-02-26,605.06
1556,Free,Monthly,2025-04-28,2025-05-28,0.0
1557,Premium,Monthly,2025-05-03,2025-06-02,605.06
1558,Premium,Yearly,2025-01-01,2026-01-01,356.81
1559,Family,3 month,2025-04-29,2025-07-28,290.28
1560,Family,Yearly,2025-03-25,2026-03-25,605.06
1561,Premium,Yearly,2025-04-11,2026-04-11,446.08
1562,Premium,Yearly,2024-12-24,2025-12-24,565.83
1563,Premium,3 month,2025-05-14,2025-08-12,605.06
1564,Premium,Monthly,2024-08-14,2024-09-13,605.06
1565,Family,Yearly,2025-06-27,2026-06-27,605.06
1566,Premium,3 month,2024-09-03,2024-12-02,989.82
1567,Family,Yearly,2024-10-11,2025-10-11,473.28
1568,Family,Monthly,2025-04-20,2025-05-20,605.06
1569,Family,Yearly,2025-01-20,2026-01-20,999.45
1570,Premium,3 month,2024-10-31,2025-01-29,605.06
1571,Premium,Monthly,2025-07-12,2025-08-11,605.06
1572,Premium,3 month,2025-02-05,2025-05-06,605.06
1573,Free,Yearly,2025-06-11,2026-06-11,0.0
1574,Free,3 month,2024-10-18,2025-01-16,0.0
1575,Free,Monthly,2025-07-04,2025-08-03,0.0
1576,Premium,Monthly,2025-05-29,2025-06-28,605.06
1577,Free,Monthly,2025-02-14,2025-03-16,0.0
1578,Premium,Yearly,2025-05-17,2026-05-17,605.06
1579,Premium,Monthly,2025-08-07,2025-09-06,605.06
1580,Premium,3 month,2025-03-17,2025-06-15,975.28
1581,Premium,Monthly,2025-07-30,2025-08-29,605.06
1582,Free,3 month,2025-08-08,2025-11-06,0.0
1583,Premium,Yearly,2025-01-16,2026-01-16,605.06
1584,Family,Yearly,2025-05-11,2026-05-11,605.06
1585,Premium,Yearly,2025-02-23,2026-02-23,673.52
1586,Free,Monthly,2025-07-06,2025-08-05,0.0
1587,Family,3 month,2025-03-11,2025-06-09,605.06
1588,Premium,Yearly,2024-12-10,2025-12-10,605.06
1589,Premium,Yearly,2025-06-04,2026-06-04,605.06
1590,Premium,Yearly,2024-09-06,2025-09-06,605.06
1591,Free,Yearly,2025-01-03,2026-01-03,0.0
1592,Premium,Yearly,2025-05-09,2026-05-09,613.0
1593,Premium,Yearly,2025-01-14,2026-01-14,367.96
1594,Premium,3 month,2025-05-18,2025-08-16,605.06
1595,Premium,Yearly,2025-06-23,2026-06-23,683.8
1596,Family,Yearly,2024-09-26,2025-09-26,605.06
1597,Premium,Monthly,2025-03-05,2025-04-04,793.44
1598,Premium,Monthly,2024-11-01,2024-12-01,605.06
1599,Free,Yearly,2024-08-14,2025-08-14,0.0
1600,Free,Monthly,2025-04-14,2025-05-14,0.0
1601,Free,Yearly,2025-01-07,2026-01-07,0.0
1602,Free,Yearly,2025-03-09,2026-03-09,0.0
1603,Premium,3 month,2025-08-01,2025-10-30,605.06
1604,Premium,Monthly,2025-04-10,2025-05-10,605.06
1605,Premium,Yearly,2025-07-07,2026-07-07,605.06
1606,Free,3 month,2025-03-22,2025-06-20,0.0
1607,Premium,3 month,2025-05-03,2025-08-01,993.69
1608,Family,Monthly,2025-01-12,2025-02-11,605.06
1609,Free,Yearly,2025-05-01,2026-05-01,0.0
1610,Premium,Yearly,2024-09-15,2025-09-15,605.06
1611,Free,Monthly,2025-04-14,2025-05-14,0.0
1612,Free,Yearly,2024-10-08,2025-10-08,0.0
1613,Family,Yearly,2025-04-13,2026-04-13,755.7
1614,Free,Monthly,2024-09-04,2024-10-04,0.0
1615,Premium,3 month,2025-07-11,2025-10-09,352.7
1616,Premium,Yearly,2024-09-14,2025-09-14,212.38
1617,Free,Monthly,2025-01-07,2025-02-06,0.0
1618,Free,Monthly,2025-06-15,2025-07-15,0.0
1619,Premium,3 month,2024-08-16,2024-11-14,605.06
1620,Family,Yearly,2025-06-22,2026-06-22,605.06
1621,Premium,3 month,2025-07-27,2025-10-25,605.06
1622,Premium,3 month,2025-05-21,2025-08-19,929.86
1623,Premium,3 month,2025-02-13,2025-05-14,605.06
1624,Family,3 month,2024-11-01,2025-01-30,605.06
1625,Premium,Monthly,2025-06-19,2025-07-19,605.06
1626,Premium,Yearly,2024-11-19,2025-11-19,605.06
1627,Family,3 month,2025-02-09,2025-05-10,605.06
1628,Free,Monthly,2025-01-21,2025-02-20,0.0
1629,Premium,Yearly,2025-06-29,2026-06-29,605.06
1630,Free,Monthly,2025-02-02,2025-03-04,0.0
1631,Premium,3 month,2024-11-27,2025-02-25,605.06
1632,Family,3 month,2025-05-06,2025-08-04,605.06
1633,Free,Monthly,2024-10-04,2024-11-03,0.0
1634,Premium,3 month,2025-07-29,2025-10-27,605.06
1635,Family,3 month,2025-02-11,2025-05-12,875.25
1636,Family,Yearly,2024-09-28,2025-09-28,605.06
1637,Premium,Yearly,2024-12-19,2025-12-19,207.83
1638,Free,3 month,2025-04-04,2025-07-03,0.0
1639,Premium,3 month,2025-07-15,2025-10-13,605.06
1640,Free,3 month,2025-03-31,2025-06-29,0.0
1641,Premium,Yearly,2025-03-18,2026-03-18,605.06
1642,Premium,Yearly,2025-07-25,2026-07-25,605.06
1643,Premium,3 month,2025-04-22,2025-07-21,605.06
1644,Family,3 month,2024-09-06,2024-12-05,605.06
1645,Family,Yearly,2024-09-19,2025-09-19,503.92
1646,Free,Yearly,2024-12-05,2025-12-05,0.0
1647,Free,Yearly,2024-11-15,2025-11-15,0.0
1648,Premium,Yearly,2025-04-16,2026-04-16,605.06
1649,Family,3 month,2024-09-25,2024-12-24,605.06
1650,Family,Yearly,2024-08-20,2025-08-20,605.06
1651,Free,Monthly,2024-11-16,2024-12-16,0.0
1652,Premium,Monthly,2025-06-12,2025-07-12,605.06
1653,Premium,3 month,2024-11-02,2025-01-31,605.06
1654,Premium,Yearly,2025-04-26,2026-04-26,605.06
1655,Free,3 month,2025-04-10,2025-07-09,0.0
1656,Free,Monthly,2025-03-29,2025-04-28,0.0
1657,Family,3 month,2025-02-19,2025-05-20,605.06
1658,Free,Monthly,2024-12-12,2025-01-11,0.0
1659,Premium,3 month,2024-08-12,2024-11-10,605.06
1660,Premium,Yearly,2024-10-30,2025-10-30,756.74
1661,Premium,Yearly,2025-02-22,2026-02-22,466.7
1662,Premium,3 month,2024-12-11,2025-03-11,605.06
1663,Family,Yearly,2025-07-15,2026-07-15,605.06
1664,Family,3 month,2025-06-16,2025-09-14,605.06
1665,Free,3 month,2025-07-18,2025-10-16,0.0
1666,Premium,3 month,2024-11-09,2025-02-07,605.06
1667,Family,3 month,2025-02-26,2025-05-27,605.06
1668,Premium,3 month,2025-06-26,2025-09-24,605.06
1669,Premium,Yearly,2025-05-19,2026-05-19,605.06
1670,Family,Monthly,2024-12-14,2025-01-13,605.06
1671,Premium,Monthly,2025-06-17,2025-07-17,605.06
1672,Premium,Monthly,2025-05-17,2025-06-16,605.06
1673,Premium,Yearly,2024-08-18,2025-08-18,605.06
1674,Free,Monthly,2025-01-04,2025-02-03,0.0
1675,Premium,Yearly,2025-05-22,2026-05-22,605.06
1676,Premium,3 month,2025-04-16,2025-07-15,801.37
1677,Premium,Yearly,2024-11-17,2025-11-17,605.06
1678,Premium,Monthly,2025-01-30,2025-03-01,951.44
1679,Premium,3 month,2024-10-19,2025-01-17,605.06
1680,Premium,Monthly,2025-04-03,2025-05-03,605.06
1681,Premium,3 month,2025-07-14,2025-10-12,605.06
1682,Premium,Yearly,2025-02-24,2026-02-24,207.52
1683,Family,Yearly,2025-03-17,2026-03-17,605.06
1684,Free,Monthly,2025-08-02,2025-09-01,0.0
1685,Premium,Yearly,2024-12-15,2025-12-15,605.06
1686,Free,Yearly,2025-01-04,2026-01-04,0.0
1687,Family,Yearly,2024-12-17,2025-12-17,605.06
1688,Premium,Monthly,2025-02-22,2025-03-24,605.06
1689,Family,Yearly,2025-04-01,2026-04-01,605.06
1690,Free,Monthly,2025-03-01,2025-03-31,0.0
1691,Family,Yearly,2024-10-25,2025-10-25,283.2
1692,Family,Yearly,2024-09-11,2025-09-11,605.06
1693,Premium,3 month,2024-10-31,2025-01-29,605.06
1694,Free,Yearly,2024-09-27,2025-09-27,0.0
1695,Premium,Monthly,2025-01-24,2025-02-23,605.06
1696,Premium,Monthly,2024-08-27,2024-09-26,810.76
1697,Premium,3 month,2025-06-29,2025-09-27,605.06
1698,Premium,Monthly,2024-09-24,2024-10-24,605.06
1699,Free,Monthly,2025-04-01,2025-05-01,0.0
1700,Premium,Yearly,2024-12-01,2025-12-01,751.16
1701,Free,Yearly,2025-07-31,2026-07-31,0.0
1702,Family,Yearly,2024-11-25,2025-11-25,605.06
1703,Premium,Monthly,2024-12-07,2025-01-06,446.8
1704,Premium,Monthly,2024-11-30,2024-12-30,352.95
1705,Free,Monthly,2025-04-23,2025-05-23,0.0
1706,Premium,Yearly,2024-11-08,2025-11-08,605.06
1707,Premium,3 month,2025-02-02,2025-05-03,605.06
1708,Free,3 month,2025-02-24,2025-05-25,0.0
1709,Family,3 month,2025-06-15,2025-09-13,605.06
1710,Premium,3 month,2024-11-26,2025-02-24,388.33
1711,Free,Yearly,2025-02-06,2026-02-06,0.0
1712,Free,Monthly,2024-08-30,2024-09-29,0.0
1713,Family,Monthly,2025-08-04,2025-09-03,735.26
1714,Premium,Monthly,2024-09-19,2024-10-19,605.06
1715,Premium,Yearly,2025-01-11,2026-01-11,605.06
1716,Premium,Yearly,2024-08-22,2025-08-22,605.06
1717,Free,3 month,2025-03-03,2025-06-01,0.0
1718,Free,Yearly,2024-12-02,2025-12-02,0.0
1719,Free,Monthly,2024-09-19,2024-10-19,0.0
1720,Premium,Yearly,2025-04-26,2026-04-26,558.1
1721,Family,3 month,2025-07-30,2025-10-28,200.3
1722,Free,Monthly,2025-01-13,2025-02-12,0.0
1723,Family,Yearly,2025-06-08,2026-06-08,694.98
1724,Premium,Monthly,2025-05-27,2025-06-26,207.24
1725,Family,Yearly,2024-09-01,2025-09-01,479.67
1726,Family,3 month,2025-08-06,2025-11-04,605.06
1727,Premium,Yearly,2025-05-30,2026-05-30,605.06
1728,Premium,3 month,2024-11-09,2025-02-07,605.06
1729,Family,3 month,2025-03-08,2025-06-06,814.09
1730,Free,3 month,2025-04-10,2025-07-09,0.0
1731,Family,Yearly,2024-10-17,2025-10-17,437.29
1732,Free,3 month,2025-03-23,2025-06-21,0.0
1733,Premium,3 month,2024-09-04,2024-12-03,639.44
1734,Family,Monthly,2025-02-12,2025-03-14,901.71
1735,Family,3 month,2024-11-21,2025-02-19,911.65
1736,Premium,Yearly,2025-06-01,2026-06-01,605.06
1737,Premium,3 month,2025-08-06,2025-11-04,605.06
1738,Premium,3 month,2024-08-14,2024-11-12,605.06
1739,Free,Monthly,2025-02-28,2025-03-30,0.0
1740,Family,3 month,2024-11-22,2025-02-20,605.06
1741,Premium,3 month,2025-01-25,2025-04-25,856.87
1742,Premium,Monthly,2024-11-09,2024-12-09,642.54
1743,Premium,Monthly,2025-04-15,2025-05-15,605.06
1744,Premium,3 month,2024-11-23,2025-02-21,605.06
1745,Free,3 month,2024-09-02,2024-12-01,0.0
1746,Premium,3 month,2025-03-11,2025-06-09,605.06
1747,Premium,3 month,2025-03-31,2025-06-29,605.06
1748,Free,Yearly,2025-04-11,2026-04-11,0.0
1749,Premium,Monthly,2025-08-07,2025-09-06,605.06
1750,Premium,3 month,2025-01-17,2025-04-17,605.06
1751,Free,Yearly,2024-10-15,2025-10-15,0.0
1752,Premium,3 month,2024-12-21,2025-03-21,261.15
1753,Premium,Yearly,2024-10-19,2025-10-19,605.06
1754,Family,Yearly,2025-07-31,2026-07-31,452.23
1755,Premium,Monthly,2024-11-03,2024-12-03,605.06
1756,Premium,Monthly,2024-10-27,2024-11-26,313.81
1757,Free,3 month,2025-04-29,2025-07-28,0.0
1758,Free,Monthly,2025-03-18,2025-04-17,0.0
1759,Premium,3 month,2025-07-22,2025-10-20,470.38
1760,Family,Yearly,2025-02-26,2026-02-26,605.06
1761,Premium,Monthly,2024-11-06,2024-12-06,655.88
1762,Premium,Monthly,2024-09-11,2024-10-11,253.74
1763,Family,3 month,2025-07-24,2025-10-22,654.77
1764,Premium,3 month,2025-06-15,2025-09-13,605.06
1765,Premium,Yearly,2024-11-22,2025-11-22,605.06
1766,Free,3 month,2024-08-11,2024-11-09,0.0
1767,Premium,Yearly,2025-03-22,2026-03-22,246.71
1768,Family,3 month,2024-11-17,2025-02-15,605.06
1769,Free,3 month,2024-12-07,2025-03-07,0.0
1770,Family,3 month,2025-07-11,2025-10-09,605.06
1771,Premium,Yearly,2025-03-06,2026-03-06,605.06
1772,Premium,Monthly,2024-08-21,2024-09-20,605.06
1773,Premium,Monthly,2024-09-16,2024-10-16,605.06
1774,Premium,3 month,2024-08-09,2024-11-07,605.06
1775,Premium,3 month,2025-04-15,2025-07-14,605.06
1776,Family,Monthly,2024-09-24,2024-10-24,605.06
1777,Premium,Monthly,2024-12-01,2024-12-31,459.56
1778,Free,Monthly,2025-05-02,2025-06-01,0.0
1779,Family,Yearly,2025-08-01,2026-08-01,605.06
1780,Premium,Yearly,2024-10-03,2025-10-03,605.06
1781,Premium,3 month,2025-07-05,2025-10-03,605.06
1782,Premium,3 month,2025-02-09,2025-05-10,605.06
1783,Free,3 month,2025-01-03,2025-04-03,0.0
1784,Premium,Yearly,2024-09-20,2025-09-20,566.1
1785,Free,3 month,2025-02-09,2025-05-10,0.0
1786,Premium,Monthly,2024-12-23,2025-01-22,605.06
1787,Premium,Yearly,2025-07-21,2026-07-21,856.55
1788,Premium,Yearly,2024-11-24,2025-11-24,605.06
1789,Premium,3 month,2025-02-14,2025-05-15,605.06
1790,Free,Monthly,2024-11-01,2024-12-01,0.0
1791,Premium,Monthly,2025-07-13,2025-08-12,605.06
1792,Free,Yearly,2024-11-22,2025-11-22,0.0
1793,Premium,Yearly,2025-05-27,2026-05-27,605.06
1794,Family,Yearly,2025-02-06,2026-02-06,924.22
1795,Free,Yearly,2024-09-03,2025-09-03,0.0
1796,Free,Yearly,2024-12-24,2025-12-24,0.0
1797,Premium,3 month,2025-07-08,2025-10-06,605.06
1798,Family,Yearly,2025-05-29,2026-05-29,605.06
1799,Family,3 month,2024-10-05,2025-01-03,605.06
1800,Free,Monthly,2025-04-15,2025-05-15,0.0
1801,Free,3 month,2025-03-24,2025-06-22,0.0
1802,Premium,3 month,2025-05-04,2025-08-02,605.06
1803,Free,3 month,2025-03-06,2025-06-04,0.0
1804,Family,3 month,2024-09-16,2024-12-15,605.06
1805,Family,Monthly,2025-06-24,2025-07-24,685.06
1806,Premium,Yearly,2024-10-18,2025-10-18,605.06
1807,Premium,Monthly,2025-03-11,2025-04-10,403.7
1808,Free,3 month,2025-05-04,2025-08-02,0.0
1809,Free,3 month,2025-02-14,2025-05-15,0.0
1810,Family,Monthly,2025-07-17,2025-08-16,346.02
1811,Premium,Monthly,2025-04-12,2025-05-12,605.06
1812,Premium,3 month,2025-04-19,2025-07-18,605.06
1813,Premium,Yearly,2024-12-09,2025-12-09,618.28
1814,Premium,Monthly,2024-08-25,2024-09-24,605.06
1815,Premium,Yearly,2025-02-28,2026-02-28,678.92
1816,Premium,Yearly,2024-12-08,2025-12-08,605.06
1817,Premium,Monthly,2024-08-21,2024-09-20,605.06
1818,Family,Monthly,2024-10-31,2024-11-30,605.06
1819,Premium,Yearly,2025-05-06,2026-05-06,605.06
1820,Free,3 month,2024-11-07,2025-02-05,0.0
1821,Premium,Monthly,2025-03-05,2025-04-04,605.06
1822,Premium,3 month,2024-10-05,2025-01-03,605.06
1823,Family,Yearly,2024-11-11,2025-11-11,802.59
1824,Free,Monthly,2025-02-17,2025-03-19,0.0
1825,Premium,Monthly,2025-04-19,2025-05-19,605.06
1826,Free,Monthly,2025-04-08,2025-05-08,0.0
1827,Free,Monthly,2024-09-27,2024-10-27,0.0
1828,Premium,Monthly,2024-11-08,2024-12-08,605.06
1829,Free,Monthly,2025-08-03,2025-09-02,0.0
1830,Premium,Monthly,2025-01-22,2025-02-21,605.06
1831,Premium,Monthly,2024-08-26,2024-09-25,274.46
1832,Premium,Yearly,2025-07-15,2026-07-15,729.92
1833,Free,Yearly,2024-10-23,2025-10-23,0.0
1834,Premium,Yearly,2025-04-30,2026-04-30,605.06
1835,Premium,Monthly,2025-07-10,2025-08-09,773.92
1836,Free,Monthly,2025-04-21,2025-05-21,0.0
1837,Family,Yearly,2025-03-01,2026-03-01,605.06
1838,Free,Yearly,2025-04-04,2026-04-04,0.0
1839,Premium,Monthly,2024-12-09,2025-01-08,462.73
1840,Family,Monthly,2024-12-08,2025-01-07,599.07
1841,Free,Monthly,2025-02-20,2025-03-22,0.0
1842,Premium,Monthly,2025-03-11,2025-04-10,605.06
1843,Free,Yearly,2025-05-20,2026-05-20,0.0
1844,Family,3 month,2024-09-21,2024-12-20,605.06
1845,Free,Monthly,2025-01-25,2025-02-24,0.0
1846,Free,3 month,2025-07-15,2025-10-13,0.0
1847,Premium,Yearly,2024-12-02,2025-12-02,605.06
1848,Premium,Yearly,2025-02-26,2026-02-26,605.06
1849,Premium,3 month,2025-03-02,2025-05-31,605.06
1850,Free,Monthly,2024-09-03,2024-10-03,0.0
1851,Premium,3 month,2025-02-28,2025-05-29,628.63
1852,Premium,Monthly,2025-02-23,2025-03-25,605.06
1853,Premium,Monthly,2025-07-18,2025-08-17,605.06
1854,Premium,Yearly,2025-08-06,2026-08-06,605.06
1855,Premium,3 month,2025-06-24,2025-09-22,605.06
1856,Premium,Yearly,2024-12-11,2025-12-11,605.06
1857,Free,3 month,2024-12-23,2025-03-23,0.0
1858,Premium,Monthly,2024-09-16,2024-10-16,981.85
1859,Premium,Yearly,2025-08-05,2026-08-05,592.53
1860,Premium,3 month,2024-08-25,2024-11-23,452.66
1861,Free,3 month,2024-12-19,2025-03-19,0.0
1862,Free,Monthly,2024-08-28,2024-09-27,0.0
1863,Premium,Monthly,2025-06-01,2025-07-01,306.45
1864,Premium,Monthly,2025-04-01,2025-05-01,605.06
1865,Family,Yearly,2024-08-15,2025-08-15,605.06
1866,Premium,Monthly,2025-07-26,2025-08-25,605.06
1867,Family,Monthly,2025-01-28,2025-02-27,605.06
1868,Family,Yearly,2025-06-06,2026-06-06,882.56
1869,Premium,Monthly,2025-07-13,2025-08-12,605.06
1870,Premium,3 month,2025-07-08,2025-10-06,614.04
1871,Premium,Yearly,2025-07-23,2026-07-23,605.06
1872,Premium,Monthly,2024-11-05,2024-12-05,908.24
1873,Free,3 month,2024-09-06,2024-12-05,0.0
1874,Premium,Monthly,2025-07-16,2025-08-15,765.68
1875,Free,Monthly,2025-04-04,2025-05-04,0.0
1876,Premium,Yearly,2025-07-29,2026-07-29,605.06
1877,Premium,3 month,2024-12-26,2025-03-26,605.06
1878,Free,Yearly,2025-07-08,2026-07-08,0.0
1879,Premium,Monthly,2025-07-02,2025-08-01,263.54
1880,Premium,Yearly,2025-07-11,2026-07-11,605.06
1881,Premium,Monthly,2025-08-04,2025-09-03,605.06
1882,Free,3 month,2025-07-02,2025-09-30,0.0
1883,Premium,3 month,2024-12-13,2025-03-13,963.04
1884,Premium,Yearly,2025-06-05,2026-06-05,280.26
1885,Premium,3 month,2024-09-03,2024-12-02,605.06
1886,Premium,Monthly,2025-03-29,2025-04-28,605.06
1887,Premium,3 month,2024-10-19,2025-01-17,605.06
1888,Premium,Monthly,2024-10-11,2024-11-10,437.05
1889,Family,Yearly,2025-05-21,2026-05-21,856.15
1890,Free,Monthly,2025-06-05,2025-07-05,0.0
1891,Premium,Monthly,2025-01-07,2025-02-06,605.06
1892,Premium,Monthly,2024-10-10,2024-11-09,605.06
1893,Family,Yearly,2024-11-04,2025-11-04,411.87
1894,Premium,Monthly,2025-02-15,2025-03-17,222.75
1895,Premium,Yearly,2025-07-07,2026-07-07,605.06
1896,Premium,Monthly,2025-04-12,2025-05-12,605.06
1897,Family,3 month,2025-05-20,2025-08-18,574.67
1898,Family,3 month,2025-05-28,2025-08-26,605.06
1899,Premium,3 month,2025-05-03,2025-08-01,605.06
1900,Free,3 month,2025-02-24,2025-05-25,0.0
1901,Free,Yearly,2025-07-07,2026-07-07,0.0
1902,Premium,3 month,2025-05-12,2025-08-10,605.06
1903,Free,Yearly,2024-09-19,2025-09-19,0.0
1904,Family,3 month,2024-08-27,2024-11-25,605.06
1905,Free,Monthly,2024-08-26,2024-09-25,0.0
1906,Premium,Monthly,2024-08-27,2024-09-26,382.97
1907,Free,Yearly,2024-08-11,2025-08-11,0.0
1908,Free,Monthly,2024-09-28,2024-10-28,0.0
1909,Premium,Yearly,2025-06-09,2026-06-09,605.06
1910,Free,Monthly,2024-10-03,2024-11-02,0.0
1911,Premium,3 month,2025-01-06,2025-04-06,605.06
1912,Premium,3 month,2025-03-17,2025-06-15,341.57
1913,Free,Yearly,2024-10-12,2025-10-12,0.0
1914,Free,Monthly,2024-08-11,2024-09-10,0.0
1915,Premium,3 month,2025-02-24,2025-05-25,605.06
1916,Family,Yearly,2025-02-01,2026-02-01,605.06
1917,Family,Monthly,2024-12-21,2025-01-20,605.06
1918,Free,Yearly,2025-07-06,2026-07-06,0.0
1919,Premium,Monthly,2024-12-15,2025-01-14,605.06
1920,Family,Monthly,2024-12-04,2025-01-03,936.76
1921,Free,Yearly,2025-07-14,2026-07-14,0.0
1922,Free,Monthly,2025-04-23,2025-05-23,0.0
1923,Family,3 month,2025-07-10,2025-10-08,605.06
1924,Free,Monthly,2025-02-11,2025-03-13,0.0
1925,Family,Monthly,2025-04-29,2025-05-29,617.89
1926,Free,3 month,2025-02-09,2025-05-10,0.0
1927,Free,3 month,2025-07-18,2025-10-16,0.0
1928,Premium,Monthly,2025-06-22,2025-07-22,605.06
1929,Family,Monthly,2025-08-03,2025-09-02,605.06
1930,Premium,Yearly,2025-02-10,2026-02-10,542.57
1931,Premium,Yearly,2025-07-03,2026-07-03,960.15
1932,Premium,3 month,2024-09-15,2024-12-14,605.06
1933,Premium,Yearly,2024-10-21,2025-10-21,947.91
1934,Family,Monthly,2024-09-30,2024-10-30,605.06
1935,Premium,Monthly,2024-10-30,2024-11-29,605.06
1936,Premium,Monthly,2025-07-06,2025-08-05,605.06
1937,Family,Monthly,2025-07-29,2025-08-28,605.06
1938,Premium,Yearly,2024-08-31,2025-08-31,574.62
1939,Premium,3 month,2025-02-05,2025-05-06,605.06
1940,Premium,Monthly,2025-02-04,2025-03-06,205.51
1941,Premium,Monthly,2025-04-06,2025-05-06,605.06
1942,Premium,3 month,2025-05-27,2025-08-25,605.06
1943,Premium,Yearly,2025-06-11,2026-06-11,849.27
1944,Premium,Yearly,2024-10-18,2025-10-18,539.76
1945,Free,Monthly,2024-11-20,2024-12-20,0.0
1946,Premium,3 month,2025-03-18,2025-06-16,605.06
1947,Family,3 month,2024-10-26,2025-01-24,605.06
1948,Family,Yearly,2025-06-30,2026-06-30,522.42
1949,Free,Yearly,2025-03-28,2026-03-28,0.0
1950,Free,Yearly,2024-10-31,2025-10-31,0.0
1951,Family,Monthly,2024-10-01,2024-10-31,268.19
1952,Premium,3 month,2024-09-06,2024-12-05,605.06
1953,Family,Yearly,2024-11-27,2025-11-27,661.42
1954,Premium,3 month,2025-02-06,2025-05-07,605.06
1955,Premium,Yearly,2025-01-05,2026-01-05,474.23
1956,Premium,Yearly,2024-12-08,2025-12-08,605.06
1957,Premium,3 month,2024-08-21,2024-11-19,236.72
1958,Family,Monthly,2024-09-21,2024-10-21,605.06
1959,Premium,Yearly,2024-11-28,2025-11-28,446.11
1960,Family,3 month,2024-09-18,2024-12-17,605.06
1961,Free,Yearly,2025-01-14,2026-01-14,0.0
1962,Premium,3 month,2024-10-25,2025-01-23,605.06
1963,Premium,3 month,2024-09-08,2024-12-07,605.06
1964,Free,3 month,2025-05-05,2025-08-03,0.0
1965,Premium,Yearly,2024-09-07,2025-09-07,605.06
1966,Free,3 month,2025-05-10,2025-08-08,0.0
1967,Premium,Yearly,2024-09-27,2025-09-27,605.06
1968,Free,Yearly,2024-12-16,2025-12-16,0.0
1969,Premium,3 month,2025-03-26,2025-06-24,605.06
1970,Premium,3 month,2025-03-31,2025-06-29,688.91
1971,Premium,3 month,2025-07-17,2025-10-15,605.06
1972,Premium,Monthly,2025-03-29,2025-04-28,801.34
1973,Premium,Yearly,2025-02-12,2026-02-12,605.06
1974,Premium,3 month,2025-02-21,2025-05-22,605.06
1975,Family,Yearly,2025-02-13,2026-02-13,605.06
1976,Free,3 month,2025-01-23,2025-04-23,0.0
1977,Premium,Yearly,2025-03-16,2026-03-16,316.8
1978,Free,Monthly,2025-02-04,2025-03-06,0.0
1979,Free,Yearly,2025-01-20,2026-01-20,0.0
1980,Free,Yearly,2025-04-08,2026-04-08,0.0
1981,Free,3 month,2025-04-09,2025-07-08,0.0
1982,Premium,Monthly,2024-09-17,2024-10-17,712.87
1983,Family,3 month,2024-09-13,2024-12-12,667.98
1984,Family,3 month,2025-03-07,2025-06-05,605.06
1985,Premium,3 month,2025-06-17,2025-09-15,536.96
1986,Premium,3 month,2024-08-29,2024-11-27,919.16
1987,Premium,3 month,2025-06-05,2025-09-03,786.68
1988,Free,Monthly,2025-05-20,2025-06-19,0.0
1989,Free,Monthly,2024-08-13,2024-09-12,0.0
1990,Family,Yearly,2025-07-31,2026-07-31,605.06
1991,Premium,Monthly,2024-08-14,2024-09-13,605.06
1992,Family,3 month,2025-04-29,2025-07-28,605.06
1993,Free,Yearly,2025-08-04,2026-08-04,0.0
1994,Family,3 month,2025-01-18,2025-04-18,326.95
1995,Free,Yearly,2025-01-28,2026-01-28,0.0
1996,Premium,3 month,2024-10-18,2025-01-16,940.99
1997,Premium,Yearly,2025-02-24,2026-02-24,605.06
1998,Premium,Monthly,2024-10-27,2024-11-26,605.06
1999,Family,Monthly,2025-06-02,2025-07-02,832.43
2000,Free,3 month,2024-12-02,2025-03-02,0.0
2001,Free,Yearly,2024-10-14,2025-10-14,0.0
2002,Family,Monthly,2025-05-12,2025-06-11,605.06
2003,Premium,Yearly,2025-02-03,2026-02-03,623.28
2004,Family,Monthly,2024-12-29,2025-01-28,951.48
2005,Family,3 month,2025-05-10,2025-08-08,605.06
2006,Premium,3 month,2025-04-04,2025-07-03,605.06
2007,Premium,Yearly,2025-05-31,2026-05-31,605.06
2008,Family,3 month,2025-05-19,2025-08-17,605.06
2009,Premium,3 month,2024-09-10,2024-12-09,605.06
2010,Premium,3 month,2024-08-17,2024-11-15,605.06
2011,Free,Yearly,2025-02-22,2026-02-22,0.0
2012,Premium,Monthly,2024-09-18,2024-10-18,450.66
2013,Free,3 month,2025-01-23,2025-04-23,0.0
2014,Free,3 month,2024-08-10,2024-11-08,0.0
2015,Premium,3 month,2024-08-10,2024-11-08,605.06
2016,Free,Yearly,2025-07-09,2026-07-09,0.0
2017,Family,Yearly,2024-10-27,2025-10-27,605.06
2018,Premium,Monthly,2024-09-04,2024-10-04,849.96
2019,Free,Yearly,2025-04-20,2026-04-20,0.0
2020,Free,3 month,2025-05-06,2025-08-04,0.0
2021,Premium,Yearly,2025-02-03,2026-02-03,605.06
2022,Free,3 month,2025-07-18,2025-10-16,0.0
2023,Family,Yearly,2024-11-27,2025-11-27,703.55
2024,Premium,Monthly,2025-01-11,2025-02-10,951.47
2025,Family,3 month,2025-02-08,2025-05-09,926.82
2026,Premium,3 month,2024-12-26,2025-03-26,248.09
2027,Premium,Monthly,2025-06-07,2025-07-07,400.46
2028,Premium,3 month,2025-07-12,2025-10-10,605.06
2029,Family,Yearly,2024-11-29,2025-11-29,923.13
2030,Family,3 month,2025-08-01,2025-10-30,398.5
2031,Free,3 month,2025-06-14,2025-09-12,0.0
2032,Premium,Monthly,2025-07-28,2025-08-27,605.06
2033,Premium,Yearly,2025-03-29,2026-03-29,605.06
2034,Premium,Yearly,2025-06-30,2026-06-30,935.18
2035,Family,Yearly,2025-07-03,2026-07-03,605.06
2036,Family,Monthly,2024-12-07,2025-01-06,605.06
2037,Family,Yearly,2025-03-13,2026-03-13,605.06
2038,Premium,3 month,2024-11-30,2025-02-28,605.06
2039,Free,3 month,2024-08-17,2024-11-15,0.0
2040,Premium,Monthly,2024-11-20,2024-12-20,605.06
2041,Premium,3 month,2025-07-15,2025-10-13,346.88
2042,Premium,Monthly,2025-03-03,2025-04-02,605.06
2043,Premium,Yearly,2025-04-03,2026-04-03,605.06
2044,Family,3 month,2024-08-26,2024-11-24,605.06
2045,Premium,Monthly,2024-11-03,2024-12-03,941.58
2046,Premium,3 month,2025-04-30,2025-07-29,605.06
2047,Premium,3 month,2025-03-15,2025-06-13,605.06
2048,Family,Yearly,2025-08-03,2026-08-03,347.05
2049,Free,Yearly,2025-04-18,2026-04-18,0.0
2050,Premium,3 month,2025-04-04,2025-07-03,605.06
2051,Family,3 month,2025-06-14,2025-09-12,605.06
2052,Free,Monthly,2025-04-12,2025-05-12,0.0
2053,Premium,Monthly,2025-01-09,2025-02-08,605.06
2054,Premium,3 month,2024-09-29,2024-12-28,605.06
2055,Premium,Yearly,2025-01-27,2026-01-27,486.55
2056,Family,3 month,2024-10-11,2025-01-09,605.06
2057,Premium,Yearly,2024-08-11,2025-08-11,605.06
2058,Family,Monthly,2024-09-23,2024-10-23,605.06
2059,Family,3 month,2025-03-05,2025-06-03,605.06
2060,Premium,Monthly,2024-09-05,2024-10-05,605.06
2061,Family,Yearly,2024-10-01,2025-10-01,605.06
2062,Family,3 month,2025-03-24,2025-06-22,987.89
2063,Premium,Yearly,2025-02-21,2026-02-21,358.5
2064,Premium,3 month,2025-03-09,2025-06-07,605.06
2065,Free,Monthly,2024-12-18,2025-01-17,0.0
2066,Family,Monthly,2025-02-19,2025-03-21,605.06
2067,Premium,Yearly,2025-05-28,2026-05-28,605.06
2068,Free,3 month,2025-02-22,2025-05-23,0.0
2069,Premium,3 month,2024-09-09,2024-12-08,864.31
2070,Premium,Monthly,2025-01-14,2025-02-13,315.56
2071,Premium,Yearly,2024-09-12,2025-09-12,605.06
2072,Premium,Monthly,2025-08-08,2025-09-07,605.06
2073,Family,Monthly,2024-10-28,2024-11-27,605.06
2074,Free,Yearly,2025-02-23,2026-02-23,0.0
2075,Premium,Monthly,2025-02-09,2025-03-11,605.06
2076,Family,Yearly,2025-06-27,2026-06-27,886.51
2077,Premium,3 month,2024-11-04,2025-02-02,466.69
2078,Premium,Yearly,2024-09-06,2025-09-06,605.06
2079,Family,Yearly,2025-02-26,2026-02-26,917.12
2080,Premium,Yearly,2025-07-25,2026-07-25,605.06
2081,Premium,Yearly,2025-01-23,2026-01-23,428.93
2082,Premium,Yearly,2025-07-20,2026-07-20,605.06
2083,Premium,Yearly,2025-03-06,2026-03-06,605.06
2084,Free,3 month,2024-12-08,2025-03-08,0.0
2085,Family,Monthly,2024-12-06,2025-01-05,512.86
2086,Family,Monthly,2025-05-14,2025-06-13,605.06
2087,Free,Monthly,2025-03-02,2025-04-01,0.0
2088,Free,Yearly,2025-06-29,2026-06-29,0.0
2089,Family,Monthly,2025-02-08,2025-03-10,697.59
2090,Premium,Yearly,2024-11-25,2025-11-25,605.06
2091,Premium,Monthly,2024-09-08,2024-10-08,605.06
2092,Premium,Monthly,2024-10-19,2024-11-18,605.06
2093,Premium,Yearly,2025-04-25,2026-04-25,769.97
2094,Free,3 month,2025-02-06,2025-05-07,0.0
2095,Premium,3 month,2024-08-14,2024-11-12,605.06
2096,Premium,Yearly,2025-07-08,2026-07-08,899.51
2097,Family,Yearly,2024-09-12,2025-09-12,605.06
2098,Premium,3 month,2025-04-23,2025-07-22,894.24
2099,Premium,Yearly,2025-08-03,2026-08-03,605.06
2100,Family,Yearly,2024-12-04,2025-12-04,871.48
2101,Family,Monthly,2025-05-06,2025-06-05,605.06
2102,Premium,3 month,2025-01-10,2025-04-10,605.06
2103,Premium,Monthly,2025-05-30,2025-06-29,605.06
2104,Premium,Monthly,2024-11-17,2024-12-17,605.06
2105,Premium,Yearly,2025-06-10,2026-06-10,486.66
2106,Premium,Yearly,2025-01-17,2026-01-17,605.06
2107,Premium,Yearly,2025-03-03,2026-03-03,605.06
2108,Premium,3 month,2025-07-27,2025-10-25,505.95
2109,Premium,3 month,2025-07-18,2025-10-16,318.7
2110,Premium,Monthly,2024-08-31,2024-09-30,664.36
2111,Premium,Monthly,2025-02-21,2025-03-23,672.51
2112,Free,Yearly,2025-07-17,2026-07-17,0.0
2113,Free,Monthly,2025-02-03,2025-03-05,0.0
2114,Premium,Yearly,2024-10-24,2025-10-24,982.34
2115,Premium,Monthly,2025-06-03,2025-07-03,605.06
2116,Free,3 month,2025-07-20,2025-10-18,0.0
2117,Premium,3 month,2025-02-14,2025-05-15,605.06
2118,Free,3 month,2024-09-25,2024-12-24,0.0
2119,Premium,Yearly,2025-05-09,2026-05-09,605.06
2120,Family,3 month,2024-09-05,2024-12-04,778.03
2121,Family,Yearly,2025-08-09,2026-08-09,598.62
2122,Family,Yearly,2024-10-03,2025-10-03,879.61
2123,Premium,Yearly,2025-03-27,2026-03-27,231.44
2124,Premium,Yearly,2024-10-15,2025-10-15,605.06
2125,Free,Monthly,2025-07-04,2025-08-03,0.0
2126,Premium,Yearly,2025-06-14,2026-06-14,752.38
2127,Premium,3 month,2025-03-15,2025-06-13,307.85
2128,Family,Monthly,2025-04-03,2025-05-03,605.06
2129,Premium,Monthly,2024-11-06,2024-12-06,342.8
2130,Family,Monthly,2024-10-18,2024-11-17,538.21
2131,Premium,Yearly,2024-09-05,2025-09-05,605.06
2132,Free,Monthly,2024-10-18,2024-11-17,0.0
2133,Premium,Monthly,2024-08-12,2024-09-11,605.06
2134,Free,3 month,2025-04-12,2025-07-11,0.0
2135,Free,Monthly,2024-09-18,2024-10-18,0.0
2136,Free,Yearly,2024-08-26,2025-08-26,0.0
2137,Premium,3 month,2025-03-21,2025-06-19,605.06
2138,Free,Yearly,2025-03-15,2026-03-15,0.0
2139,Free,Monthly,2025-07-22,2025-08-21,0.0
2140,Premium,3 month,2024-12-21,2025-03-21,605.06
2141,Free,Monthly,2025-07-09,2025-08-08,0.0
2142,Family,Monthly,2024-09-21,2024-10-21,605.06
2143,Free,Yearly,2024-10-11,2025-10-11,0.0
2144,Family,3 month,2024-12-12,2025-03-12,605.06
2145,Premium,Yearly,2024-11-11,2025-11-11,967.37
2146,Premium,3 month,2024-10-18,2025-01-16,306.15
2147,Free,Yearly,2024-11-15,2025-11-15,0.0
2148,Premium,3 month,2025-01-26,2025-04-26,605.06
2149,Free,3 month,2025-05-11,2025-08-09,0.0
2150,Premium,Monthly,2025-04-13,2025-05-13,904.83
2151,Premium,3 month,2025-04-11,2025-07-10,605.06
2152,Premium,3 month,2025-06-23,2025-09-21,282.41
2153,Free,Monthly,2025-02-21,2025-03-23,0.0
2154,Premium,Monthly,2025-04-19,2025-05-19,605.06
2155,Family,3 month,2025-03-15,2025-06-13,205.07
2156,Premium,Yearly,2025-08-03,2026-08-03,605.06
2157,Premium,Monthly,2025-03-01,2025-03-31,605.06
2158,Free,3 month,2025-04-07,2025-07-06,0.0
2159,Family,3 month,2025-07-03,2025-10-01,929.92
2160,Premium,3 month,2024-09-23,2024-12-22,605.06
2161,Premium,3 month,2025-02-20,2025-05-21,914.5
2162,Family,Yearly,2025-08-01,2026-08-01,860.74
2163,Premium,Monthly,2025-07-13,2025-08-12,882.35
2164,Premium,Yearly,2025-02-07,2026-02-07,647.94
2165,Premium,Yearly,2025-06-26,2026-06-26,383.09
2166,Family,3 month,2025-03-13,2025-06-11,605.06
2167,Premium,3 month,2024-12-30,2025-03-30,605.06
2168,Family,3 month,2025-05-25,2025-08-23,605.06
2169,Premium,3 month,2025-01-21,2025-04-21,605.06
2170,Premium,Monthly,2024-10-21,2024-11-20,205.16
2171,Premium,Monthly,2025-02-10,2025-03-12,658.64
2172,Family,3 month,2024-09-21,2024-12-20,605.06
2173,Premium,Monthly,2025-08-02,2025-09-01,605.06
2174,Free,Monthly,2024-12-24,2025-01-23,0.0
2175,Premium,3 month,2024-09-03,2024-12-02,454.0
2176,Family,Yearly,2025-03-29,2026-03-29,605.06
2177,Premium,Monthly,2024-11-19,2024-12-19,975.94
2178,Premium,Yearly,2025-04-13,2026-04-13,605.06
2179,Premium,Monthly,2025-04-05,2025-05-05,605.06
2180,Premium,Yearly,2025-03-13,2026-03-13,605.06
2181,Premium,3 month,2025-06-21,2025-09-19,296.64
2182,Premium,Yearly,2025-04-26,2026-04-26,605.06
2183,Free,Yearly,2024-11-13,2025-11-13,0.0
2184,Premium,Yearly,2025-04-19,2026-04-19,605.06
2185,Premium,3 month,2025-04-19,2025-07-18,605.06
2186,Family,Monthly,2024-10-23,2024-11-22,605.06
2187,Free,Monthly,2025-01-13,2025-02-12,0.0
2188,Free,3 month,2025-06-10,2025-09-08,0.0
2189,Premium,3 month,2024-10-16,2025-01-14,689.53
2190,Premium,Monthly,2024-08-10,2024-09-09,605.06
2191,Family,3 month,2025-04-18,2025-07-17,605.06
2192,Premium,Yearly,2024-08-15,2025-08-15,587.69
2193,Family,3 month,2025-05-30,2025-08-28,605.06
2194,Family,Yearly,2025-05-21,2026-05-21,605.06
2195,Premium,Monthly,2025-03-18,2025-04-17,605.06
2196,Free,Yearly,2025-03-20,2026-03-20,0.0
2197,Premium,Yearly,2025-07-12,2026-07-12,605.06
2198,Premium,Monthly,2024-10-10,2024-11-09,230.95
2199,Premium,3 month,2024-11-29,2025-02-27,605.06
2200,Premium,Yearly,2025-07-21,2026-07-21,411.73
2201,Premium,Yearly,2025-06-05,2026-06-05,321.48
2202,Family,Yearly,2025-05-12,2026-05-12,605.06
2203,Family,Monthly,2024-10-09,2024-11-08,381.14
2204,Premium,3 month,2025-08-05,2025-11-03,605.06
2205,Premium,Monthly,2025-07-22,2025-08-21,754.39
2206,Premium,3 month,2025-01-10,2025-04-10,605.06
2207,Free,3 month,2025-01-29,2025-04-29,0.0
2208,Premium,3 month,2025-04-17,2025-07-16,605.06
2209,Premium,Monthly,2025-06-20,2025-07-20,605.06
2210,Premium,Monthly,2025-04-10,2025-05-10,605.06
2211,Free,Yearly,2025-05-19,2026-05-19,0.0
2212,Family,3 month,2024-11-07,2025-02-05,605.06
2213,Free,Monthly,2025-01-04,2025-02-03,0.0
2214,Family,Monthly,2025-05-23,2025-06-22,694.67
2215,Free,3 month,2024-10-16,2025-01-14,0.0
2216,Premium,Monthly,2025-01-16,2025-02-15,605.06
2217,Premium,Monthly,2024-09-27,2024-10-27,571.59
2218,Premium,3 month,2025-05-06,2025-08-04,605.06
2219,Premium,Yearly,2024-11-05,2025-11-05,654.45
2220,Family,3 month,2024-12-24,2025-03-24,605.06
2221,Family,Yearly,2024-08-14,2025-08-14,938.01
2222,Premium,Monthly,2024-08-17,2024-09-16,605.06
2223,Free,Yearly,2025-03-09,2026-03-09,0.0
2224,Premium,Yearly,2024-12-13,2025-12-13,739.82
2225,Free,Monthly,2025-07-26,2025-08-25,0.0
2226,Premium,Yearly,2025-06-22,2026-06-22,516.9
2227,Premium,3 month,2024-10-28,2025-01-26,605.06
2228,Free,Yearly,2025-02-24,2026-02-24,0.0
2229,Premium,Yearly,2024-09-11,2025-09-11,605.06
2230,Premium,Monthly,2024-08-18,2024-09-17,554.72
2231,Family,3 month,2024-10-13,2025-01-11,605.06
2232,Premium,Monthly,2025-04-04,2025-05-04,605.06
2233,Premium,Yearly,2025-04-06,2026-04-06,605.06
2234,Premium,Monthly,2024-09-26,2024-10-26,605.06
2235,Free,Monthly,2025-01-02,2025-02-01,0.0
2236,Family,Yearly,2025-03-06,2026-03-06,826.92
2237,Free,3 month,2024-12-11,2025-03-11,0.0
2238,Family,Monthly,2025-05-03,2025-06-02,368.28
2239,Family,Yearly,2025-04-03,2026-04-03,605.06
2240,Premium,3 month,2024-11-24,2025-02-22,901.45
2241,Premium,Yearly,2025-04-15,2026-04-15,605.06
2242,Premium,3 month,2025-05-28,2025-08-26,605.06
2243,Free,Monthly,2024-10-25,2024-11-24,0.0
2244,Premium,Yearly,2025-06-28,2026-06-28,605.06
2245,Premium,Monthly,2025-06-04,2025-07-04,513.7
2246,Free,Monthly,2024-08-31,2024-09-30,0.0
2247,Free,Monthly,2024-08-17,2024-09-16,0.0
2248,Free,Monthly,2024-08-09,2024-09-08,0.0
2249,Family,Yearly,2024-09-16,2025-09-16,605.06
2250,Family,Yearly,2024-12-25,2025-12-25,632.25
2251,Family,3 month,2025-05-25,2025-08-23,605.06
2252,Premium,Yearly,2024-11-19,2025-11-19,785.21
2253,Premium,Yearly,2024-08-15,2025-08-15,605.06
2254,Family,Monthly,2025-01-22,2025-02-21,605.06
2255,Free,Monthly,2024-11-30,2024-12-30,0.0
2256,Premium,Monthly,2025-06-02,2025-07-02,609.64
2257,Free,3 month,2025-07-27,2025-10-25,0.0
2258,Premium,Monthly,2025-06-29,2025-07-29,605.06
2259,Free,Yearly,2025-04-06,2026-04-06,0.0
2260,Premium,Yearly,2024-09-07,2025-09-07,605.06
2261,Free,Monthly,2024-12-17,2025-01-16,0.0
2262,Free,3 month,2025-03-01,2025-05-30,0.0
2263,Family,Monthly,2024-08-27,2024-09-26,605.06
2264,Premium,Yearly,2025-02-14,2026-02-14,605.06
2265,Premium,3 month,2025-05-29,2025-08-27,799.85
2266,Free,Monthly,2025-02-24,2025-03-26,0.0
2267,Premium,Yearly,2025-06-28,2026-06-28,532.92
2268,Premium,3 month,2025-08-05,2025-11-03,938.32
2269,Free,Monthly,2024-12-16,2025-01-15,0.0
2270,Free,Monthly,2024-09-05,2024-10-05,0.0
2271,Free,Yearly,2024-08-22,2025-08-22,0.0
2272,Premium,3 month,2025-05-24,2025-08-22,605.06
2273,Free,Yearly,2025-06-12,2026-06-12,0.0
2274,Family,3 month,2024-08-14,2024-11-12,605.06
2275,Free,Yearly,2025-06-19,2026-06-19,0.0
2276,Family,Monthly,2025-03-16,2025-04-15,605.06
2277,Family,Monthly,2025-01-25,2025-02-24,605.06
2278,Family,Yearly,2024-10-06,2025-10-06,605.06
2279,Premium,Yearly,2025-02-08,2026-02-08,605.06
2280,Free,Monthly,2024-09-17,2024-10-17,0.0
2281,Free,Monthly,2025-03-24,2025-04-23,0.0
2282,Premium,3 month,2024-12-11,2025-03-11,349.84
2283,Free,Monthly,2024-08-16,2024-09-15,0.0
2284,Family,Yearly,2025-01-02,2026-01-02,769.79
2285,Premium,3 month,2024-11-05,2025-02-03,638.05
2286,Premium,3 month,2025-08-06,2025-11-04,605.06
2287,Premium,Monthly,2025-07-22,2025-08-21,605.06
2288,Premium,Yearly,2024-11-20,2025-11-20,402.72
2289,Premium,Yearly,2025-06-20,2026-06-20,605.06
2290,Family,3 month,2025-04-29,2025-07-28,605.06
2291,Premium,3 month,2024-11-04,2025-02-02,605.06
2292,Family,Yearly,2025-06-30,2026-06-30,637.49
2293,Premium,Monthly,2025-06-19,2025-07-19,605.06
2294,Family,Yearly,2024-12-19,2025-12-19,632.2
2295,Free,3 month,2024-11-16,2025-02-14,0.0
2296,Free,Yearly,2024-09-20,2025-09-20,0.0
2297,Premium,Monthly,2024-12-20,2025-01-19,445.78
2298,Family,Monthly,2025-04-20,2025-05-20,605.06
2299,Family,Yearly,2025-06-13,2026-06-13,605.06
2300,Family,3 month,2025-05-16,2025-08-14,605.06
2301,Free,Monthly,2025-06-05,2025-07-05,0.0
2302,Premium,Yearly,2025-03-29,2026-03-29,818.29
2303,Free,Monthly,2025-01-17,2025-02-16,0.0
2304,Free,Monthly,2025-03-30,2025-04-29,0.0
2305,Free,3 month,2024-12-21,2025-03-21,0.0
2306,Premium,Yearly,2024-11-12,2025-11-12,605.06
2307,Family,Yearly,2024-08-24,2025-08-24,605.06
2308,Free,Monthly,2025-03-21,2025-04-20,0.0
2309,Free,3 month,2025-03-29,2025-06-27,0.0
2310,Family,Monthly,2024-10-06,2024-11-05,762.23
2311,Family,Monthly,2024-11-05,2024-12-05,605.06
2312,Family,Monthly,2024-08-27,2024-09-26,833.51
2313,Premium,Monthly,2025-06-29,2025-07-29,605.06
2314,Family,Monthly,2025-07-30,2025-08-29,866.5
2315,Premium,Yearly,2025-07-04,2026-07-04,605.06
2316,Premium,Monthly,2025-05-13,2025-06-12,605.06
2317,Family,Yearly,2025-06-07,2026-06-07,716.06
2318,Premium,3 month,2025-02-04,2025-05-05,663.29
2319,Premium,3 month,2024-11-08,2025-02-06,605.06
2320,Premium,Yearly,2025-04-20,2026-04-20,605.06
2321,Premium,Yearly,2025-02-27,2026-02-27,605.06
2322,Premium,3 month,2025-01-05,2025-04-05,605.06
2323,Free,Yearly,2025-03-31,2026-03-31,0.0
2324,Premium,3 month,2024-09-21,2024-12-20,883.21
2325,Premium,3 month,2025-07-30,2025-10-28,605.06
2326,Free,Yearly,2025-02-02,2026-02-02,0.0
2327,Family,Yearly,2025-04-06,2026-04-06,605.06
2328,Premium,3 month,2024-09-03,2024-12-02,605.06
2329,Family,3 month,2025-03-28,2025-06-26,605.06
2330,Free,3 month,2025-04-04,2025-07-03,0.0
2331,Free,Monthly,2025-01-14,2025-02-13,0.0
2332,Premium,Yearly,2024-12-04,2025-12-04,605.06
2333,Premium,Yearly,2025-06-03,2026-06-03,605.06
2334,Premium,Monthly,2024-10-02,2024-11-01,334.51
2335,Premium,Yearly,2025-06-12,2026-06-12,605.06
2336,Premium,3 month,2024-09-03,2024-12-02,605.06
2337,Premium,Yearly,2024-11-30,2025-11-30,605.06
2338,Family,Yearly,2025-08-02,2026-08-02,605.06
2339,Premium,Yearly,2025-02-19,2026-02-19,204.19
2340,Premium,3 month,2024-08-09,2024-11-07,983.58
2341,Premium,Yearly,2025-01-13,2026-01-13,605.06
2342,Premium,Monthly,2025-07-27,2025-08-26,605.06
2343,Premium,3 month,2025-04-15,2025-07-14,605.06
2344,Family,Monthly,2025-05-14,2025-06-13,605.06
2345,Premium,Monthly,2024-12-23,2025-01-22,605.06
2346,Premium,3 month,2024-09-04,2024-12-03,605.06
2347,Family,3 month,2025-04-02,2025-07-01,605.06
2348,Family,3 month,2024-12-06,2025-03-06,605.06
2349,Free,Monthly,2024-10-24,2024-11-23,0.0
2350,Premium,Monthly,2025-03-14,2025-04-13,373.94
2351,Family,Monthly,2025-03-06,2025-04-05,605.06
2352,Free,Yearly,2025-06-20,2026-06-20,0.0
2353,Premium,3 month,2025-06-04,2025-09-02,605.06
2354,Premium,3 month,2024-10-26,2025-01-24,575.43
2355,Family,3 month,2025-02-21,2025-05-22,449.85
2356,Premium,3 month,2025-02-26,2025-05-27,505.33
2357,Premium,3 month,2024-11-19,2025-02-17,605.06
2358,Premium,Monthly,2025-06-13,2025-07-13,605.06
2359,Premium,Monthly,2024-08-29,2024-09-28,605.06
2360,Premium,Monthly,2025-01-28,2025-02-27,605.06
2361,Free,3 month,2024-12-06,2025-03-06,0.0
2362,Premium,3 month,2025-07-26,2025-10-24,605.06
2363,Premium,3 month,2025-05-08,2025-08-06,605.06
2364,Free,3 month,2024-10-21,2025-01-19,0.0
2365,Free,Monthly,2025-03-19,2025-04-18,0.0
2366,Premium,Monthly,2024-10-15,2024-11-14,605.06
2367,Family,3 month,2025-04-28,2025-07-27,605.06
2368,Family,3 month,2024-09-28,2024-12-27,605.06
2369,Family,Monthly,2025-05-29,2025-06-28,599.11
2370,Premium,Monthly,2024-11-01,2024-12-01,605.06
2371,Family,3 month,2025-03-01,2025-05-30,900.57
2372,Premium,Monthly,2025-05-09,2025-06-08,605.06
2373,Free,3 month,2025-06-10,2025-09-08,0.0
2374,Premium,3 month,2024-08-30,2024-11-28,605.06
2375,Premium,3 month,2025-06-30,2025-09-28,605.06
2376,Premium,Yearly,2025-06-11,2026-06-11,605.06
2377,Free,Yearly,2025-02-24,2026-02-24,0.0
2378,Premium,Yearly,2025-03-06,2026-03-06,249.89
2379,Premium,Yearly,2025-08-07,2026-08-07,605.06
2380,Free,Monthly,2024-10-12,2024-11-11,0.0
2381,Family,3 month,2025-03-29,2025-06-27,605.06
2382,Family,Monthly,2025-02-13,2025-03-15,605.06
2383,Premium,3 month,2025-04-19,2025-07-18,482.51
2384,Free,3 month,2024-08-18,2024-11-16,0.0
2385,Premium,Monthly,2024-11-18,2024-12-18,658.77
2386,Premium,3 month,2024-09-27,2024-12-26,547.8
2387,Free,Yearly,2024-10-16,2025-10-16,0.0
2388,Premium,Yearly,2025-02-10,2026-02-10,605.06
2389,Premium,Monthly,2025-01-03,2025-02-02,274.73
2390,Family,Yearly,2024-11-06,2025-11-06,605.06
2391,Premium,Yearly,2025-04-24,2026-04-24,605.06
2392,Premium,Yearly,2024-12-09,2025-12-09,605.06
2393,Premium,Monthly,2024-12-16,2025-01-15,605.06
2394,Family,Monthly,2024-12-29,2025-01-28,605.06
2395,Premium,Yearly,2025-01-05,2026-01-05,605.06
2396,Free,Yearly,2025-01-26,2026-01-26,0.0
2397,Premium,Monthly,2025-02-16,2025-03-18,392.16
2398,Premium,Monthly,2025-06-24,2025-07-24,605.06
2399,Premium,Yearly,2025-07-19,2026-07-19,605.06
2400,Free,Yearly,2025-06-01,2026-06-01,0.0
2401,Free,3 month,2025-05-28,2025-08-26,0.0
2402,Premium,Yearly,2024-10-05,2025-10-05,605.06
2403,Family,Yearly,2025-01-20,2026-01-20,605.06
2404,Family,Monthly,2025-02-27,2025-03-29,457.91
2405,Premium,Monthly,2025-07-28,2025-08-27,605.06
2406,Premium,Yearly,2024-12-06,2025-12-06,605.06
2407,Free,Monthly,2024-09-08,2024-10-08,0.0
2408,Premium,Yearly,2025-04-19,2026-04-19,605.06
2409,Free,Yearly,2025-06-15,2026-06-15,0.0
2410,Free,Monthly,2025-01-13,2025-02-12,0.0
2411,Premium,Yearly,2025-07-03,2026-07-03,605.06
2412,Premium,Monthly,2025-02-20,2025-03-22,605.06
2413,Premium,Yearly,2025-04-10,2026-04-10,605.06
2414,Premium,Monthly,2025-01-18,2025-02-17,605.06
2415,Premium,3 month,2025-06-29,2025-09-27,605.06
2416,Premium,Monthly,2024-08-22,2024-09-21,605.06
2417,Family,3 month,2024-12-12,2025-03-12,605.06
2418,Premium,3 month,2024-10-20,2025-01-18,605.06
2419,Premium,Yearly,2025-04-07,2026-04-07,605.06
2420,Family,3 month,2025-06-06,2025-09-04,320.93
2421,Free,3 month,2025-06-27,2025-09-25,0.0
2422,Premium,3 month,2025-05-19,2025-08-17,764.92
2423,Free,Monthly,2024-10-06,2024-11-05,0.0
2424,Premium,Yearly,2024-08-09,2025-08-09,605.06
2425,Family,Monthly,2025-05-31,2025-06-30,530.8
2426,Free,Monthly,2025-03-25,2025-04-24,0.0
2427,Premium,Yearly,2024-09-25,2025-09-25,605.06
2428,Free,Yearly,2025-04-07,2026-04-07,0.0
2429,Free,3 month,2024-12-01,2025-03-01,0.0
2430,Family,Yearly,2024-09-05,2025-09-05,605.06
2431,Premium,Yearly,2025-07-08,2026-07-08,605.06
2432,Premium,3 month,2025-05-13,2025-08-11,605.06
2433,Free,Monthly,2025-06-09,2025-07-09,0.0
2434,Family,Yearly,2025-02-08,2026-02-08,819.06
2435,Premium,Yearly,2025-01-08,2026-01-08,605.06
2436,Family,3 month,2025-04-29,2025-07-28,976.27
2437,Free,3 month,2024-10-02,2024-12-31,0.0
2438,Premium,Yearly,2025-06-26,2026-06-26,974.0
2439,Premium,3 month,2025-03-09,2025-06-07,605.06
2440,Premium,Monthly,2025-01-18,2025-02-17,605.06
2441,Premium,Monthly,2025-01-20,2025-02-19,817.81
2442,Premium,Yearly,2025-01-10,2026-01-10,605.06
2443,Premium,3 month,2025-04-04,2025-07-03,605.06
2444,Family,Monthly,2025-06-18,2025-07-18,605.06
2445,Family,3 month,2025-02-24,2025-05-25,605.06
2446,Premium,Yearly,2024-09-10,2025-09-10,605.06
2447,Premium,Yearly,2025-02-27,2026-02-27,692.05
2448,Free,3 month,2025-06-03,2025-09-01,0.0
2449,Premium,Monthly,2025-04-30,2025-05-30,605.06
2450,Family,Monthly,2024-09-29,2024-10-29,605.06
2451,Free,3 month,2024-10-10,2025-01-08,0.0
2452,Family,3 month,2025-05-17,2025-08-15,605.06
2453,Family,Yearly,2025-08-06,2026-08-06,839.9
2454,Family,Monthly,2025-05-24,2025-06-23,762.42
2455,Premium,Yearly,2025-01-13,2026-01-13,605.06
2456,Premium,Yearly,2025-06-23,2026-06-23,605.06
2457,Family,Yearly,2024-09-23,2025-09-23,605.06
2458,Premium,3 month,2024-08-16,2024-11-14,605.06
2459,Premium,Yearly,2024-12-12,2025-12-12,605.06
2460,Premium,Yearly,2025-05-10,2026-05-10,605.06
2461,Family,3 month,2024-11-17,2025-02-15,605.06
2462,Free,Monthly,2025-03-01,2025-03-31,0.0
2463,Premium,3 month,2025-03-19,2025-06-17,605.06
2464,Free,Yearly,2025-05-08,2026-05-08,0.0
2465,Family,3 month,2025-07-11,2025-10-09,467.87
2466,Premium,Yearly,2024-10-18,2025-10-18,605.06
2467,Free,Monthly,2024-09-01,2024-10-01,0.0
2468,Free,3 month,2024-09-26,2024-12-25,0.0
2469,Premium,Monthly,2025-05-15,2025-06-14,335.62
2470,Premium,3 month,2024-09-25,2024-12-24,605.06
2471,Free,3 month,2024-08-25,2024-11-23,0.0
2472,Family,Monthly,2025-05-03,2025-06-02,605.06
2473,Premium,Yearly,2025-06-05,2026-06-05,605.06
2474,Premium,3 month,2025-05-14,2025-08-12,605.06
2475,Free,3 month,2025-01-01,2025-04-01,0.0
2476,Family,Monthly,2024-10-29,2024-11-28,605.06
2477,Premium,Monthly,2024-10-15,2024-11-14,605.06
2478,Family,Monthly,2025-05-16,2025-06-15,605.06
2479,Family,3 month,2025-04-29,2025-07-28,605.06
2480,Free,Monthly,2025-02-02,2025-03-04,0.0
2481,Family,Yearly,2024-10-14,2025-10-14,605.06
2482,Family,Monthly,2024-10-04,2024-11-03,605.06
2483,Free,3 month,2025-03-24,2025-06-22,0.0
2484,Family,Monthly,2025-06-20,2025-07-20,605.06
2485,Family,Yearly,2024-12-04,2025-12-04,725.0
2486,Premium,3 month,2025-02-02,2025-05-03,605.06
2487,Free,Monthly,2025-04-17,2025-05-17,0.0
2488,Premium,Monthly,2024-09-26,2024-10-26,605.06
2489,Premium,Monthly,2025-03-20,2025-04-19,771.69
2490,Family,Yearly,2025-03-12,2026-03-12,605.06
2491,Family,3 month,2025-07-23,2025-10-21,605.06
2492,Free,3 month,2024-11-12,2025-02-10,0.0
2493,Family,Monthly,2025-07-21,2025-08-20,605.06
2494,Premium,Monthly,2025-06-05,2025-07-05,433.19
2495,Premium,Yearly,2025-05-16,2026-05-16,605.06
2496,Free,3 month,2024-11-27,2025-02-25,0.0
2497,Family,Monthly,2025-06-22,2025-07-22,605.06
2498,Premium,Monthly,2024-11-15,2024-12-15,605.06
2499,Premium,Monthly,2025-04-02,2025-05-02,605.06
2500,Premium,Yearly,2025-01-22,2026-01-22,605.06
2501,Premium,Yearly,2024-09-19,2025-09-19,982.96
2502,Family,Yearly,2024-08-24,2025-08-24,605.06
2503,Premium,3 month,2025-07-15,2025-10-13,605.06
2504,Free,3 month,2025-06-14,2025-09-12,0.0
2505,Free,3 month,2024-09-25,2024-12-24,0.0
2506,Family,3 month,2024-12-30,2025-03-30,605.06
2507,Free,Monthly,2024-12-18,2025-01-17,0.0
2508,Premium,Yearly,2025-01-02,2026-01-02,605.06
2509,Premium,Yearly,2024-08-31,2025-08-31,605.06
2510,Premium,3 month,2024-11-25,2025-02-23,499.26
2511,Free,3 month,2025-08-07,2025-11-05,0.0
2512,Premium,Yearly,2025-03-31,2026-03-31,605.06
2513,Family,Monthly,2025-06-02,2025-07-02,605.06
2514,Family,Monthly,2025-02-09,2025-03-11,633.31
2515,Premium,Monthly,2025-02-18,2025-03-20,830.39
2516,Free,Yearly,2025-04-03,2026-04-03,0.0
2517,Premium,3 month,2025-05-17,2025-08-15,316.83
2518,Premium,Yearly,2025-02-15,2026-02-15,605.06
2519,Free,3 month,2025-01-13,2025-04-13,0.0
2520,Premium,3 month,2024-08-25,2024-11-23,523.0
2521,Family,Yearly,2024-11-28,2025-11-28,605.06
2522,Family,3 month,2025-04-10,2025-07-09,605.06
2523,Family,Yearly,2025-08-01,2026-08-01,831.21
2524,Free,3 month,2024-11-05,2025-02-03,0.0
2525,Premium,Monthly,2024-09-29,2024-10-29,605.06
2526,Premium,Yearly,2025-02-18,2026-02-18,605.06
2527,Premium,Yearly,2024-09-06,2025-09-06,605.06
2528,Premium,Yearly,2025-04-07,2026-04-07,605.06
2529,Premium,Monthly,2025-06-30,2025-07-30,605.06
2530,Premium,Yearly,2025-04-23,2026-04-23,605.06
2531,Premium,Monthly,2024-08-15,2024-09-14,605.06
2532,Free,Monthly,2025-07-09,2025-08-08,0.0
2533,Premium,Monthly,2025-05-19,2025-06-18,955.32
2534,Premium,3 month,2024-10-27,2025-01-25,605.06
2535,Family,Monthly,2025-05-19,2025-06-18,395.75
2536,Free,Yearly,2025-07-12,2026-07-12,0.0
2537,Premium,3 month,2024-09-22,2024-12-21,605.06
2538,Family,Yearly,2025-07-25,2026-07-25,605.06
2539,Family,3 month,2024-11-07,2025-02-05,605.06
2540,Family,3 month,2025-02-03,2025-05-04,605.06
2541,Family,Yearly,2025-04-12,2026-04-12,225.06
2542,Free,Yearly,2025-05-28,2026-05-28,0.0
2543,Free,3 month,2025-07-25,2025-10-23,0.0
2544,Free,Yearly,2025-05-08,2026-05-08,0.0
2545,Premium,Yearly,2025-04-23,2026-04-23,605.06
2546,Premium,Yearly,2025-07-14,2026-07-14,266.39
2547,Family,Monthly,2025-06-15,2025-07-15,313.09
2548,Family,Monthly,2025-07-26,2025-08-25,605.06
2549,Premium,Yearly,2024-08-14,2025-08-14,605.06
2550,Premium,Monthly,2025-08-04,2025-09-03,605.06
2551,Free,Yearly,2024-08-27,2025-08-27,0.0
2552,Premium,Monthly,2024-10-16,2024-11-15,767.01
2553,Premium,Yearly,2025-01-01,2026-01-01,605.06
2554,Premium,Monthly,2024-10-30,2024-11-29,658.12
2555,Premium,3 month,2024-09-11,2024-12-10,605.06
2556,Free,3 month,2025-01-14,2025-04-14,0.0
2557,Free,Yearly,2024-09-26,2025-09-26,0.0
2558,Premium,Monthly,2024-09-25,2024-10-25,605.06
2559,Family,Yearly,2025-03-30,2026-03-30,605.06
2560,Premium,Monthly,2025-05-15,2025-06-14,605.06
2561,Premium,3 month,2024-09-24,2024-12-23,733.03
2562,Free,Yearly,2024-12-10,2025-12-10,0.0
2563,Free,Yearly,2025-04-06,2026-04-06,0.0
2564,Premium,Monthly,2024-10-16,2024-11-15,605.06
2565,Free,3 month,2025-05-12,2025-08-10,0.0
2566,Premium,3 month,2025-01-29,2025-04-29,605.06
2567,Premium,Yearly,2024-08-26,2025-08-26,605.06
2568,Free,Yearly,2024-12-14,2025-12-14,0.0
2569,Premium,3 month,2025-07-12,2025-10-10,605.06
2570,Family,Yearly,2025-02-04,2026-02-04,873.99
2571,Free,Yearly,2024-11-14,2025-11-14,0.0
2572,Free,Yearly,2025-03-17,2026-03-17,0.0
2573,Free,Monthly,2024-10-19,2024-11-18,0.0
2574,Premium,Monthly,2025-08-01,2025-08-31,605.06
2575,Premium,Monthly,2025-01-20,2025-02-19,605.06
2576,Premium,Monthly,2025-05-21,2025-06-20,535.62
2577,Premium,3 month,2024-12-22,2025-03-22,605.06
2578,Premium,Yearly,2025-07-19,2026-07-19,605.06
2579,Family,Monthly,2025-04-28,2025-05-28,605.06
2580,Free,3 month,2025-04-30,2025-07-29,0.0
2581,Premium,Monthly,2025-07-23,2025-08-22,605.06
2582,Premium,3 month,2025-07-05,2025-10-03,605.06
2583,Free,Monthly,2025-06-22,2025-07-22,0.0
2584,Premium,Monthly,2025-04-24,2025-05-24,605.06
2585,Family,3 month,2025-05-12,2025-08-10,211.94
2586,Premium,3 month,2025-06-03,2025-09-01,605.06
2587,Premium,3 month,2024-11-13,2025-02-11,605.06
2588,Free,Monthly,2025-06-05,2025-07-05,0.0
2589,Premium,Monthly,2024-08-19,2024-09-18,762.64
2590,Family,3 month,2024-12-29,2025-03-29,976.3
2591,Family,Yearly,2024-10-31,2025-10-31,345.05
2592,Free,Monthly,2024-10-21,2024-11-20,0.0
2593,Premium,Monthly,2025-04-12,2025-05-12,448.14
2594,Premium,Monthly,2024-08-11,2024-09-10,203.45
2595,Premium,Yearly,2024-10-08,2025-10-08,605.06
2596,Family,Yearly,2024-11-08,2025-11-08,650.17
2597,Free,Monthly,2025-01-08,2025-02-07,0.0
2598,Premium,3 month,2025-05-27,2025-08-25,636.34
2599,Family,3 month,2024-09-23,2024-12-22,288.4
2600,Family,3 month,2025-03-18,2025-06-16,605.06
2601,Family,3 month,2025-02-16,2025-05-17,605.06
2602,Premium,3 month,2025-05-22,2025-08-20,605.06
2603,Free,Yearly,2025-07-28,2026-07-28,0.0
2604,Premium,Monthly,2024-10-24,2024-11-23,697.09
2605,Premium,Monthly,2025-05-18,2025-06-17,605.06
2606,Premium,Yearly,2024-11-02,2025-11-02,430.98
2607,Free,Yearly,2024-09-22,2025-09-22,0.0
2608,Family,Monthly,2024-10-12,2024-11-11,605.06
2609,Premium,Monthly,2025-04-25,2025-05-25,605.06
2610,Family,Yearly,2024-10-20,2025-10-20,605.06
2611,Premium,Yearly,2025-04-26,2026-04-26,605.06
2612,Premium,Yearly,2024-12-07,2025-12-07,605.06
2613,Family,Yearly,2025-06-30,2026-06-30,605.06
2614,Free,Monthly,2024-12-10,2025-01-09,0.0
2615,Premium,3 month,2024-12-29,2025-03-29,605.06
2616,Premium,Monthly,2024-09-03,2024-10-03,739.36
2617,Premium,Yearly,2024-10-29,2025-10-29,605.06
2618,Premium,Yearly,2025-08-07,2026-08-07,605.06
2619,Free,3 month,2025-03-24,2025-06-22,0.0
2620,Premium,Yearly,2025-02-02,2026-02-02,605.06
2621,Premium,Monthly,2025-01-25,2025-02-24,808.49
2622,Free,Monthly,2025-07-16,2025-08-15,0.0
2623,Family,Monthly,2025-01-14,2025-02-13,324.29
2624,Family,3 month,2025-05-24,2025-08-22,605.06
2625,Premium,Monthly,2024-08-19,2024-09-18,386.48
2626,Premium,3 month,2025-06-30,2025-09-28,398.21
2627,Free,Yearly,2024-12-12,2025-12-12,0.0
2628,Family,Yearly,2024-11-26,2025-11-26,605.06
2629,Premium,3 month,2024-11-28,2025-02-26,605.06
2630,Premium,Yearly,2024-09-22,2025-09-22,965.58
2631,Premium,3 month,2025-07-27,2025-10-25,605.06
2632,Premium,3 month,2025-02-08,2025-05-09,605.06
2633,Premium,3 month,2025-06-21,2025-09-19,834.36
2634,Free,3 month,2025-02-02,2025-05-03,0.0
2635,Family,Monthly,2025-07-20,2025-08-19,791.34
2636,Family,Yearly,2025-04-01,2026-04-01,605.06
2637,Premium,3 month,2024-11-18,2025-02-16,605.06
2638,Premium,3 month,2025-07-01,2025-09-29,605.06
2639,Premium,3 month,2025-01-25,2025-04-25,605.06
2640,Premium,Yearly,2024-10-01,2025-10-01,605.06
2641,Free,Monthly,2025-06-26,2025-07-26,0.0
2642,Free,Yearly,2025-04-13,2026-04-13,0.0
2643,Premium,Yearly,2025-08-09,2026-08-09,605.06
2644,Family,Yearly,2025-04-24,2026-04-24,605.06
2645,Family,Monthly,2025-05-18,2025-06-17,605.06
2646,Premium,Yearly,2025-01-14,2026-01-14,381.48
2647,Family,Monthly,2025-07-31,2025-08-30,446.86
2648,Free,3 month,2025-02-02,2025-05-03,0.0
2649,Premium,Monthly,2025-02-13,2025-03-15,605.06
2650,Premium,Yearly,2025-04-19,2026-04-19,605.06
2651,Family,Monthly,2025-06-22,2025-07-22,605.06
2652,Premium,3 month,2025-02-01,2025-05-02,741.84
2653,Premium,3 month,2025-08-06,2025-11-04,605.06
2654,Premium,Yearly,2025-03-19,2026-03-19,258.01
2655,Premium,3 month,2025-01-05,2025-04-05,827.83
2656,Family,Monthly,2024-11-20,2024-12-20,911.36
2657,Premium,Monthly,2025-01-06,2025-02-05,605.06
2658,Premium,Yearly,2025-07-29,2026-07-29,272.09
2659,Family,Yearly,2024-12-05,2025-12-05,605.06
2660,Free,Yearly,2025-01-01,2026-01-01,0.0
2661,Family,3 month,2025-02-07,2025-05-08,558.68
2662,Premium,3 month,2025-05-15,2025-08-13,262.32
2663,Family,3 month,2024-10-30,2025-01-28,720.73
2664,Premium,3 month,2024-09-09,2024-12-08,605.06
2665,Family,Yearly,2025-02-03,2026-02-03,605.06
2666,Premium,Yearly,2024-09-18,2025-09-18,605.06
2667,Premium,Yearly,2025-05-11,2026-05-11,605.06
2668,Premium,Monthly,2025-03-22,2025-04-21,605.06
2669,Premium,3 month,2024-12-11,2025-03-11,605.06
2670,Premium,3 month,2025-06-12,2025-09-10,672.82
2671,Premium,3 month,2024-11-07,2025-02-05,594.44
2672,Family,3 month,2025-02-14,2025-05-15,527.87
2673,Premium,Monthly,2024-08-10,2024-09-09,612.36
2674,Free,Yearly,2025-02-24,2026-02-24,0.0
2675,Family,Monthly,2025-02-24,2025-03-26,605.06
2676,Free,3 month,2024-08-11,2024-11-09,0.0
2677,Premium,3 month,2025-07-17,2025-10-15,605.06
2678,Family,Monthly,2025-05-02,2025-06-01,605.06
2679,Premium,Yearly,2024-11-03,2025-11-03,605.06
2680,Premium,Monthly,2025-04-19,2025-05-19,605.06
2681,Free,3 month,2025-05-10,2025-08-08,0.0
2682,Family,Yearly,2025-05-22,2026-05-22,414.05
2683,Premium,Yearly,2025-06-22,2026-06-22,686.98
2684,Premium,3 month,2024-12-02,2025-03-02,368.96
2685,Family,3 month,2025-05-06,2025-08-04,605.06
2686,Premium,Monthly,2024-09-21,2024-10-21,743.04
2687,Family,3 month,2024-12-14,2025-03-14,605.06
2688,Free,Monthly,2025-03-07,2025-04-06,0.0
2689,Family,3 month,2025-02-14,2025-05-15,205.71
2690,Family,3 month,2024-10-30,2025-01-28,605.06
2691,Free,Yearly,2025-07-27,2026-07-27,0.0
2692,Free,Monthly,2024-12-04,2025-01-03,0.0
2693,Free,Monthly,2025-02-23,2025-03-25,0.0
2694,Free,Monthly,2025-04-02,2025-05-02,0.0
2695,Premium,Monthly,2024-10-08,2024-11-07,605.06
2696,Premium,3 month,2025-05-11,2025-08-09,605.06
2697,Premium,Yearly,2025-07-07,2026-07-07,745.17
2698,Premium,3 month,2024-10-04,2025-01-02,605.06
2699,Free,Yearly,2025-06-20,2026-06-20,0.0
2700,Premium,Yearly,2024-09-29,2025-09-29,605.06
2701,Premium,3 month,2024-09-10,2024-12-09,605.06
2702,Free,Monthly,2024-09-20,2024-10-20,0.0
2703,Premium,Yearly,2025-06-20,2026-06-20,812.26
2704,Family,3 month,2024-11-02,2025-01-31,792.43
2705,Premium,3 month,2025-06-20,2025-09-18,605.06
2706,Premium,Yearly,2025-05-26,2026-05-26,605.06
2707,Premium,Monthly,2025-02-20,2025-03-22,605.06
2708,Free,Monthly,2025-02-09,2025-03-11,0.0
2709,Family,3 month,2025-05-12,2025-08-10,605.06
2710,Premium,Monthly,2025-01-09,2025-02-08,605.06
2711,Premium,Monthly,2024-10-13,2024-11-12,605.06
2712,Premium,Monthly,2025-03-04,2025-04-03,605.06
2713,Premium,3 month,2025-06-22,2025-09-20,205.59
2714,Premium,3 month,2024-11-29,2025-02-27,605.06
2715,Free,Yearly,2025-06-18,2026-06-18,0.0
2716,Family,3 month,2025-01-14,2025-04-14,605.06
2717,Premium,3 month,2025-05-05,2025-08-03,605.06
2718,Premium,3 month,2025-03-12,2025-06-10,605.06
2719,Premium,Monthly,2024-08-18,2024-09-17,605.06
2720,Premium,Monthly,2025-03-13,2025-04-12,605.06
2721,Family,Yearly,2024-12-11,2025-12-11,605.06
2722,Family,3 month,2025-01-21,2025-04-21,609.09
2723,Premium,Yearly,2025-07-08,2026-07-08,605.06
2724,Premium,Monthly,2025-06-20,2025-07-20,605.06
2725,Free,3 month,2024-11-05,2025-02-03,0.0
2726,Family,Monthly,2025-03-19,2025-04-18,605.06
2727,Premium,3 month,2025-05-21,2025-08-19,605.06
2728,Family,Monthly,2025-04-24,2025-05-24,460.21
2729,Premium,Monthly,2024-09-17,2024-10-17,605.06
2730,Premium,Yearly,2024-10-07,2025-10-07,553.31
2731,Premium,Yearly,2024-09-16,2025-09-16,933.15
2732,Free,Monthly,2025-04-26,2025-05-26,0.0
2733,Family,3 month,2025-05-08,2025-08-06,605.06
2734,Family,3 month,2025-04-20,2025-07-19,605.06
2735,Premium,3 month,2025-07-25,2025-10-23,605.06
2736,Free,Monthly,2025-07-19,2025-08-18,0.0
2737,Free,3 month,2024-12-23,2025-03-23,0.0
2738,Family,Yearly,2025-01-12,2026-01-12,605.06
2739,Free,Yearly,2025-05-09,2026-05-09,0.0
2740,Premium,Monthly,2025-04-26,2025-05-26,636.28
2741,Free,3 month,2024-10-21,2025-01-19,0.0
2742,Premium,Yearly,2024-09-01,2025-09-01,848.33
2743,Premium,Monthly,2024-10-09,2024-11-08,605.06
2744,Premium,Yearly,2024-09-01,2025-09-01,845.97
2745,Premium,Monthly,2025-07-03,2025-08-02,893.48
2746,Premium,Yearly,2024-12-13,2025-12-13,721.68
2747,Premium,3 month,2025-04-14,2025-07-13,605.06
2748,Premium,Yearly,2024-11-13,2025-11-13,605.06
2749,Family,3 month,2025-07-15,2025-10-13,605.06
2750,Family,Monthly,2024-09-16,2024-10-16,933.46
2751,Premium,Yearly,2024-11-05,2025-11-05,605.06
2752,Family,3 month,2024-11-15,2025-02-13,605.06
2753,Premium,Monthly,2025-03-23,2025-04-22,605.06
2754,Family,3 month,2025-03-24,2025-06-22,605.06
2755,Premium,Yearly,2025-07-09,2026-07-09,605.06
2756,Free,Yearly,2025-02-13,2026-02-13,0.0
2757,Family,Monthly,2024-10-03,2024-11-02,605.06
2758,Premium,Yearly,2025-03-30,2026-03-30,363.37
2759,Family,Yearly,2025-07-22,2026-07-22,782.1
2760,Family,Yearly,2024-08-31,2025-08-31,644.57
2761,Premium,Yearly,2024-11-17,2025-11-17,200.93
2762,Free,Monthly,2025-02-05,2025-03-07,0.0
2763,Premium,Yearly,2025-06-06,2026-06-06,605.06
2764,Free,Yearly,2024-10-13,2025-10-13,0.0
2765,Free,3 month,2025-07-11,2025-10-09,0.0
2766,Family,Yearly,2025-08-04,2026-08-04,956.28
2767,Premium,Monthly,2025-06-28,2025-07-28,605.06
2768,Free,3 month,2025-02-19,2025-05-20,0.0
2769,Premium,3 month,2024-12-28,2025-03-28,747.25
2770,Free,Monthly,2024-12-03,2025-01-02,0.0
2771,Family,3 month,2025-01-03,2025-04-03,348.39
2772,Family,3 month,2024-11-08,2025-02-06,605.06
2773,Family,Monthly,2025-03-24,2025-04-23,605.06
2774,Free,Monthly,2024-08-15,2024-09-14,0.0
2775,Premium,3 month,2025-04-22,2025-07-21,605.06
2776,Free,Yearly,2025-02-26,2026-02-26,0.0
2777,Premium,Yearly,2025-03-12,2026-03-12,605.06
2778,Free,Yearly,2025-02-20,2026-02-20,0.0
2779,Family,3 month,2025-07-08,2025-10-06,605.06
2780,Premium,Monthly,2024-09-24,2024-10-24,605.06
2781,Family,3 month,2025-03-30,2025-06-28,352.0
2782,Free,Yearly,2024-08-13,2025-08-13,0.0
2783,Free,Monthly,2025-06-27,2025-07-27,0.0
2784,Premium,Monthly,2025-05-23,2025-06-22,477.23
2785,Premium,3 month,2025-07-31,2025-10-29,605.06
2786,Premium,Yearly,2024-10-01,2025-10-01,517.77
2787,Family,Yearly,2025-04-25,2026-04-25,234.62
2788,Family,Monthly,2024-11-23,2024-12-23,605.06
2789,Free,3 month,2025-03-05,2025-06-03,0.0
2790,Premium,3 month,2025-03-31,2025-06-29,605.06
2791,Free,Yearly,2025-05-29,2026-05-29,0.0
2792,Premium,Yearly,2025-02-23,2026-02-23,605.06
2793,Premium,3 month,2024-08-26,2024-11-24,605.06
2794,Premium,Monthly,2025-03-16,2025-04-15,605.06
2795,Premium,Yearly,2024-11-20,2025-11-20,605.06
2796,Premium,3 month,2025-04-16,2025-07-15,605.06
2797,Family,3 month,2025-06-17,2025-09-15,591.15
2798,Premium,Monthly,2025-03-29,2025-04-28,605.06
2799,Premium,Monthly,2025-02-04,2025-03-06,605.06
2800,Premium,Yearly,2024-11-15,2025-11-15,605.06
2801,Premium,Monthly,2025-02-27,2025-03-29,605.06
2802,Premium,Yearly,2025-02-23,2026-02-23,790.63
2803,Premium,Monthly,2024-09-24,2024-10-24,605.06
2804,Premium,Monthly,2025-05-27,2025-06-26,605.06
2805,Family,Yearly,2024-09-16,2025-09-16,605.06
2806,Family,3 month,2025-04-22,2025-07-21,634.56
2807,Free,Yearly,2025-06-30,2026-06-30,0.0
2808,Premium,Yearly,2024-08-22,2025-08-22,866.73
2809,Free,Monthly,2024-10-23,2024-11-22,0.0
2810,Free,Yearly,2024-11-05,2025-11-05,0.0
2811,Premium,3 month,2025-05-31,2025-08-29,605.06
2812,Free,3 month,2025-07-22,2025-10-20,0.0
2813,Family,Monthly,2025-05-29,2025-06-28,605.06
2814,Premium,Yearly,2025-05-27,2026-05-27,770.69
2815,Premium,Yearly,2024-10-25,2025-10-25,710.18
2816,Free,3 month,2025-06-25,2025-09-23,0.0
2817,Premium,Yearly,2024-12-11,2025-12-11,605.06
2818,Family,Yearly,2025-04-01,2026-04-01,605.06
2819,Premium,Monthly,2025-02-11,2025-03-13,605.06
2820,Premium,3 month,2025-05-18,2025-08-16,605.06
2821,Free,3 month,2024-12-17,2025-03-17,0.0
2822,Family,Yearly,2025-05-31,2026-05-31,766.56
2823,Free,3 month,2025-06-13,2025-09-11,0.0
2824,Family,Monthly,2024-08-23,2024-09-22,674.58
2825,Premium,Monthly,2024-11-04,2024-12-04,714.9
2826,Premium,Monthly,2024-09-12,2024-10-12,530.49
2827,Free,Yearly,2025-04-02,2026-04-02,0.0
2828,Family,3 month,2025-03-08,2025-06-06,605.06
2829,Premium,Monthly,2024-08-28,2024-09-27,529.92
2830,Premium,Monthly,2025-03-01,2025-03-31,605.06
2831,Premium,Monthly,2025-04-28,2025-05-28,605.06
2832,Premium,Yearly,2025-05-09,2026-05-09,292.98
2833,Premium,Yearly,2024-12-25,2025-12-25,270.84
2834,Free,Monthly,2024-10-26,2024-11-25,0.0
2835,Premium,Monthly,2024-12-13,2025-01-12,605.06
2836,Free,3 month,2025-02-18,2025-05-19,0.0
2837,Premium,3 month,2025-06-30,2025-09-28,605.06
2838,Premium,Monthly,2025-04-30,2025-05-30,605.06
2839,Premium,Monthly,2025-07-11,2025-08-10,605.06
2840,Family,3 month,2024-09-01,2024-11-30,434.23
2841,Free,Monthly,2024-11-02,2024-12-02,0.0
2842,Premium,Monthly,2025-08-07,2025-09-06,619.11
2843,Premium,3 month,2025-07-14,2025-10-12,492.99
2844,Family,3 month,2024-10-14,2025-01-12,240.22
2845,Premium,Monthly,2024-09-03,2024-10-03,605.06
2846,Free,Yearly,2025-07-21,2026-07-21,0.0
2847,Free,Yearly,2025-03-24,2026-03-24,0.0
2848,Free,Monthly,2024-09-25,2024-10-25,0.0
2849,Free,Yearly,2025-01-15,2026-01-15,0.0
2850,Family,Yearly,2024-12-23,2025-12-23,904.6
2851,Family,Monthly,2025-08-07,2025-09-06,816.17
2852,Free,3 month,2024-08-31,2024-11-29,0.0
2853,Family,Monthly,2025-03-27,2025-04-26,605.06
2854,Free,3 month,2025-05-06,2025-08-04,0.0
2855,Free,Yearly,2025-02-05,2026-02-05,0.0
2856,Family,Monthly,2025-07-07,2025-08-06,605.06
2857,Premium,3 month,2025-05-17,2025-08-15,527.9
2858,Free,Monthly,2025-05-20,2025-06-19,0.0
2859,Premium,3 month,2025-05-02,2025-07-31,605.06
2860,Free,Monthly,2025-05-08,2025-06-07,0.0
2861,Family,Yearly,2024-12-17,2025-12-17,605.06
2862,Premium,3 month,2025-06-12,2025-09-10,605.06
2863,Premium,Yearly,2025-05-29,2026-05-29,261.28
2864,Free,3 month,2024-09-10,2024-12-09,0.0
2865,Family,Yearly,2024-09-07,2025-09-07,605.06
2866,Family,3 month,2025-01-17,2025-04-17,623.23
2867,Premium,Yearly,2025-02-23,2026-02-23,605.06
2868,Family,3 month,2025-06-04,2025-09-02,606.72
2869,Free,3 month,2025-06-10,2025-09-08,0.0
2870,Family,Monthly,2024-11-10,2024-12-10,243.95
2871,Free,Monthly,2024-10-26,2024-11-25,0.0
2872,Premium,Yearly,2025-01-24,2026-01-24,605.06
2873,Premium,Yearly,2024-08-09,2025-08-09,605.06
2874,Premium,Yearly,2025-05-30,2026-05-30,605.06
2875,Free,Yearly,2025-05-22,2026-05-22,0.0
2876,Family,Monthly,2025-07-15,2025-08-14,605.06
2877,Premium,3 month,2025-02-28,2025-05-29,605.06
2878,Free,3 month,2025-02-13,2025-05-14,0.0
2879,Free,Monthly,2025-07-13,2025-08-12,0.0
2880,Premium,Yearly,2024-09-30,2025-09-30,605.06
2881,Family,3 month,2025-04-01,2025-06-30,605.06
2882,Premium,Monthly,2024-12-14,2025-01-13,676.34
2883,Family,Monthly,2025-04-29,2025-05-29,406.85
2884,Premium,Yearly,2024-10-30,2025-10-30,256.33
2885,Premium,3 month,2025-06-23,2025-09-21,907.68
2886,Free,3 month,2025-05-29,2025-08-27,0.0
2887,Free,Monthly,2024-11-04,2024-12-04,0.0
2888,Family,3 month,2024-09-23,2024-12-22,605.06
2889,Premium,Monthly,2025-04-22,2025-05-22,605.06
2890,Premium,3 month,2024-11-12,2025-02-10,605.06
2891,Family,Yearly,2024-12-22,2025-12-22,605.06
2892,Premium,Monthly,2025-01-09,2025-02-08,605.06
2893,Family,Monthly,2024-08-25,2024-09-24,605.06
2894,Premium,3 month,2025-01-26,2025-04-26,605.06
2895,Premium,Yearly,2025-06-08,2026-06-08,605.06
2896,Premium,Yearly,2025-04-17,2026-04-17,243.55
2897,Family,Monthly,2024-08-23,2024-09-22,605.06
2898,Premium,3 month,2025-04-20,2025-07-19,605.06
2899,Free,3 month,2025-01-19,2025-04-19,0.0
2900,Premium,Yearly,2024-09-22,2025-09-22,605.06
2901,Premium,Monthly,2024-09-26,2024-10-26,605.06
2902,Family,Monthly,2025-07-10,2025-08-09,605.06
2903,Premium,3 month,2024-12-10,2025-03-10,509.7
2904,Premium,Monthly,2025-01-30,2025-03-01,605.06
2905,Premium,3 month,2025-06-30,2025-09-28,605.06
2906,Family,Monthly,2024-10-11,2024-11-10,643.27
2907,Free,3 month,2025-02-14,2025-05-15,0.0
2908,Family,3 month,2025-01-23,2025-04-23,605.06
2909,Family,Yearly,2024-08-23,2025-08-23,605.06
2910,Family,3 month,2025-07-12,2025-10-10,879.53
2911,Premium,3 month,2025-07-22,2025-10-20,605.06
2912,Family,Monthly,2024-09-06,2024-10-06,737.1
2913,Free,Monthly,2024-08-30,2024-09-29,0.0
2914,Free,3 month,2024-08-30,2024-11-28,0.0
2915,Family,Monthly,2025-04-19,2025-05-19,605.06
2916,Premium,3 month,2024-09-04,2024-12-03,605.06
2917,Free,Yearly,2025-06-16,2026-06-16,0.0
2918,Family,Yearly,2024-09-23,2025-09-23,725.88
2919,Free,Yearly,2025-04-27,2026-04-27,0.0
2920,Family,3 month,2025-05-11,2025-08-09,605.06
2921,Free,3 month,2025-07-20,2025-10-18,0.0
2922,Free,3 month,2025-01-25,2025-04-25,0.0
2923,Family,3 month,2024-10-10,2025-01-08,605.06
2924,Free,Monthly,2024-12-08,2025-01-07,0.0
2925,Premium,3 month,2025-03-01,2025-05-30,605.06
2926,Premium,Monthly,2025-02-02,2025-03-04,605.06
2927,Premium,3 month,2024-10-10,2025-01-08,435.61
2928,Free,Yearly,2024-08-29,2025-08-29,0.0
2929,Free,3 month,2025-03-27,2025-06-25,0.0
2930,Premium,Yearly,2025-05-02,2026-05-02,605.06
2931,Family,Yearly,2025-07-04,2026-07-04,605.06
2932,Family,3 month,2025-07-12,2025-10-10,605.06
2933,Free,3 month,2025-05-31,2025-08-29,0.0
2934,Premium,Yearly,2024-08-18,2025-08-18,605.06
2935,Family,3 month,2025-06-04,2025-09-02,844.6
2936,Family,Monthly,2025-03-22,2025-04-21,605.06
2937,Free,Yearly,2025-07-02,2026-07-02,0.0
2938,Family,Yearly,2025-04-15,2026-04-15,604.22
2939,Family,Yearly,2025-02-03,2026-02-03,467.23
2940,Premium,Monthly,2025-03-11,2025-04-10,605.06
2941,Premium,3 month,2024-11-21,2025-02-19,605.06
2942,Free,Monthly,2025-07-14,2025-08-13,0.0
2943,Free,Yearly,2024-08-31,2025-08-31,0.0
2944,Free,Monthly,2025-04-13,2025-05-13,0.0
2945,Free,Yearly,2025-03-29,2026-03-29,0.0
2946,Premium,Monthly,2024-08-13,2024-09-12,544.99
2947,Free,Monthly,2024-12-28,2025-01-27,0.0
2948,Free,Yearly,2025-02-13,2026-02-13,0.0
2949,Family,3 month,2025-04-26,2025-07-25,605.06
2950,Premium,Monthly,2025-03-22,2025-04-21,915.08
2951,Family,Yearly,2024-09-25,2025-09-25,605.06
2952,Premium,3 month,2025-04-04,2025-07-03,617.37
2953,Premium,Yearly,2025-07-25,2026-07-25,605.06
2954,Premium,Monthly,2024-09-26,2024-10-26,605.06
2955,Premium,Yearly,2025-07-31,2026-07-31,648.0
2956,Premium,3 month,2024-11-16,2025-02-14,605.06
2957,Free,3 month,2024-10-06,2025-01-04,0.0
2958,Free,Monthly,2024-09-11,2024-10-11,0.0
2959,Premium,Monthly,2025-06-26,2025-07-26,412.21
2960,Premium,3 month,2024-11-17,2025-02-15,605.06
2961,Premium,3 month,2025-04-16,2025-07-15,605.06
2962,Free,Monthly,2025-03-01,2025-03-31,0.0
2963,Family,Monthly,2025-04-05,2025-05-05,535.97
2964,Free,3 month,2024-08-23,2024-11-21,0.0
2965,Premium,3 month,2025-02-22,2025-05-23,605.06
2966,Premium,Yearly,2024-11-27,2025-11-27,749.65
2967,Premium,Monthly,2025-05-26,2025-06-25,418.54
2968,Family,3 month,2025-01-28,2025-04-28,605.06
2969,Family,3 month,2025-06-14,2025-09-12,605.06
2970,Premium,Yearly,2025-03-09,2026-03-09,605.06
2971,Free,3 month,2024-09-14,2024-12-13,0.0
2972,Premium,Yearly,2025-06-25,2026-06-25,605.06
2973,Family,3 month,2025-03-17,2025-06-15,344.22
2974,Premium,3 month,2025-06-26,2025-09-24,900.5
2975,Family,Monthly,2025-05-18,2025-06-17,605.06
2976,Family,3 month,2025-06-14,2025-09-12,605.06
2977,Premium,3 month,2025-01-23,2025-04-23,605.06
2978,Premium,3 month,2024-11-19,2025-02-17,605.06
2979,Premium,3 month,2024-08-21,2024-11-19,340.83
2980,Premium,Yearly,2024-08-15,2025-08-15,344.93
2981,Premium,Yearly,2025-03-09,2026-03-09,605.06
2982,Family,Yearly,2024-09-04,2025-09-04,605.06
2983,Premium,3 month,2024-08-26,2024-11-24,605.06
2984,Family,Monthly,2024-11-10,2024-12-10,396.99
2985,Premium,Yearly,2025-03-15,2026-03-15,806.97
2986,Family,Yearly,2025-02-12,2026-02-12,414.81
2987,Premium,Yearly,2025-02-24,2026-02-24,766.95
2988,Premium,Yearly,2025-01-23,2026-01-23,605.06
2989,Premium,3 month,2025-01-29,2025-04-29,795.17
2990,Premium,Yearly,2024-12-19,2025-12-19,442.83
2991,Premium,Monthly,2025-02-27,2025-03-29,605.06
2992,Family,Monthly,2025-06-24,2025-07-24,933.54
2993,Premium,3 month,2024-12-24,2025-03-24,605.06
2994,Premium,3 month,2024-12-17,2025-03-17,605.06
2995,Premium,Yearly,2024-08-13,2025-08-13,605.06
2996,Premium,3 month,2024-09-28,2024-12-27,605.06
2997,Free,Yearly,2025-03-25,2026-03-25,0.0
2998,Premium,3 month,2025-03-28,2025-06-26,605.06
2999,Premium,Monthly,2025-07-19,2025-08-18,928.28
3000,Premium,Monthly,2024-10-07,2024-11-06,942.18
3001,Premium,3 month,2025-01-08,2025-04-08,605.06
3002,Premium,Yearly,2025-01-08,2026-01-08,605.06
3003,Premium,3 month,2024-11-14,2025-02-12,767.66
3004,Family,Yearly,2024-11-07,2025-11-07,302.17
3005,Free,Yearly,2025-06-23,2026-06-23,0.0
3006,Premium,Yearly,2024-11-06,2025-11-06,385.23
3007,Family,Yearly,2025-05-03,2026-05-03,833.85
3008,Free,Monthly,2024-08-13,2024-09-12,0.0
3009,Premium,Yearly,2024-12-12,2025-12-12,605.06
3010,Family,Monthly,2025-06-08,2025-07-08,688.77
3011,Family,Yearly,2025-01-31,2026-01-31,605.06
3012,Family,Yearly,2024-10-28,2025-10-28,605.06
3013,Family,Monthly,2025-07-06,2025-08-05,605.06
3014,Family,Yearly,2024-09-10,2025-09-10,605.06
3015,Premium,Monthly,2024-12-10,2025-01-09,475.97
3016,Premium,3 month,2024-09-19,2024-12-18,605.06
3017,Premium,Yearly,2025-06-17,2026-06-17,999.56
3018,Family,3 month,2025-01-30,2025-04-30,605.06
3019,Premium,Yearly,2025-03-23,2026-03-23,605.06
3020,Premium,Monthly,2025-04-27,2025-05-27,605.06
3021,Free,3 month,2024-09-24,2024-12-23,0.0
3022,Free,3 month,2024-09-03,2024-12-02,0.0
3023,Free,3 month,2025-06-16,2025-09-14,0.0
3024,Premium,Monthly,2025-01-12,2025-02-11,374.7
3025,Free,Monthly,2024-11-08,2024-12-08,0.0
3026,Premium,Yearly,2024-08-28,2025-08-28,830.95
3027,Family,Monthly,2024-12-06,2025-01-05,605.06
3028,Free,Yearly,2025-07-18,2026-07-18,0.0
3029,Premium,Monthly,2025-01-20,2025-02-19,605.06
3030,Free,Yearly,2025-01-22,2026-01-22,0.0
3031,Family,Yearly,2025-08-02,2026-08-02,605.06
3032,Premium,Yearly,2024-09-11,2025-09-11,605.06
3033,Family,3 month,2025-04-03,2025-07-02,439.02
3034,Premium,Yearly,2025-04-14,2026-04-14,605.06
3035,Family,3 month,2025-05-01,2025-07-30,605.06
3036,Free,Yearly,2025-02-16,2026-02-16,0.0
3037,Free,Yearly,2025-05-25,2026-05-25,0.0
3038,Family,Yearly,2025-03-27,2026-03-27,320.77
3039,Premium,Yearly,2025-01-26,2026-01-26,605.06
3040,Premium,3 month,2024-12-11,2025-03-11,605.06
3041,Family,Yearly,2025-05-04,2026-05-04,605.06
3042,Family,Monthly,2025-01-31,2025-03-02,553.52
3043,Family,Yearly,2024-12-05,2025-12-05,605.06
3044,Free,3 month,2025-08-02,2025-10-31,0.0
3045,Premium,Yearly,2025-05-09,2026-05-09,605.06
3046,Family,3 month,2025-04-23,2025-07-22,605.06
3047,Family,Yearly,2024-09-16,2025-09-16,605.06
3048,Free,3 month,2025-02-09,2025-05-10,0.0
3049,Family,Yearly,2024-12-12,2025-12-12,605.06
3050,Free,Yearly,2024-08-13,2025-08-13,0.0
3051,Family,Yearly,2025-05-23,2026-05-23,881.23
3052,Premium,Monthly,2024-09-24,2024-10-24,605.06
3053,Premium,3 month,2025-05-01,2025-07-30,991.35
3054,Premium,Yearly,2025-04-30,2026-04-30,575.82
3055,Family,3 month,2024-11-05,2025-02-03,605.06
3056,Premium,3 month,2025-04-28,2025-07-27,605.06
3057,Premium,Yearly,2024-10-19,2025-10-19,536.41
3058,Free,3 month,2025-02-09,2025-05-10,0.0
3059,Free,Monthly,2024-12-05,2025-01-04,0.0
3060,Premium,Yearly,2025-07-04,2026-07-04,664.92
3061,Family,Monthly,2024-10-14,2024-11-13,827.58
3062,Family,3 month,2025-06-06,2025-09-04,286.56
3063,Family,Yearly,2025-01-09,2026-01-09,605.06
3064,Free,Monthly,2025-01-25,2025-02-24,0.0
3065,Premium,Monthly,2025-07-16,2025-08-15,605.06
3066,Free,3 month,2024-09-02,2024-12-01,0.0
3067,Premium,3 month,2024-10-25,2025-01-23,323.07
3068,Free,3 month,2024-12-15,2025-03-15,0.0
3069,Premium,Yearly,2025-05-11,2026-05-11,605.06
3070,Family,Monthly,2025-05-18,2025-06-17,605.06
3071,Premium,3 month,2025-04-12,2025-07-11,605.06
3072,Premium,3 month,2025-05-11,2025-08-09,522.91
3073,Family,Monthly,2024-09-19,2024-10-19,605.06
3074,Premium,3 month,2025-02-15,2025-05-16,605.06
3075,Premium,3 month,2024-11-04,2025-02-02,605.06
3076,Free,Yearly,2025-03-21,2026-03-21,0.0
3077,Premium,3 month,2025-01-04,2025-04-04,605.06
3078,Family,3 month,2025-05-02,2025-07-31,605.06
3079,Free,Yearly,2024-09-09,2025-09-09,0.0
3080,Premium,3 month,2025-02-17,2025-05-18,591.78
3081,Premium,Yearly,2025-05-30,2026-05-30,324.77
3082,Family,Monthly,2025-05-18,2025-06-17,605.06
3083,Premium,Monthly,2024-08-10,2024-09-09,605.06
3084,Premium,3 month,2025-03-01,2025-05-30,605.06
3085,Family,Yearly,2024-10-03,2025-10-03,605.06
3086,Family,3 month,2024-10-09,2025-01-07,626.51
3087,Family,Monthly,2025-04-01,2025-05-01,605.06
3088,Premium,Yearly,2025-07-12,2026-07-12,605.06
3089,Premium,Monthly,2025-06-13,2025-07-13,605.06
3090,Free,Yearly,2025-04-24,2026-04-24,0.0
3091,Premium,Monthly,2024-09-19,2024-10-19,605.06
3092,Premium,3 month,2024-09-26,2024-12-25,350.46
3093,Premium,Yearly,2024-09-15,2025-09-15,289.95
3094,Free,Yearly,2025-07-24,2026-07-24,0.0
3095,Premium,3 month,2024-10-28,2025-01-26,605.06
3096,Family,3 month,2025-07-31,2025-10-29,605.06
3097,Premium,Yearly,2024-09-15,2025-09-15,605.06
3098,Premium,Yearly,2025-05-25,2026-05-25,605.06
3099,Premium,Yearly,2024-09-07,2025-09-07,205.24
3100,Premium,3 month,2024-08-23,2024-11-21,605.06
3101,Premium,Monthly,2025-01-11,2025-02-10,605.06
3102,Premium,Monthly,2024-12-14,2025-01-13,605.06
3103,Family,3 month,2025-05-09,2025-08-07,605.06
3104,Premium,Monthly,2025-05-27,2025-06-26,561.25
3105,Premium,Yearly,2024-12-20,2025-12-20,841.48
3106,Free,3 month,2024-10-18,2025-01-16,0.0
3107,Family,Yearly,2025-05-10,2026-05-10,605.06
3108,Family,Yearly,2025-01-30,2026-01-30,540.21
3109,Free,Yearly,2025-04-17,2026-04-17,0.0
3110,Free,Monthly,2025-02-21,2025-03-23,0.0
3111,Premium,Yearly,2025-04-02,2026-04-02,892.8
3112,Premium,Yearly,2024-11-10,2025-11-10,605.06
3113,Premium,Yearly,2024-11-10,2025-11-10,229.89
3114,Family,3 month,2025-05-11,2025-08-09,984.96
3115,Family,Yearly,2025-07-07,2026-07-07,605.06
3116,Free,3 month,2024-12-10,2025-03-10,0.0
3117,Free,Monthly,2024-12-16,2025-01-15,0.0
3118,Premium,Monthly,2025-06-15,2025-07-15,971.5
3119,Family,Yearly,2024-11-10,2025-11-10,605.06
3120,Free,Yearly,2024-10-17,2025-10-17,0.0
3121,Family,Yearly,2024-12-26,2025-12-26,605.06
3122,Premium,Monthly,2025-03-21,2025-04-20,722.6
3123,Family,3 month,2025-06-23,2025-09-21,605.06
3124,Free,Monthly,2024-12-27,2025-01-26,0.0
3125,Free,3 month,2024-08-26,2024-11-24,0.0
3126,Family,3 month,2025-03-15,2025-06-13,605.06
3127,Premium,Monthly,2024-11-29,2024-12-29,337.91
3128,Premium,Monthly,2025-01-05,2025-02-04,644.02
3129,Free,Yearly,2025-07-13,2026-07-13,0.0
3130,Free,Yearly,2024-08-28,2025-08-28,0.0
3131,Premium,Monthly,2025-02-05,2025-03-07,605.06
3132,Free,Monthly,2025-03-02,2025-04-01,0.0
3133,Premium,3 month,2025-03-04,2025-06-02,605.06
3134,Free,Yearly,2024-08-21,2025-08-21,0.0
3135,Premium,3 month,2025-05-02,2025-07-31,681.09
3136,Premium,3 month,2024-10-04,2025-01-02,605.06
3137,Family,Monthly,2025-05-17,2025-06-16,605.06
3138,Family,3 month,2024-08-23,2024-11-21,605.06
3139,Premium,3 month,2025-08-01,2025-10-30,372.2
3140,Free,Yearly,2025-06-20,2026-06-20,0.0
3141,Family,Yearly,2025-05-28,2026-05-28,754.28
3142,Family,3 month,2025-01-17,2025-04-17,605.06
3143,Premium,Monthly,2025-02-10,2025-03-12,605.06
3144,Premium,Monthly,2024-11-18,2024-12-18,605.06
3145,Premium,Yearly,2024-09-17,2025-09-17,605.06
3146,Family,3 month,2025-03-31,2025-06-29,605.06
3147,Premium,Yearly,2025-07-07,2026-07-07,605.06
3148,Free,Yearly,2025-03-05,2026-03-05,0.0
3149,Free,3 month,2024-11-11,2025-02-09,0.0
3150,Premium,Monthly,2024-09-19,2024-10-19,605.06
3151,Premium,Monthly,2025-04-28,2025-05-28,372.65
3152,Family,Yearly,2024-10-29,2025-10-29,605.06
3153,Premium,3 month,2024-10-02,2024-12-31,605.06
3154,Family,Yearly,2025-04-30,2026-04-30,605.06
3155,Family,Yearly,2025-07-08,2026-07-08,605.06
3156,Premium,3 month,2025-04-16,2025-07-15,605.06
3157,Premium,3 month,2024-09-02,2024-12-01,838.76
3158,Free,Monthly,2025-03-25,2025-04-24,0.0
3159,Free,Yearly,2025-03-03,2026-03-03,0.0
3160,Free,Monthly,2024-10-05,2024-11-04,0.0
3161,Premium,Yearly,2025-04-20,2026-04-20,411.98
3162,Family,Monthly,2025-03-15,2025-04-14,605.06
3163,Family,Yearly,2024-11-20,2025-11-20,248.8
3164,Premium,Yearly,2024-11-01,2025-11-01,605.06
3165,Premium,3 month,2025-03-16,2025-06-14,605.06
3166,Family,3 month,2024-08-30,2024-11-28,218.45
3167,Free,3 month,2025-04-28,2025-07-27,0.0
3168,Family,Yearly,2024-08-14,2025-08-14,605.06
3169,Premium,Monthly,2025-04-06,2025-05-06,605.06
3170,Premium,3 month,2025-05-11,2025-08-09,605.06
3171,Premium,3 month,2025-05-30,2025-08-28,605.06
3172,Family,Monthly,2025-07-11,2025-08-10,605.06
3173,Premium,3 month,2025-04-06,2025-07-05,605.06
3174,Premium,3 month,2024-08-29,2024-11-27,605.06
3175,Free,Monthly,2025-07-29,2025-08-28,0.0
3176,Family,Yearly,2024-12-05,2025-12-05,444.9
3177,Free,Monthly,2025-02-15,2025-03-17,0.0
3178,Free,Monthly,2025-07-18,2025-08-17,0.0
3179,Premium,3 month,2025-03-08,2025-06-06,605.06
3180,Family,Monthly,2025-01-25,2025-02-24,605.06
3181,Free,Yearly,2025-06-28,2026-06-28,0.0
3182,Free,3 month,2025-08-07,2025-11-05,0.0
3183,Free,3 month,2025-04-19,2025-07-18,0.0
3184,Free,Yearly,2025-01-01,2026-01-01,0.0
3185,Family,Monthly,2025-02-06,2025-03-08,605.06
3186,Premium,3 month,2025-03-16,2025-06-14,605.06
3187,Premium,3 month,2025-04-07,2025-07-06,388.17
3188,Premium,Monthly,2025-07-05,2025-08-04,572.93
3189,Premium,Monthly,2025-03-16,2025-04-15,389.19
3190,Family,3 month,2025-07-10,2025-10-08,605.06
3191,Free,Monthly,2024-09-22,2024-10-22,0.0
3192,Free,Yearly,2025-06-25,2026-06-25,0.0
3193,Premium,Yearly,2024-11-15,2025-11-15,917.04
3194,Free,Yearly,2024-09-03,2025-09-03,0.0
3195,Premium,Yearly,2025-01-13,2026-01-13,605.06
3196,Premium,3 month,2025-03-16,2025-06-14,742.99
3197,Family,Yearly,2025-04-20,2026-04-20,605.06
3198,Family,Yearly,2024-12-23,2025-12-23,530.75
3199,Premium,Yearly,2024-10-26,2025-10-26,330.84
3200,Free,Yearly,2024-10-01,2025-10-01,0.0
3201,Premium,Monthly,2025-03-13,2025-04-12,409.39
3202,Free,Yearly,2025-03-01,2026-03-01,0.0
3203,Free,3 month,2024-11-23,2025-02-21,0.0
3204,Free,3 month,2025-06-24,2025-09-22,0.0
3205,Family,Yearly,2025-02-26,2026-02-26,605.06
3206,Family,3 month,2024-10-05,2025-01-03,802.06
3207,Premium,3 month,2024-11-07,2025-02-05,605.06
3208,Free,Yearly,2025-01-07,2026-01-07,0.0
3209,Free,3 month,2025-04-10,2025-07-09,0.0
3210,Premium,Yearly,2025-05-20,2026-05-20,605.06
3211,Premium,Monthly,2025-07-21,2025-08-20,921.18
3212,Free,Monthly,2025-01-13,2025-02-12,0.0
3213,Premium,Yearly,2024-10-08,2025-10-08,605.06
3214,Free,3 month,2025-05-25,2025-08-23,0.0
3215,Premium,3 month,2025-03-30,2025-06-28,858.41
3216,Premium,Yearly,2025-07-31,2026-07-31,605.06
3217,Premium,3 month,2024-10-14,2025-01-12,605.06
3218,Free,Yearly,2025-01-10,2026-01-10,0.0
3219,Family,Yearly,2025-02-18,2026-02-18,997.01
3220,Family,3 month,2024-10-08,2025-01-06,605.06
3221,Premium,Monthly,2025-03-26,2025-04-25,605.06
3222,Free,Yearly,2024-12-20,2025-12-20,0.0
3223,Premium,Yearly,2025-05-09,2026-05-09,605.06
3224,Premium,Monthly,2025-03-23,2025-04-22,605.06
3225,Premium,3 month,2025-08-09,2025-11-07,605.06
3226,Family,3 month,2024-11-06,2025-02-04,372.9
3227,Premium,Yearly,2025-05-07,2026-05-07,605.06
3228,Family,Yearly,2025-06-22,2026-06-22,605.06
3229,Free,Yearly,2025-02-23,2026-02-23,0.0
3230,Premium,Monthly,2024-09-08,2024-10-08,605.06
3231,Family,Monthly,2025-02-04,2025-03-06,605.06
3232,Premium,Monthly,2024-10-03,2024-11-02,615.47
3233,Premium,3 month,2025-04-23,2025-07-22,391.05
3234,Free,3 month,2024-11-08,2025-02-06,0.0
3235,Family,Yearly,2025-08-04,2026-08-04,605.06
3236,Premium,Yearly,2024-08-17,2025-08-17,605.06
3237,Premium,3 month,2024-11-24,2025-02-22,876.38
3238,Family,3 month,2024-08-27,2024-11-25,605.06
3239,Family,Yearly,2024-12-29,2025-12-29,605.06
3240,Free,Monthly,2024-12-25,2025-01-24,0.0
3241,Family,Yearly,2025-07-25,2026-07-25,605.06
3242,Family,Yearly,2024-12-07,2025-12-07,605.06
3243,Premium,3 month,2024-11-22,2025-02-20,605.06
3244,Free,Monthly,2025-03-20,2025-04-19,0.0
3245,Premium,Monthly,2025-02-08,2025-03-10,605.06
3246,Premium,Monthly,2024-12-15,2025-01-14,605.06
3247,Premium,3 month,2024-10-23,2025-01-21,605.06
3248,Family,Yearly,2024-12-31,2025-12-31,257.93
3249,Premium,3 month,2025-08-09,2025-11-07,605.06
3250,Free,Monthly,2025-04-15,2025-05-15,0.0
3251,Family,Yearly,2024-12-13,2025-12-13,605.06
3252,Family,3 month,2024-11-15,2025-02-13,605.06
3253,Family,3 month,2025-06-14,2025-09-12,605.06
3254,Premium,Monthly,2025-05-14,2025-06-13,605.06
3255,Premium,Monthly,2025-04-30,2025-05-30,605.06
3256,Premium,3 month,2025-06-14,2025-09-12,422.62
3257,Free,Monthly,2025-05-10,2025-06-09,0.0
3258,Premium,Monthly,2024-10-31,2024-11-30,605.06
3259,Premium,Monthly,2024-11-11,2024-12-11,722.31
3260,Family,Monthly,2024-12-13,2025-01-12,605.06
3261,Premium,Monthly,2025-05-17,2025-06-16,736.13
3262,Family,Monthly,2025-04-28,2025-05-28,605.06
3263,Free,Yearly,2025-06-01,2026-06-01,0.0
3264,Premium,3 month,2025-07-08,2025-10-06,606.7
3265,Premium,Monthly,2024-12-03,2025-01-02,605.06
3266,Premium,3 month,2025-03-23,2025-06-21,605.06
3267,Premium,Monthly,2024-09-18,2024-10-18,605.06
3268,Family,Yearly,2025-03-21,2026-03-21,605.06
3269,Family,Yearly,2024-12-05,2025-12-05,605.06
3270,Premium,3 month,2025-04-09,2025-07-08,605.06
3271,Family,Yearly,2025-07-16,2026-07-16,605.06
3272,Premium,Monthly,2025-03-30,2025-04-29,605.06
3273,Premium,Yearly,2025-04-10,2026-04-10,684.89
3274,Premium,3 month,2025-02-23,2025-05-24,527.68
3275,Premium,Monthly,2024-11-15,2024-12-15,605.06
3276,Family,3 month,2025-03-04,2025-06-02,845.54
3277,Premium,Monthly,2024-10-09,2024-11-08,882.51
3278,Premium,Monthly,2025-02-05,2025-03-07,605.06
3279,Free,3 month,2024-09-17,2024-12-16,0.0
3280,Free,Monthly,2025-07-06,2025-08-05,0.0
3281,Free,Yearly,2025-02-19,2026-02-19,0.0
3282,Family,Monthly,2024-10-03,2024-11-02,812.47
3283,Free,Yearly,2025-07-04,2026-07-04,0.0
3284,Premium,3 month,2024-12-21,2025-03-21,605.06
3285,Free,Monthly,2025-01-03,2025-02-02,0.0
3286,Family,Monthly,2024-12-03,2025-01-02,842.13
3287,Free,Yearly,2025-07-26,2026-07-26,0.0
3288,Family,Yearly,2024-11-05,2025-11-05,605.06
3289,Premium,Monthly,2025-02-04,2025-03-06,605.06
3290,Premium,Yearly,2025-01-27,2026-01-27,425.66
3291,Family,Yearly,2025-01-25,2026-01-25,860.06
3292,Free,3 month,2024-11-08,2025-02-06,0.0
3293,Premium,3 month,2024-09-22,2024-12-21,605.06
3294,Free,Monthly,2025-07-21,2025-08-20,0.0
3295,Free,Yearly,2025-08-03,2026-08-03,0.0
3296,Premium,Yearly,2025-06-13,2026-06-13,605.06
3297,Family,3 month,2024-10-25,2025-01-23,605.06
3298,Family,Monthly,2025-08-07,2025-09-06,605.06
3299,Premium,Monthly,2025-06-13,2025-07-13,582.93
3300,Family,3 month,2025-03-18,2025-06-16,605.06
3301,Premium,3 month,2025-01-09,2025-04-09,605.06
3302,Premium,Monthly,2025-01-15,2025-02-14,605.06
3303,Family,Yearly,2024-11-11,2025-11-11,605.06
3304,Premium,Yearly,2024-12-04,2025-12-04,605.06
3305,Family,3 month,2024-10-02,2024-12-31,605.06
3306,Family,3 month,2024-12-14,2025-03-14,605.06
3307,Family,Monthly,2025-07-03,2025-08-02,605.06
3308,Premium,3 month,2024-12-12,2025-03-12,605.06
3309,Family,3 month,2025-01-08,2025-04-08,854.19
3310,Family,3 month,2024-10-06,2025-01-04,808.25
3311,Free,3 month,2025-07-10,2025-10-08,0.0
3312,Premium,Yearly,2024-11-05,2025-11-05,605.06
3313,Premium,Monthly,2025-03-19,2025-04-18,605.06
3314,Premium,3 month,2025-02-27,2025-05-28,767.93
3315,Premium,3 month,2025-04-30,2025-07-29,605.06
3316,Premium,3 month,2024-08-26,2024-11-24,839.22
3317,Family,Monthly,2024-11-19,2024-12-19,343.89
3318,Premium,Yearly,2025-07-28,2026-07-28,605.06
3319,Premium,Yearly,2025-01-17,2026-01-17,605.06
3320,Family,Monthly,2024-09-17,2024-10-17,950.8
3321,Premium,Yearly,2025-05-04,2026-05-04,605.06
3322,Family,Monthly,2024-12-17,2025-01-16,605.06
3323,Premium,Yearly,2024-08-15,2025-08-15,605.06
3324,Family,3 month,2024-09-25,2024-12-24,810.11
3325,Free,Monthly,2025-02-10,2025-03-12,0.0
3326,Premium,Yearly,2025-07-29,2026-07-29,605.06
3327,Family,Monthly,2025-05-16,2025-06-15,713.52
3328,Premium,Yearly,2025-01-01,2026-01-01,605.06
3329,Premium,Yearly,2025-05-20,2026-05-20,856.22
3330,Premium,3 month,2025-06-28,2025-09-26,605.06
3331,Premium,3 month,2025-02-05,2025-05-06,605.06
3332,Free,3 month,2025-04-11,2025-07-10,0.0
3333,Family,Yearly,2025-06-22,2026-06-22,605.06
3334,Free,Monthly,2025-07-26,2025-08-25,0.0
3335,Free,3 month,2024-10-04,2025-01-02,0.0
3336,Free,Monthly,2025-02-11,2025-03-13,0.0
3337,Family,Yearly,2024-09-08,2025-09-08,605.06
3338,Premium,Yearly,2024-10-23,2025-10-23,605.06
3339,Family,Monthly,2024-10-12,2024-11-11,605.06
3340,Premium,3 month,2025-07-22,2025-10-20,605.06
3341,Premium,Monthly,2024-12-13,2025-01-12,605.06
3342,Free,Yearly,2024-12-03,2025-12-03,0.0
3343,Family,3 month,2024-09-20,2024-12-19,381.01
3344,Free,Yearly,2025-02-25,2026-02-25,0.0
3345,Family,Yearly,2024-08-21,2025-08-21,605.06
3346,Family,Yearly,2025-06-19,2026-06-19,605.06
3347,Family,Yearly,2024-08-22,2025-08-22,605.06
3348,Premium,Yearly,2025-06-26,2026-06-26,605.06
3349,Premium,Monthly,2025-05-19,2025-06-18,489.08
3350,Premium,Monthly,2025-04-05,2025-05-05,461.31
3351,Premium,Yearly,2025-07-05,2026-07-05,491.04
3352,Family,Yearly,2025-03-11,2026-03-11,605.06
3353,Free,Yearly,2025-01-01,2026-01-01,0.0
3354,Free,Yearly,2025-05-22,2026-05-22,0.0
3355,Premium,3 month,2025-08-05,2025-11-03,605.06
3356,Premium,Monthly,2025-01-07,2025-02-06,605.06
3357,Free,Monthly,2025-01-22,2025-02-21,0.0
3358,Premium,Yearly,2024-08-17,2025-08-17,911.16
3359,Free,Yearly,2025-01-06,2026-01-06,0.0
3360,Free,Yearly,2025-08-08,2026-08-08,0.0
3361,Premium,Monthly,2025-04-06,2025-05-06,597.45
3362,Premium,Yearly,2024-10-26,2025-10-26,551.42
3363,Premium,Monthly,2024-12-22,2025-01-21,627.55
3364,Premium,3 month,2025-04-26,2025-07-25,687.88
3365,Family,Monthly,2024-09-30,2024-10-30,605.06
3366,Premium,Yearly,2025-03-12,2026-03-12,605.06
3367,Free,3 month,2025-07-10,2025-10-08,0.0
3368,Premium,Monthly,2024-09-04,2024-10-04,605.06
3369,Premium,Monthly,2024-08-23,2024-09-22,605.06
3370,Family,Monthly,2025-03-19,2025-04-18,605.06
3371,Premium,Monthly,2025-02-13,2025-03-15,605.06
3372,Free,3 month,2024-09-28,2024-12-27,0.0
3373,Family,3 month,2024-12-19,2025-03-19,323.62
3374,Premium,Monthly,2025-06-24,2025-07-24,278.15
3375,Premium,Monthly,2025-03-09,2025-04-08,325.66
3376,Family,3 month,2024-08-14,2024-11-12,605.06
3377,Premium,3 month,2024-12-03,2025-03-03,292.79
3378,Premium,3 month,2024-12-24,2025-03-24,605.06
3379,Family,Monthly,2024-09-25,2024-10-25,605.06
3380,Premium,3 month,2024-12-11,2025-03-11,473.17
3381,Family,Monthly,2025-01-18,2025-02-17,605.06
3382,Free,3 month,2024-12-27,2025-03-27,0.0
3383,Premium,Yearly,2025-02-28,2026-02-28,847.45
3384,Premium,Yearly,2025-03-23,2026-03-23,605.06
3385,Premium,3 month,2025-07-12,2025-10-10,605.06
3386,Premium,Monthly,2025-07-18,2025-08-17,962.56
3387,Premium,3 month,2025-05-08,2025-08-06,229.39
3388,Family,3 month,2025-07-17,2025-10-15,985.8
3389,Premium,3 month,2025-01-09,2025-04-09,605.06
3390,Premium,3 month,2024-12-21,2025-03-21,605.06
3391,Free,Yearly,2025-03-07,2026-03-07,0.0
3392,Free,3 month,2025-04-26,2025-07-25,0.0
3393,Premium,3 month,2024-08-23,2024-11-21,589.08
3394,Premium,Yearly,2024-08-13,2025-08-13,270.75
3395,Premium,Yearly,2024-09-15,2025-09-15,605.06
3396,Premium,3 month,2024-11-15,2025-02-13,605.06
3397,Free,Yearly,2025-01-02,2026-01-02,0.0
3398,Premium,Yearly,2024-09-25,2025-09-25,605.06
3399,Free,Monthly,2025-06-22,2025-07-22,0.0
3400,Premium,3 month,2025-01-07,2025-04-07,605.06
3401,Premium,3 month,2024-11-25,2025-02-23,605.06
3402,Free,3 month,2025-06-02,2025-08-31,0.0
3403,Premium,Monthly,2025-06-01,2025-07-01,605.06
3404,Family,Monthly,2025-02-05,2025-03-07,882.18
3405,Family,Yearly,2025-02-21,2026-02-21,605.06
3406,Premium,3 month,2024-12-15,2025-03-15,928.02
3407,Family,Yearly,2025-02-11,2026-02-11,605.06
3408,Free,Yearly,2024-12-12,2025-12-12,0.0
3409,Premium,Monthly,2024-12-16,2025-01-15,605.06
3410,Free,Yearly,2024-12-31,2025-12-31,0.0
3411,Family,3 month,2025-02-28,2025-05-29,635.93
3412,Family,3 month,2025-05-24,2025-08-22,281.41
3413,Free,Monthly,2025-06-19,2025-07-19,0.0
3414,Premium,3 month,2025-07-29,2025-10-27,605.06
3415,Free,3 month,2025-04-30,2025-07-29,0.0
3416,Premium,Monthly,2025-07-02,2025-08-01,605.06
3417,Family,Yearly,2025-04-30,2026-04-30,605.06
3418,Free,Yearly,2025-04-13,2026-04-13,0.0
3419,Premium,3 month,2025-05-25,2025-08-23,384.31
3420,Premium,Yearly,2025-04-02,2026-04-02,605.06
3421,Free,Yearly,2024-08-18,2025-08-18,0.0
3422,Free,Yearly,2025-05-11,2026-05-11,0.0
3423,Premium,3 month,2025-05-16,2025-08-14,605.06
3424,Premium,Monthly,2025-03-11,2025-04-10,605.06
3425,Premium,3 month,2025-03-14,2025-06-12,257.31
3426,Premium,Monthly,2024-11-12,2024-12-12,605.06
3427,Premium,Monthly,2024-09-01,2024-10-01,605.06
3428,Free,3 month,2025-03-20,2025-06-18,0.0
3429,Family,Yearly,2025-06-03,2026-06-03,542.25
3430,Premium,3 month,2025-01-20,2025-04-20,869.78
3431,Free,3 month,2025-04-12,2025-07-11,0.0
3432,Family,Monthly,2025-08-08,2025-09-07,605.06
3433,Free,Yearly,2025-04-15,2026-04-15,0.0
3434,Premium,Yearly,2025-06-10,2026-06-10,605.06
3435,Premium,Yearly,2024-11-16,2025-11-16,793.87
3436,Premium,Yearly,2024-08-25,2025-08-25,605.06
3437,Free,Yearly,2025-02-09,2026-02-09,0.0
3438,Premium,Monthly,2025-03-19,2025-04-18,848.22
3439,Family,Yearly,2025-06-16,2026-06-16,605.06
3440,Family,3 month,2025-05-26,2025-08-24,605.06
3441,Premium,Yearly,2024-10-27,2025-10-27,934.33
3442,Family,Monthly,2025-06-02,2025-07-02,605.06
3443,Family,3 month,2024-09-16,2024-12-15,474.19
3444,Premium,Yearly,2024-10-13,2025-10-13,678.64
3445,Premium,Monthly,2024-11-29,2024-12-29,605.06
3446,Family,3 month,2025-04-15,2025-07-14,979.98
3447,Free,3 month,2025-01-31,2025-05-01,0.0
3448,Free,3 month,2025-04-25,2025-07-24,0.0
3449,Premium,Monthly,2025-04-07,2025-05-07,576.83
3450,Premium,Yearly,2025-07-17,2026-07-17,750.77
3451,Premium,Yearly,2025-06-20,2026-06-20,364.64
3452,Family,Yearly,2025-04-24,2026-04-24,605.06
3453,Free,Yearly,2025-01-03,2026-01-03,0.0
3454,Free,Monthly,2025-03-07,2025-04-06,0.0
3455,Family,Monthly,2025-04-17,2025-05-17,536.68
3456,Family,Yearly,2024-12-17,2025-12-17,636.24
3457,Free,Yearly,2024-08-18,2025-08-18,0.0
3458,Family,Yearly,2025-06-21,2026-06-21,823.71
3459,Premium,3 month,2025-05-23,2025-08-21,290.17
3460,Family,Yearly,2025-08-06,2026-08-06,605.06
3461,Free,Monthly,2024-08-20,2024-09-19,0.0
3462,Free,3 month,2025-02-17,2025-05-18,0.0
3463,Premium,Yearly,2024-11-19,2025-11-19,605.06
3464,Premium,Yearly,2024-11-30,2025-11-30,643.19
3465,Premium,3 month,2025-06-09,2025-09-07,605.06
3466,Premium,3 month,2025-05-06,2025-08-04,605.06
3467,Free,Monthly,2024-10-07,2024-11-06,0.0
3468,Premium,3 month,2024-09-24,2024-12-23,605.06
3469,Family,Yearly,2024-11-24,2025-11-24,605.06
3470,Premium,Yearly,2025-05-03,2026-05-03,315.8
3471,Free,Yearly,2024-11-15,2025-11-15,0.0
3472,Family,Yearly,2025-01-06,2026-01-06,605.06
3473,Family,Monthly,2025-04-22,2025-05-22,605.06
3474,Free,Yearly,2025-07-24,2026-07-24,0.0
3475,Premium,Monthly,2024-11-17,2024-12-17,605.06
3476,Family,Monthly,2025-03-08,2025-04-07,399.13
3477,Family,Yearly,2024-10-31,2025-10-31,605.06
3478,Premium,Monthly,2025-03-06,2025-04-05,605.06
3479,Premium,Yearly,2024-11-18,2025-11-18,605.06
3480,Premium,Yearly,2024-10-07,2025-10-07,805.56
3481,Free,3 month,2025-01-07,2025-04-07,0.0
3482,Free,Monthly,2024-09-08,2024-10-08,0.0
3483,Free,Yearly,2025-03-16,2026-03-16,0.0
3484,Premium,Monthly,2024-10-06,2024-11-05,605.06
3485,Premium,Yearly,2025-05-10,2026-05-10,605.06
3486,Premium,3 month,2025-07-25,2025-10-23,605.06
3487,Premium,Yearly,2024-09-26,2025-09-26,362.8
3488,Premium,Yearly,2025-03-22,2026-03-22,605.06
3489,Premium,Yearly,2025-05-22,2026-05-22,605.06
3490,Family,3 month,2025-04-27,2025-07-26,605.06
3491,Premium,Yearly,2025-04-20,2026-04-20,605.06
3492,Premium,Monthly,2025-04-09,2025-05-09,642.13
3493,Premium,Yearly,2025-02-14,2026-02-14,605.06
3494,Family,3 month,2024-10-07,2025-01-05,605.06
3495,Premium,Monthly,2025-03-02,2025-04-01,605.06
3496,Family,3 month,2025-01-26,2025-04-26,605.06
3497,Free,3 month,2024-11-21,2025-02-19,0.0
3498,Family,Yearly,2024-10-30,2025-10-30,605.06
3499,Family,Yearly,2025-02-27,2026-02-27,605.06
3500,Premium,Monthly,2024-11-09,2024-12-09,605.06
3501,Premium,3 month,2025-04-30,2025-07-29,605.06
3502,Premium,3 month,2024-12-05,2025-03-05,605.06
3503,Premium,3 month,2025-02-24,2025-05-25,605.06
3504,Family,3 month,2025-03-22,2025-06-20,605.06
3505,Free,Yearly,2025-07-10,2026-07-10,0.0
3506,Premium,Yearly,2024-09-13,2025-09-13,390.8
3507,Free,Monthly,2024-09-25,2024-10-25,0.0
3508,Free,3 month,2025-07-14,2025-10-12,0.0
3509,Free,3 month,2025-06-14,2025-09-12,0.0
3510,Free,Yearly,2024-08-19,2025-08-19,0.0
3511,Family,3 month,2024-12-19,2025-03-19,605.06
3512,Free,3 month,2025-05-31,2025-08-29,0.0
3513,Premium,3 month,2025-04-26,2025-07-25,605.06
3514,Free,Yearly,2025-07-02,2026-07-02,0.0
3515,Premium,3 month,2024-09-08,2024-12-07,605.06
3516,Family,Monthly,2024-11-12,2024-12-12,605.06
3517,Premium,Monthly,2024-08-23,2024-09-22,605.06
3518,Free,3 month,2025-05-26,2025-08-24,0.0
3519,Free,Monthly,2024-12-06,2025-01-05,0.0
3520,Free,Monthly,2025-05-04,2025-06-03,0.0
3521,Free,Monthly,2025-01-27,2025-02-26,0.0
3522,Premium,3 month,2024-10-02,2024-12-31,678.67
3523,Premium,3 month,2025-05-27,2025-08-25,937.74
3524,Free,3 month,2025-07-08,2025-10-06,0.0
3525,Free,Yearly,2024-11-08,2025-11-08,0.0
3526,Free,3 month,2024-09-16,2024-12-15,0.0
3527,Premium,Yearly,2025-05-18,2026-05-18,269.97
3528,Premium,Monthly,2025-06-03,2025-07-03,605.06
3529,Family,Monthly,2025-03-24,2025-04-23,397.21
3530,Family,3 month,2025-02-02,2025-05-03,605.06
3531,Family,Yearly,2025-07-28,2026-07-28,605.06
3532,Premium,Monthly,2025-06-28,2025-07-28,605.06
3533,Family,Yearly,2025-02-21,2026-02-21,605.06
3534,Premium,3 month,2025-06-14,2025-09-12,605.06
3535,Premium,Yearly,2025-05-26,2026-05-26,605.06
3536,Premium,Monthly,2024-10-08,2024-11-07,605.06
3537,Family,Monthly,2024-11-23,2024-12-23,605.06
3538,Premium,Yearly,2025-02-16,2026-02-16,605.06
3539,Free,Monthly,2025-06-16,2025-07-16,0.0
3540,Family,Yearly,2024-08-12,2025-08-12,605.06
3541,Family,3 month,2025-02-03,2025-05-04,605.06
3542,Free,Yearly,2024-09-10,2025-09-10,0.0
3543,Premium,3 month,2024-11-08,2025-02-06,605.06
3544,Premium,Monthly,2025-04-07,2025-05-07,605.06
3545,Premium,Yearly,2025-05-04,2026-05-04,605.06
3546,Free,3 month,2025-08-05,2025-11-03,0.0
3547,Free,3 month,2025-07-12,2025-10-10,0.0
3548,Free,3 month,2025-01-21,2025-04-21,0.0
3549,Premium,Yearly,2024-12-18,2025-12-18,605.06
3550,Free,3 month,2025-01-22,2025-04-22,0.0
3551,Free,Monthly,2025-06-11,2025-07-11,0.0
3552,Premium,Monthly,2025-01-22,2025-02-21,499.94
3553,Premium,Monthly,2025-07-29,2025-08-28,418.34
3554,Free,Monthly,2024-12-18,2025-01-17,0.0
3555,Family,3 month,2025-06-02,2025-08-31,605.06
3556,Free,3 month,2024-11-10,2025-02-08,0.0
3557,Free,Yearly,2025-07-10,2026-07-10,0.0
3558,Premium,Monthly,2025-05-21,2025-06-20,605.06
3559,Free,3 month,2025-03-05,2025-06-03,0.0
3560,Family,3 month,2025-04-04,2025-07-03,491.89
3561,Premium,Monthly,2025-01-20,2025-02-19,605.06
3562,Free,Yearly,2025-01-23,2026-01-23,0.0
3563,Premium,Monthly,2025-06-24,2025-07-24,605.06
3564,Premium,Yearly,2025-04-05,2026-04-05,605.06
3565,Family,Yearly,2024-09-22,2025-09-22,605.06
3566,Free,Monthly,2025-02-26,2025-03-28,0.0
3567,Premium,3 month,2024-11-14,2025-02-12,348.47
3568,Family,Yearly,2025-02-16,2026-02-16,605.06
3569,Premium,Yearly,2024-11-29,2025-11-29,605.06
3570,Family,3 month,2024-08-24,2024-11-22,542.52
3571,Free,Yearly,2025-08-02,2026-08-02,0.0
3572,Premium,Monthly,2024-08-10,2024-09-09,605.06
3573,Free,Monthly,2024-08-13,2024-09-12,0.0
3574,Family,Monthly,2025-02-11,2025-03-13,605.06
3575,Free,3 month,2024-10-29,2025-01-27,0.0
3576,Premium,Yearly,2024-10-14,2025-10-14,605.06
3577,Premium,3 month,2025-02-27,2025-05-28,605.06
3578,Premium,3 month,2025-02-13,2025-05-14,605.06
3579,Free,Monthly,2025-05-28,2025-06-27,0.0
3580,Premium,3 month,2025-04-16,2025-07-15,605.06
3581,Premium,Yearly,2025-01-30,2026-01-30,605.06
3582,Family,3 month,2024-10-10,2025-01-08,605.06
3583,Premium,3 month,2024-09-14,2024-12-13,605.06
3584,Premium,Monthly,2025-07-20,2025-08-19,960.63
3585,Family,3 month,2025-03-06,2025-06-04,605.06
3586,Family,3 month,2025-03-12,2025-06-10,605.06
3587,Premium,Yearly,2025-02-07,2026-02-07,605.06
3588,Premium,Monthly,2025-01-10,2025-02-09,605.06
3589,Family,3 month,2024-09-09,2024-12-08,605.06
3590,Premium,Monthly,2025-04-27,2025-05-27,605.06
3591,Family,Monthly,2024-09-13,2024-10-13,605.06
3592,Family,3 month,2024-12-23,2025-03-23,605.06
3593,Premium,3 month,2025-01-23,2025-04-23,605.06
3594,Premium,Yearly,2025-07-06,2026-07-06,605.06
3595,Premium,Monthly,2024-08-23,2024-09-22,605.06
3596,Family,3 month,2024-08-19,2024-11-17,605.06
3597,Premium,Monthly,2024-11-01,2024-12-01,756.49
3598,Free,Monthly,2024-12-31,2025-01-30,0.0
3599,Premium,Monthly,2025-08-01,2025-08-31,605.06
3600,Family,Yearly,2024-11-18,2025-11-18,605.06
3601,Family,Monthly,2025-05-25,2025-06-24,399.56
3602,Premium,Yearly,2024-11-26,2025-11-26,605.06
3603,Family,3 month,2024-10-14,2025-01-12,327.19
3604,Free,Monthly,2024-08-13,2024-09-12,0.0
3605,Premium,Monthly,2025-04-15,2025-05-15,605.06
3606,Family,Yearly,2024-11-04,2025-11-04,594.63
3607,Free,3 month,2025-07-09,2025-10-07,0.0
3608,Premium,3 month,2025-02-24,2025-05-25,605.06
3609,Premium,3 month,2024-09-08,2024-12-07,605.06
3610,Family,3 month,2025-05-07,2025-08-05,702.88
3611,Free,Yearly,2025-05-14,2026-05-14,0.0
3612,Free,Yearly,2025-05-24,2026-05-24,0.0
3613,Family,Monthly,2025-03-06,2025-04-05,605.06
3614,Premium,3 month,2025-03-28,2025-06-26,947.03
3615,Free,Yearly,2025-07-02,2026-07-02,0.0
3616,Premium,3 month,2024-10-13,2025-01-11,605.06
3617,Free,Yearly,2025-02-17,2026-02-17,0.0
3618,Premium,3 month,2025-01-03,2025-04-03,605.06
3619,Family,Yearly,2024-10-03,2025-10-03,582.52
3620,Premium,Monthly,2025-04-23,2025-05-23,605.06
3621,Premium,Monthly,2025-04-10,2025-05-10,795.84
3622,Free,3 month,2025-06-23,2025-09-21,0.0
3623,Free,Yearly,2024-12-06,2025-12-06,0.0
3624,Premium,Monthly,2024-11-02,2024-12-02,622.84
3625,Premium,Monthly,2025-07-24,2025-08-23,653.65
3626,Family,3 month,2024-08-24,2024-11-22,605.06
3627,Premium,3 month,2024-11-10,2025-02-08,605.06
3628,Premium,Yearly,2025-02-04,2026-02-04,605.06
3629,Family,3 month,2024-12-16,2025-03-16,605.06
3630,Free,3 month,2025-02-17,2025-05-18,0.0
3631,Premium,3 month,2025-06-08,2025-09-06,521.05
3632,Family,Yearly,2024-12-09,2025-12-09,605.06
3633,Premium,Yearly,2025-08-03,2026-08-03,493.42
3634,Premium,3 month,2024-10-06,2025-01-04,788.18
3635,Premium,Yearly,2025-01-08,2026-01-08,605.06
3636,Premium,3 month,2025-03-05,2025-06-03,605.06
3637,Premium,Yearly,2024-08-24,2025-08-24,606.76
3638,Premium,3 month,2024-08-21,2024-11-19,605.06
3639,Premium,3 month,2024-12-31,2025-03-31,373.34
3640,Family,3 month,2024-12-25,2025-03-25,605.06
3641,Premium,3 month,2025-01-26,2025-04-26,605.06
3642,Premium,Yearly,2025-05-27,2026-05-27,605.06
3643,Free,Monthly,2024-09-30,2024-10-30,0.0
3644,Premium,3 month,2025-03-15,2025-06-13,973.97
3645,Premium,3 month,2025-02-04,2025-05-05,605.06
3646,Premium,Yearly,2025-07-25,2026-07-25,605.06
3647,Family,Monthly,2025-01-29,2025-02-28,605.06
3648,Premium,3 month,2024-09-05,2024-12-04,605.06
3649,Premium,Yearly,2025-07-17,2026-07-17,605.06
3650,Free,Monthly,2025-07-28,2025-08-27,0.0
3651,Free,Yearly,2025-06-19,2026-06-19,0.0
3652,Free,Monthly,2025-06-16,2025-07-16,0.0
3653,Free,Monthly,2024-08-28,2024-09-27,0.0
3654,Free,Monthly,2025-05-19,2025-06-18,0.0
3655,Family,Monthly,2025-04-29,2025-05-29,605.06
3656,Free,Monthly,2025-04-13,2025-05-13,0.0
3657,Premium,3 month,2024-11-05,2025-02-03,605.06
3658,Premium,Yearly,2025-01-23,2026-01-23,922.09
3659,Premium,3 month,2025-01-27,2025-04-27,258.66
3660,Premium,Monthly,2024-12-19,2025-01-18,605.06
3661,Family,3 month,2025-01-07,2025-04-07,605.06
3662,Premium,Yearly,2025-01-21,2026-01-21,605.06
3663,Family,3 month,2024-08-11,2024-11-09,502.93
3664,Premium,Yearly,2025-02-16,2026-02-16,999.25
3665,Premium,Monthly,2025-01-04,2025-02-03,605.06
3666,Premium,3 month,2025-08-06,2025-11-04,605.06
3667,Premium,Monthly,2025-01-04,2025-02-03,605.06
3668,Family,3 month,2025-07-25,2025-10-23,604.78
3669,Family,Monthly,2025-01-19,2025-02-18,605.06
3670,Premium,Yearly,2025-01-19,2026-01-19,605.06
3671,Free,3 month,2024-10-14,2025-01-12,0.0
3672,Family,Yearly,2025-04-28,2026-04-28,605.06
3673,Free,3 month,2025-08-09,2025-11-07,0.0
3674,Family,Yearly,2024-11-14,2025-11-14,605.06
3675,Premium,Monthly,2025-03-11,2025-04-10,605.06
3676,Free,3 month,2025-04-29,2025-07-28,0.0
3677,Premium,Yearly,2025-01-23,2026-01-23,605.06
3678,Premium,3 month,2025-02-22,2025-05-23,605.06
3679,Premium,3 month,2025-06-14,2025-09-12,605.06
3680,Family,Yearly,2025-06-08,2026-06-08,605.06
3681,Premium,3 month,2025-02-17,2025-05-18,605.06
3682,Premium,Monthly,2025-07-06,2025-08-05,605.06
3683,Family,3 month,2024-11-27,2025-02-25,530.5
3684,Family,Yearly,2025-03-20,2026-03-20,346.13
3685,Free,Monthly,2025-08-05,2025-09-04,0.0
3686,Premium,3 month,2025-02-28,2025-05-29,605.06
3687,Free,3 month,2025-05-24,2025-08-22,0.0
3688,Premium,Monthly,2024-12-23,2025-01-22,816.65
3689,Premium,Yearly,2025-01-31,2026-01-31,605.06
3690,Premium,3 month,2025-04-13,2025-07-12,605.06
3691,Free,Monthly,2024-09-19,2024-10-19,0.0
3692,Premium,Monthly,2025-03-12,2025-04-11,605.06
3693,Premium,Monthly,2024-08-23,2024-09-22,605.06
3694,Free,Monthly,2025-03-31,2025-04-30,0.0
3695,Premium,Yearly,2024-10-25,2025-10-25,605.06
3696,Premium,Monthly,2025-02-08,2025-03-10,605.06
3697,Free,3 month,2025-05-25,2025-08-23,0.0
3698,Free,Monthly,2024-10-06,2024-11-05,0.0
3699,Family,3 month,2024-09-25,2024-12-24,605.06
3700,Free,3 month,2025-06-17,2025-09-15,0.0
3701,Premium,Yearly,2025-05-21,2026-05-21,605.06
3702,Free,Yearly,2025-04-14,2026-04-14,0.0
3703,Premium,3 month,2025-06-20,2025-09-18,605.06
3704,Free,3 month,2025-03-25,2025-06-23,0.0
3705,Premium,Monthly,2025-01-05,2025-02-04,515.91
3706,Free,Yearly,2025-06-17,2026-06-17,0.0
3707,Free,3 month,2024-08-12,2024-11-10,0.0
3708,Family,Yearly,2024-08-11,2025-08-11,605.06
3709,Free,Yearly,2025-01-18,2026-01-18,0.0
3710,Family,Yearly,2025-04-23,2026-04-23,718.91
3711,Family,3 month,2024-09-27,2024-12-26,605.06
3712,Premium,Monthly,2025-05-16,2025-06-15,605.06
3713,Family,Monthly,2024-11-30,2024-12-30,605.06
3714,Free,Yearly,2025-03-25,2026-03-25,0.0
3715,Premium,Monthly,2024-10-19,2024-11-18,605.06
3716,Free,Monthly,2024-12-14,2025-01-13,0.0
3717,Free,Yearly,2024-09-29,2025-09-29,0.0
3718,Free,Yearly,2024-11-09,2025-11-09,0.0
3719,Premium,3 month,2025-05-15,2025-08-13,605.06
3720,Family,3 month,2025-05-05,2025-08-03,605.06
3721,Premium,Monthly,2025-05-22,2025-06-21,605.06
3722,Premium,Monthly,2024-11-13,2024-12-13,605.06
3723,Premium,3 month,2024-12-08,2025-03-08,605.06
3724,Premium,3 month,2024-12-17,2025-03-17,262.26
3725,Premium,Monthly,2025-06-03,2025-07-03,605.06
3726,Free,Yearly,2025-06-27,2026-06-27,0.0
3727,Free,3 month,2024-09-24,2024-12-23,0.0
3728,Premium,Yearly,2025-04-30,2026-04-30,320.28
3729,Free,Yearly,2025-02-24,2026-02-24,0.0
3730,Free,3 month,2025-06-30,2025-09-28,0.0
3731,Free,Yearly,2024-10-18,2025-10-18,0.0
3732,Premium,Monthly,2025-05-09,2025-06-08,923.6
3733,Premium,Yearly,2024-08-25,2025-08-25,271.1
3734,Premium,Monthly,2025-02-15,2025-03-17,605.06
3735,Family,3 month,2024-09-10,2024-12-09,446.91
3736,Family,Yearly,2024-09-25,2025-09-25,605.06
3737,Premium,Monthly,2025-01-22,2025-02-21,605.06
3738,Family,Yearly,2024-11-10,2025-11-10,605.06
3739,Family,Monthly,2025-04-07,2025-05-07,605.06
3740,Premium,Yearly,2024-11-22,2025-11-22,605.06
3741,Family,Yearly,2025-03-04,2026-03-04,507.35
3742,Free,3 month,2025-02-14,2025-05-15,0.0
3743,Premium,Yearly,2024-08-24,2025-08-24,605.06
3744,Premium,3 month,2025-03-29,2025-06-27,605.06
3745,Premium,3 month,2024-10-15,2025-01-13,605.06
3746,Family,Yearly,2024-10-06,2025-10-06,605.06
3747,Family,Yearly,2025-06-26,2026-06-26,605.06
3748,Family,3 month,2024-10-01,2024-12-30,596.93
3749,Premium,Yearly,2024-08-12,2025-08-12,605.06
3750,Free,3 month,2025-07-07,2025-10-05,0.0
3751,Premium,3 month,2024-11-07,2025-02-05,605.06
3752,Premium,Yearly,2024-11-06,2025-11-06,605.06
3753,Premium,Yearly,2025-05-12,2026-05-12,358.5
3754,Premium,3 month,2024-10-04,2025-01-02,605.06
3755,Free,Monthly,2024-08-17,2024-09-16,0.0
3756,Family,Yearly,2025-02-02,2026-02-02,928.64
3757,Free,Yearly,2025-01-25,2026-01-25,0.0
3758,Free,Monthly,2024-10-15,2024-11-14,0.0
3759,Premium,Yearly,2025-07-13,2026-07-13,605.06
3760,Family,3 month,2025-03-01,2025-05-30,605.06
3761,Premium,Monthly,2025-05-09,2025-06-08,605.06
3762,Premium,3 month,2024-08-28,2024-11-26,769.61
3763,Premium,Monthly,2025-06-20,2025-07-20,576.37
3764,Family,Monthly,2025-07-29,2025-08-28,413.14
3765,Premium,3 month,2024-11-14,2025-02-12,605.06
3766,Premium,3 month,2025-06-23,2025-09-21,605.06
3767,Premium,3 month,2024-10-24,2025-01-22,961.87
3768,Family,3 month,2025-07-14,2025-10-12,605.06
3769,Premium,Monthly,2024-11-17,2024-12-17,676.76
3770,Free,3 month,2025-07-03,2025-10-01,0.0
3771,Free,3 month,2025-05-03,2025-08-01,0.0
3772,Premium,Yearly,2025-03-14,2026-03-14,724.65
3773,Free,Yearly,2025-05-01,2026-05-01,0.0
3774,Premium,Yearly,2025-01-30,2026-01-30,605.06
3775,Free,Monthly,2025-03-25,2025-04-24,0.0
3776,Premium,Monthly,2025-07-19,2025-08-18,259.41
3777,Family,Yearly,2025-04-03,2026-04-03,605.06
3778,Premium,3 month,2025-04-25,2025-07-24,806.72
3779,Free,Yearly,2025-05-29,2026-05-29,0.0
3780,Premium,Monthly,2025-08-06,2025-09-05,776.9
3781,Free,Monthly,2025-04-14,2025-05-14,0.0
3782,Family,3 month,2024-11-28,2025-02-26,256.81
3783,Family,3 month,2025-02-25,2025-05-26,605.06
3784,Free,Monthly,2025-05-14,2025-06-13,0.0
3785,Premium,Yearly,2024-09-20,2025-09-20,879.05
3786,Family,3 month,2025-05-11,2025-08-09,444.29
3787,Free,Yearly,2024-12-01,2025-12-01,0.0
3788,Free,Monthly,2024-11-25,2024-12-25,0.0
3789,Free,Monthly,2025-05-27,2025-06-26,0.0
3790,Premium,3 month,2025-07-24,2025-10-22,844.45
3791,Premium,Yearly,2024-08-10,2025-08-10,605.06
3792,Family,Monthly,2024-08-19,2024-09-18,605.06
3793,Premium,Monthly,2025-06-17,2025-07-17,605.06
3794,Premium,Monthly,2025-02-13,2025-03-15,605.06
3795,Premium,Yearly,2024-11-17,2025-11-17,409.73
3796,Free,Monthly,2025-05-06,2025-06-05,0.0
3797,Premium,3 month,2025-05-17,2025-08-15,605.06
3798,Free,Yearly,2025-03-28,2026-03-28,0.0
3799,Premium,Monthly,2025-02-27,2025-03-29,605.06
3800,Premium,Yearly,2025-01-24,2026-01-24,605.06
3801,Premium,Yearly,2025-02-08,2026-02-08,605.06
3802,Premium,Monthly,2024-12-22,2025-01-21,605.06
3803,Free,Monthly,2024-11-30,2024-12-30,0.0
3804,Free,3 month,2025-02-03,2025-05-04,0.0
3805,Premium,Monthly,2025-07-19,2025-08-18,794.09
3806,Premium,Monthly,2025-04-30,2025-05-30,646.39
3807,Family,Yearly,2025-06-16,2026-06-16,605.06
3808,Family,Monthly,2024-10-21,2024-11-20,888.23
3809,Family,Yearly,2025-05-06,2026-05-06,605.06
3810,Family,Yearly,2025-01-27,2026-01-27,605.06
3811,Premium,Monthly,2025-04-09,2025-05-09,738.74
3812,Premium,3 month,2025-06-24,2025-09-22,605.06
3813,Family,Monthly,2025-03-19,2025-04-18,285.19
3814,Family,Yearly,2025-03-18,2026-03-18,489.71
3815,Free,3 month,2025-02-18,2025-05-19,0.0
3816,Premium,Yearly,2025-05-26,2026-05-26,605.06
3817,Premium,Monthly,2024-12-20,2025-01-19,605.06
3818,Family,Monthly,2024-09-02,2024-10-02,330.89
3819,Free,Monthly,2025-04-16,2025-05-16,0.0
3820,Free,Yearly,2025-07-29,2026-07-29,0.0
3821,Family,Monthly,2025-01-08,2025-02-07,605.06
3822,Family,Monthly,2024-11-29,2024-12-29,605.06
3823,Premium,3 month,2025-05-03,2025-08-01,605.06
3824,Free,Yearly,2025-05-24,2026-05-24,0.0
3825,Family,Yearly,2025-01-15,2026-01-15,605.06
3826,Premium,Yearly,2025-02-07,2026-02-07,605.06
3827,Family,Monthly,2024-08-31,2024-09-30,605.06
3828,Free,Yearly,2025-05-02,2026-05-02,0.0
3829,Free,Yearly,2025-08-09,2026-08-09,0.0
3830,Premium,Monthly,2025-07-01,2025-07-31,605.06
3831,Family,Yearly,2025-07-18,2026-07-18,605.06
3832,Family,Yearly,2025-01-10,2026-01-10,605.06
3833,Family,Yearly,2025-05-14,2026-05-14,828.76
3834,Premium,Yearly,2024-11-09,2025-11-09,605.06
3835,Premium,3 month,2025-02-26,2025-05-27,400.66
3836,Premium,3 month,2024-12-12,2025-03-12,945.94
3837,Premium,Yearly,2025-07-30,2026-07-30,605.06
3838,Free,Monthly,2024-11-03,2024-12-03,0.0
3839,Free,Yearly,2024-10-29,2025-10-29,0.0
3840,Premium,Monthly,2024-10-08,2024-11-07,653.03
3841,Premium,Monthly,2025-03-27,2025-04-26,433.96
3842,Family,Monthly,2025-02-08,2025-03-10,603.77
3843,Premium,Monthly,2024-09-10,2024-10-10,575.15
3844,Premium,Monthly,2024-11-22,2024-12-22,605.06
3845,Family,Yearly,2025-08-04,2026-08-04,605.06
3846,Premium,Monthly,2025-02-21,2025-03-23,605.06
3847,Family,Monthly,2025-07-01,2025-07-31,389.12
3848,Premium,Yearly,2024-11-13,2025-11-13,295.92
3849,Family,3 month,2025-05-06,2025-08-04,793.79
3850,Premium,Monthly,2025-02-01,2025-03-03,605.06
3851,Premium,Monthly,2025-02-28,2025-03-30,605.06
3852,Premium,Monthly,2024-08-22,2024-09-21,605.06
3853,Free,Monthly,2025-06-24,2025-07-24,0.0
3854,Free,Yearly,2024-12-11,2025-12-11,0.0
3855,Family,3 month,2024-11-09,2025-02-07,605.06
3856,Family,Monthly,2025-03-18,2025-04-17,605.06
3857,Premium,3 month,2024-12-12,2025-03-12,287.92
3858,Free,Yearly,2024-11-29,2025-11-29,0.0
3859,Free,Monthly,2024-10-06,2024-11-05,0.0
3860,Premium,Monthly,2024-11-16,2024-12-16,920.09
3861,Premium,Monthly,2025-07-31,2025-08-30,725.75
3862,Premium,3 month,2024-09-02,2024-12-01,349.65
3863,Family,Monthly,2024-09-23,2024-10-23,605.06
3864,Premium,Monthly,2024-08-17,2024-09-16,605.06
3865,Free,Monthly,2024-10-25,2024-11-24,0.0
3866,Free,Monthly,2025-01-19,2025-02-18,0.0
3867,Free,3 month,2025-07-24,2025-10-22,0.0
3868,Premium,Monthly,2024-12-26,2025-01-25,509.99
3869,Free,Yearly,2024-12-16,2025-12-16,0.0
3870,Family,Monthly,2024-09-04,2024-10-04,605.06
3871,Premium,Yearly,2025-04-02,2026-04-02,605.06
3872,Premium,Yearly,2025-03-01,2026-03-01,605.06
3873,Free,Monthly,2025-01-14,2025-02-13,0.0
3874,Premium,Monthly,2024-10-26,2024-11-25,605.06
3875,Family,Yearly,2024-08-12,2025-08-12,605.06
3876,Family,Yearly,2025-01-22,2026-01-22,605.06
3877,Free,Yearly,2025-01-20,2026-01-20,0.0
3878,Premium,Monthly,2024-10-14,2024-11-13,605.06
3879,Family,Monthly,2025-03-19,2025-04-18,743.17
3880,Premium,Monthly,2024-11-15,2024-12-15,605.06
3881,Family,Yearly,2025-06-20,2026-06-20,605.06
3882,Premium,Monthly,2024-11-07,2024-12-07,605.06
3883,Premium,Monthly,2024-09-21,2024-10-21,605.06
3884,Family,Yearly,2025-03-12,2026-03-12,605.06
3885,Family,Monthly,2025-06-11,2025-07-11,605.06
3886,Premium,Yearly,2025-01-11,2026-01-11,605.06
3887,Free,3 month,2024-09-08,2024-12-07,0.0
3888,Free,Monthly,2024-10-16,2024-11-15,0.0
3889,Free,Monthly,2024-09-08,2024-10-08,0.0
3890,Family,3 month,2024-09-21,2024-12-20,510.75
3891,Premium,Monthly,2024-12-09,2025-01-08,845.13
3892,Premium,3 month,2025-07-13,2025-10-11,605.06
3893,Premium,Yearly,2024-08-29,2025-08-29,605.06
3894,Premium,Monthly,2024-10-21,2024-11-20,605.06
3895,Premium,Monthly,2024-08-11,2024-09-10,605.06
3896,Premium,Yearly,2024-11-17,2025-11-17,530.99
3897,Free,Monthly,2025-05-27,2025-06-26,0.0
3898,Premium,Yearly,2024-08-27,2025-08-27,439.99
3899,Family,Monthly,2024-12-21,2025-01-20,566.97
3900,Premium,Monthly,2024-10-23,2024-11-22,605.06
3901,Premium,Yearly,2025-04-30,2026-04-30,605.06
3902,Free,3 month,2025-04-30,2025-07-29,0.0
3903,Family,Monthly,2025-04-07,2025-05-07,605.06
3904,Premium,Monthly,2024-12-23,2025-01-22,838.33
3905,Premium,3 month,2025-03-08,2025-06-06,605.06
3906,Family,Monthly,2024-10-26,2024-11-25,605.06
3907,Family,Yearly,2024-08-23,2025-08-23,350.71
3908,Premium,Yearly,2025-05-14,2026-05-14,257.39
3909,Premium,Monthly,2025-02-07,2025-03-09,605.06
3910,Free,Yearly,2024-08-25,2025-08-25,0.0
3911,Premium,Monthly,2025-07-20,2025-08-19,605.06
3912,Free,Yearly,2025-04-09,2026-04-09,0.0
3913,Family,Monthly,2025-05-16,2025-06-15,605.06
3914,Free,Monthly,2025-01-25,2025-02-24,0.0
3915,Premium,Yearly,2024-09-24,2025-09-24,553.64
3916,Premium,3 month,2024-12-13,2025-03-13,290.26
3917,Family,Yearly,2025-07-17,2026-07-17,605.06
3918,Family,3 month,2024-10-06,2025-01-04,605.06
3919,Premium,3 month,2025-02-26,2025-05-27,605.06
3920,Family,3 month,2025-02-16,2025-05-17,605.06
3921,Free,Monthly,2024-08-11,2024-09-10,0.0
3922,Family,3 month,2025-02-22,2025-05-23,605.06
3923,Family,3 month,2025-03-03,2025-06-01,605.06
3924,Family,3 month,2025-06-13,2025-09-11,605.06
3925,Premium,3 month,2025-07-27,2025-10-25,605.06
3926,Free,3 month,2024-12-05,2025-03-05,0.0
3927,Premium,Monthly,2024-11-08,2024-12-08,605.06
3928,Premium,3 month,2024-10-26,2025-01-24,605.06
3929,Free,Yearly,2024-12-07,2025-12-07,0.0
3930,Free,3 month,2024-11-18,2025-02-16,0.0
3931,Free,3 month,2024-09-03,2024-12-02,0.0
3932,Family,3 month,2025-03-01,2025-05-30,605.06
3933,Premium,Monthly,2025-02-06,2025-03-08,615.48
3934,Premium,Monthly,2024-08-28,2024-09-27,605.06
3935,Premium,Monthly,2024-11-11,2024-12-11,605.06
3936,Premium,3 month,2025-03-25,2025-06-23,605.06
3937,Premium,Yearly,2025-03-09,2026-03-09,517.13
3938,Premium,Monthly,2025-03-10,2025-04-09,644.31
3939,Premium,3 month,2024-11-19,2025-02-17,605.06
3940,Premium,3 month,2024-10-23,2025-01-21,605.06
3941,Free,Monthly,2025-07-11,2025-08-10,0.0
3942,Family,Yearly,2025-04-07,2026-04-07,663.9
3943,Family,Yearly,2024-11-14,2025-11-14,605.06
3944,Premium,Yearly,2025-07-25,2026-07-25,810.42
3945,Premium,Monthly,2025-07-24,2025-08-23,667.46
3946,Free,Yearly,2024-10-03,2025-10-03,0.0
3947,Premium,Monthly,2025-08-06,2025-09-05,605.06
3948,Family,Yearly,2025-06-29,2026-06-29,541.8
3949,Premium,Monthly,2024-09-14,2024-10-14,222.67
3950,Family,Yearly,2025-06-25,2026-06-25,605.06
3951,Premium,Yearly,2024-11-22,2025-11-22,860.99
3952,Family,3 month,2024-11-05,2025-02-03,938.29
3953,Free,3 month,2024-11-05,2025-02-03,0.0
3954,Family,Monthly,2025-03-10,2025-04-09,605.06
3955,Family,Yearly,2024-12-17,2025-12-17,605.06
3956,Premium,3 month,2025-07-13,2025-10-11,605.06
3957,Premium,Yearly,2024-08-29,2025-08-29,605.06
3958,Premium,Yearly,2025-01-15,2026-01-15,605.06
3959,Free,Yearly,2024-09-04,2025-09-04,0.0
3960,Premium,Monthly,2024-10-11,2024-11-10,605.06
3961,Free,Monthly,2025-01-18,2025-02-17,0.0
3962,Premium,3 month,2025-07-13,2025-10-11,605.06
3963,Premium,3 month,2024-12-03,2025-03-03,801.53
3964,Premium,Monthly,2024-10-27,2024-11-26,605.06
3965,Premium,Yearly,2025-02-24,2026-02-24,605.06
3966,Premium,3 month,2024-09-07,2024-12-06,605.06
3967,Premium,Yearly,2025-04-29,2026-04-29,605.06
3968,Premium,Yearly,2024-11-16,2025-11-16,369.92
3969,Family,Monthly,2025-02-09,2025-03-11,605.06
3970,Premium,3 month,2025-01-03,2025-04-03,605.06
3971,Premium,3 month,2025-02-19,2025-05-20,605.06
3972,Premium,Yearly,2024-08-20,2025-08-20,605.06
3973,Premium,3 month,2025-01-07,2025-04-07,605.06
3974,Premium,Yearly,2025-03-31,2026-03-31,405.27
3975,Family,3 month,2025-02-13,2025-05-14,605.06
3976,Premium,Monthly,2024-11-25,2024-12-25,605.06
3977,Family,Yearly,2025-03-13,2026-03-13,605.06
3978,Premium,3 month,2024-10-01,2024-12-30,605.06
3979,Free,Yearly,2025-01-19,2026-01-19,0.0
3980,Family,3 month,2024-11-24,2025-02-22,574.1
3981,Free,3 month,2025-07-01,2025-09-29,0.0
3982,Premium,Monthly,2025-05-26,2025-06-25,605.06
3983,Free,3 month,2024-10-30,2025-01-28,0.0
3984,Premium,3 month,2024-12-13,2025-03-13,605.06
3985,Premium,Yearly,2024-09-29,2025-09-29,853.14
3986,Premium,3 month,2025-01-27,2025-04-27,618.13
3987,Premium,Monthly,2025-05-21,2025-06-20,830.94
3988,Premium,Yearly,2025-01-22,2026-01-22,605.06
3989,Family,3 month,2025-03-04,2025-06-02,605.06
3990,Premium,Monthly,2025-05-19,2025-06-18,845.57
3991,Family,Yearly,2024-12-18,2025-12-18,605.06
3992,Free,Yearly,2025-07-04,2026-07-04,0.0
3993,Premium,Yearly,2025-03-20,2026-03-20,605.06
3994,Family,3 month,2025-07-10,2025-10-08,605.06
3995,Premium,Yearly,2024-10-16,2025-10-16,698.42
3996,Premium,3 month,2025-07-19,2025-10-17,605.06
3997,Free,3 month,2024-08-16,2024-11-14,0.0
3998,Free,3 month,2025-06-30,2025-09-28,0.0
3999,Premium,Monthly,2024-08-29,2024-09-28,553.88
4000,Premium,Monthly,2025-01-09,2025-02-08,605.06
4001,Premium,3 month,2025-06-29,2025-09-27,653.8
4002,Premium,Yearly,2025-07-01,2026-07-01,605.06
4003,Premium,3 month,2025-04-28,2025-07-27,809.44
4004,Premium,Yearly,2024-10-08,2025-10-08,605.06
4005,Free,Yearly,2025-03-28,2026-03-28,0.0
4006,Family,Monthly,2024-09-15,2024-10-15,830.82
4007,Premium,Monthly,2025-07-12,2025-08-11,439.0
4008,Family,Yearly,2024-12-28,2025-12-28,710.5
4009,Family,3 month,2025-06-29,2025-09-27,605.06
4010,Family,Monthly,2025-06-02,2025-07-02,605.06
4011,Free,Monthly,2024-11-06,2024-12-06,0.0
4012,Free,Monthly,2024-09-18,2024-10-18,0.0
4013,Premium,Yearly,2025-07-05,2026-07-05,605.06
4014,Free,Yearly,2024-11-21,2025-11-21,0.0
4015,Free,Monthly,2024-08-21,2024-09-20,0.0
4016,Free,Monthly,2025-04-10,2025-05-10,0.0
4017,Family,Yearly,2024-08-13,2025-08-13,605.06
4018,Free,Monthly,2024-12-10,2025-01-09,0.0
4019,Free,Monthly,2025-03-07,2025-04-06,0.0
4020,Premium,Yearly,2024-10-18,2025-10-18,605.06
4021,Premium,3 month,2024-10-06,2025-01-04,834.27
4022,Free,Yearly,2024-09-17,2025-09-17,0.0
4023,Premium,Yearly,2025-06-13,2026-06-13,845.49
4024,Premium,Monthly,2025-02-14,2025-03-16,605.06
4025,Premium,3 month,2024-11-25,2025-02-23,605.06
4026,Family,Yearly,2024-09-07,2025-09-07,605.06
4027,Premium,Monthly,2024-08-28,2024-09-27,605.06
4028,Family,Monthly,2025-07-06,2025-08-05,597.6
4029,Premium,3 month,2024-12-28,2025-03-28,605.06
4030,Free,Yearly,2024-09-09,2025-09-09,0.0
4031,Family,3 month,2024-10-07,2025-01-05,605.06
4032,Free,Yearly,2025-06-10,2026-06-10,0.0
4033,Free,Monthly,2024-12-30,2025-01-29,0.0
4034,Premium,Yearly,2025-05-28,2026-05-28,605.06
4035,Family,3 month,2025-03-10,2025-06-08,702.13
4036,Premium,3 month,2025-04-20,2025-07-19,605.06
4037,Premium,Yearly,2024-11-16,2025-11-16,605.06
4038,Premium,3 month,2024-09-11,2024-12-10,442.74
4039,Premium,Yearly,2025-07-09,2026-07-09,485.04
4040,Free,Yearly,2025-03-23,2026-03-23,0.0
4041,Premium,3 month,2025-07-13,2025-10-11,677.92
4042,Premium,Monthly,2025-01-25,2025-02-24,660.04
4043,Free,3 month,2025-03-04,2025-06-02,0.0
4044,Premium,3 month,2025-05-29,2025-08-27,605.06
4045,Family,Monthly,2025-03-21,2025-04-20,542.21
4046,Free,Monthly,2024-09-13,2024-10-13,0.0
4047,Family,3 month,2024-09-11,2024-12-10,605.06
4048,Family,Yearly,2025-06-03,2026-06-03,605.06
4049,Premium,Monthly,2024-09-20,2024-10-20,605.06
4050,Free,Monthly,2024-11-19,2024-12-19,0.0
4051,Family,3 month,2024-11-28,2025-02-26,605.06
4052,Family,Monthly,2024-11-24,2024-12-24,605.06
4053,Premium,Monthly,2025-04-28,2025-05-28,605.06
4054,Premium,Yearly,2025-06-17,2026-06-17,605.06
4055,Premium,Yearly,2024-08-29,2025-08-29,605.06
4056,Premium,Monthly,2024-09-18,2024-10-18,605.06
4057,Premium,Yearly,2025-01-29,2026-01-29,605.06
4058,Premium,Yearly,2025-07-04,2026-07-04,795.91
4059,Family,Monthly,2024-09-28,2024-10-28,605.06
4060,Premium,3 month,2025-05-12,2025-08-10,605.06
4061,Family,Monthly,2025-03-02,2025-04-01,433.98
4062,Premium,Monthly,2025-07-12,2025-08-11,605.06
4063,Free,Monthly,2025-05-03,2025-06-02,0.0
4064,Free,3 month,2025-05-10,2025-08-08,0.0
4065,Family,Yearly,2025-03-06,2026-03-06,605.06
4066,Family,3 month,2025-01-01,2025-04-01,605.06
4067,Premium,3 month,2024-09-07,2024-12-06,605.06
4068,Premium,Monthly,2025-08-04,2025-09-03,427.88
4069,Family,Monthly,2024-11-06,2024-12-06,306.79
4070,Free,3 month,2025-02-15,2025-05-16,0.0
4071,Premium,3 month,2025-05-03,2025-08-01,605.06
4072,Family,Monthly,2025-04-20,2025-05-20,605.06
4073,Family,3 month,2024-08-15,2024-11-13,605.06
4074,Family,Yearly,2024-10-29,2025-10-29,569.84
4075,Family,3 month,2024-10-19,2025-01-17,443.52
4076,Premium,Yearly,2024-10-26,2025-10-26,605.06
4077,Free,Monthly,2025-02-11,2025-03-13,0.0
4078,Premium,Yearly,2025-07-11,2026-07-11,605.06
4079,Premium,3 month,2025-02-02,2025-05-03,605.06
4080,Family,Yearly,2025-04-22,2026-04-22,605.06
4081,Free,3 month,2024-09-15,2024-12-14,0.0
4082,Free,3 month,2024-12-05,2025-03-05,0.0
4083,Family,Yearly,2024-10-19,2025-10-19,605.06
4084,Family,Yearly,2025-06-30,2026-06-30,947.57
4085,Free,3 month,2025-03-03,2025-06-01,0.0
4086,Premium,Monthly,2025-05-15,2025-06-14,605.06
4087,Family,Monthly,2025-06-25,2025-07-25,605.06
4088,Premium,Yearly,2025-03-17,2026-03-17,605.06
4089,Premium,Yearly,2025-02-07,2026-02-07,775.36
4090,Premium,3 month,2025-08-05,2025-11-03,605.06
4091,Family,Monthly,2025-07-10,2025-08-09,605.06
4092,Premium,3 month,2024-08-19,2024-11-17,605.06
4093,Family,Monthly,2025-03-02,2025-04-01,605.06
4094,Family,3 month,2024-12-28,2025-03-28,297.98
4095,Premium,Yearly,2024-09-28,2025-09-28,605.06
4096,Free,Monthly,2025-01-30,2025-03-01,0.0
4097,Free,Monthly,2024-10-14,2024-11-13,0.0
4098,Family,Yearly,2025-06-14,2026-06-14,605.06
4099,Premium,Yearly,2025-02-03,2026-02-03,605.06
4100,Premium,Monthly,2024-08-25,2024-09-24,605.06
4101,Family,Monthly,2024-08-20,2024-09-19,818.73
4102,Free,Yearly,2024-08-17,2025-08-17,0.0
4103,Free,3 month,2024-11-12,2025-02-10,0.0
4104,Premium,Yearly,2025-04-06,2026-04-06,605.06
4105,Premium,Yearly,2024-12-05,2025-12-05,605.06
4106,Family,Yearly,2025-01-28,2026-01-28,605.06
4107,Premium,Yearly,2024-09-14,2025-09-14,605.06
4108,Free,3 month,2024-12-24,2025-03-24,0.0
4109,Premium,Yearly,2024-08-30,2025-08-30,605.06
4110,Family,Yearly,2024-09-07,2025-09-07,551.19
4111,Free,Monthly,2024-08-16,2024-09-15,0.0
4112,Premium,3 month,2025-02-13,2025-05-14,543.79
4113,Premium,Yearly,2024-09-22,2025-09-22,605.06
4114,Free,3 month,2025-06-10,2025-09-08,0.0
4115,Free,Yearly,2024-10-30,2025-10-30,0.0
4116,Free,Monthly,2025-02-26,2025-03-28,0.0
4117,Family,3 month,2024-09-19,2024-12-18,605.06
4118,Free,Yearly,2024-10-16,2025-10-16,0.0
4119,Premium,Yearly,2025-06-29,2026-06-29,605.06
4120,Premium,3 month,2025-06-23,2025-09-21,605.06
4121,Free,Monthly,2024-10-12,2024-11-11,0.0
4122,Family,Monthly,2025-06-09,2025-07-09,605.06
4123,Premium,3 month,2025-05-07,2025-08-05,809.72
4124,Free,3 month,2025-02-03,2025-05-04,0.0
4125,Family,Monthly,2024-08-10,2024-09-09,605.06
4126,Family,Monthly,2025-02-11,2025-03-13,563.28
4127,Premium,Yearly,2025-05-11,2026-05-11,433.46
4128,Family,Yearly,2024-10-20,2025-10-20,636.05
4129,Family,Monthly,2025-03-12,2025-04-11,605.06
4130,Free,3 month,2024-08-11,2024-11-09,0.0
4131,Premium,Monthly,2025-07-26,2025-08-25,605.06
4132,Family,Yearly,2025-03-09,2026-03-09,605.06
4133,Free,3 month,2025-04-13,2025-07-12,0.0
4134,Premium,3 month,2024-12-12,2025-03-12,262.68
4135,Premium,3 month,2025-02-21,2025-05-22,244.04
4136,Family,3 month,2024-12-28,2025-03-28,999.13
4137,Premium,3 month,2025-02-18,2025-05-19,605.06
4138,Premium,3 month,2025-04-10,2025-07-09,605.06
4139,Family,Yearly,2024-11-05,2025-11-05,605.06
4140,Premium,Yearly,2025-06-13,2026-06-13,560.25
4141,Premium,Monthly,2025-04-21,2025-05-21,703.75
4142,Free,3 month,2024-10-02,2024-12-31,0.0
4143,Family,3 month,2024-09-26,2024-12-25,582.45
4144,Premium,3 month,2024-12-31,2025-03-31,605.06
4145,Premium,Monthly,2025-03-29,2025-04-28,605.06
4146,Premium,3 month,2025-03-08,2025-06-06,605.06
4147,Premium,Monthly,2025-07-02,2025-08-01,605.06
4148,Free,Monthly,2024-11-20,2024-12-20,0.0
4149,Premium,Monthly,2024-09-02,2024-10-02,605.06
4150,Family,3 month,2025-05-20,2025-08-18,605.06
4151,Premium,Yearly,2025-03-21,2026-03-21,605.06
4152,Free,Yearly,2024-11-02,2025-11-02,0.0
4153,Premium,3 month,2024-09-21,2024-12-20,777.3
4154,Premium,Yearly,2024-08-25,2025-08-25,605.06
4155,Free,Monthly,2025-05-22,2025-06-21,0.0
4156,Free,Yearly,2024-11-24,2025-11-24,0.0
4157,Family,Monthly,2024-11-30,2024-12-30,605.06
4158,Free,Yearly,2025-03-15,2026-03-15,0.0
4159,Family,Monthly,2024-10-12,2024-11-11,605.06
4160,Free,Monthly,2025-03-19,2025-04-18,0.0
4161,Free,Yearly,2024-10-26,2025-10-26,0.0
4162,Premium,3 month,2024-11-06,2025-02-04,605.06
4163,Free,Yearly,2024-11-07,2025-11-07,0.0
4164,Free,3 month,2024-08-28,2024-11-26,0.0
4165,Premium,Monthly,2025-02-22,2025-03-24,605.06
4166,Family,Monthly,2025-07-25,2025-08-24,984.32
4167,Free,Monthly,2024-09-10,2024-10-10,0.0
4168,Free,Monthly,2025-07-25,2025-08-24,0.0
4169,Free,Monthly,2025-02-26,2025-03-28,0.0
4170,Premium,Yearly,2025-08-03,2026-08-03,605.06
4171,Family,3 month,2025-04-17,2025-07-16,605.06
4172,Premium,Monthly,2024-08-19,2024-09-18,605.06
4173,Free,Yearly,2025-01-13,2026-01-13,0.0
4174,Premium,3 month,2024-09-07,2024-12-06,605.06
4175,Premium,Yearly,2025-05-17,2026-05-17,605.06
4176,Free,Yearly,2025-05-09,2026-05-09,0.0
4177,Premium,Monthly,2025-05-04,2025-06-03,605.06
4178,Free,3 month,2025-02-25,2025-05-26,0.0
4179,Family,Monthly,2024-09-06,2024-10-06,583.72
4180,Premium,3 month,2025-04-08,2025-07-07,605.06
4181,Premium,Yearly,2025-01-04,2026-01-04,311.05
4182,Premium,3 month,2025-01-11,2025-04-11,605.06
4183,Premium,Yearly,2025-07-01,2026-07-01,605.06
4184,Premium,3 month,2025-07-24,2025-10-22,416.8
4185,Family,Monthly,2024-09-21,2024-10-21,605.06
4186,Premium,3 month,2025-07-26,2025-10-24,605.06
4187,Family,Monthly,2025-07-09,2025-08-08,605.06
4188,Family,Monthly,2025-04-02,2025-05-02,597.21
4189,Premium,Monthly,2024-09-22,2024-10-22,605.06
4190,Premium,3 month,2025-06-04,2025-09-02,605.06
4191,Premium,3 month,2025-05-09,2025-08-07,952.9
4192,Family,Monthly,2024-08-20,2024-09-19,605.06
4193,Premium,Yearly,2024-12-06,2025-12-06,605.06
4194,Family,3 month,2025-02-01,2025-05-02,605.06
4195,Free,3 month,2025-02-08,2025-05-09,0.0
4196,Premium,3 month,2024-11-21,2025-02-19,605.06
4197,Family,3 month,2025-01-06,2025-04-06,605.06
4198,Premium,Yearly,2024-11-10,2025-11-10,605.06
4199,Free,Yearly,2025-01-08,2026-01-08,0.0
4200,Premium,3 month,2024-12-13,2025-03-13,605.06
4201,Free,Yearly,2024-08-31,2025-08-31,0.0
4202,Premium,3 month,2025-02-14,2025-05-15,605.06
4203,Family,Monthly,2024-10-06,2024-11-05,459.07
4204,Premium,3 month,2025-04-10,2025-07-09,605.06
4205,Free,3 month,2025-05-06,2025-08-04,0.0
4206,Premium,Monthly,2025-02-24,2025-03-26,305.13
4207,Family,Yearly,2024-12-05,2025-12-05,605.06
4208,Premium,Yearly,2025-06-29,2026-06-29,830.64
4209,Family,Monthly,2025-08-07,2025-09-06,605.06
4210,Premium,3 month,2025-03-12,2025-06-10,605.06
4211,Premium,Monthly,2025-05-05,2025-06-04,605.06
4212,Premium,3 month,2025-03-08,2025-06-06,605.06
4213,Family,3 month,2025-02-27,2025-05-28,605.06
4214,Free,Yearly,2024-12-23,2025-12-23,0.0
4215,Free,Monthly,2025-06-15,2025-07-15,0.0
4216,Family,3 month,2025-06-08,2025-09-06,605.06
4217,Family,3 month,2025-02-06,2025-05-07,657.01
4218,Free,3 month,2025-01-09,2025-04-09,0.0
4219,Free,Monthly,2024-08-12,2024-09-11,0.0
4220,Free,Yearly,2025-06-09,2026-06-09,0.0
4221,Family,Yearly,2024-10-17,2025-10-17,605.06
4222,Family,Monthly,2025-02-21,2025-03-23,605.06
4223,Free,Yearly,2024-12-13,2025-12-13,0.0
4224,Family,Yearly,2025-02-16,2026-02-16,931.32
4225,Premium,Monthly,2024-10-05,2024-11-04,632.5
4226,Family,Yearly,2025-03-08,2026-03-08,605.06
4227,Family,Yearly,2025-07-12,2026-07-12,605.06
4228,Premium,Monthly,2024-12-15,2025-01-14,605.06
4229,Premium,Yearly,2024-10-27,2025-10-27,605.06
4230,Family,Monthly,2025-02-05,2025-03-07,924.43
4231,Premium,3 month,2025-05-24,2025-08-22,457.92
4232,Free,3 month,2025-01-22,2025-04-22,0.0
4233,Premium,Yearly,2025-07-20,2026-07-20,605.06
4234,Premium,3 month,2025-02-05,2025-05-06,605.06
4235,Premium,Yearly,2024-10-11,2025-10-11,418.32
4236,Premium,Monthly,2024-09-23,2024-10-23,605.06
4237,Family,Yearly,2024-11-13,2025-11-13,250.53
4238,Premium,Monthly,2024-10-13,2024-11-12,477.52
4239,Premium,3 month,2025-07-06,2025-10-04,690.24
4240,Premium,3 month,2025-05-17,2025-08-15,605.06
4241,Free,Monthly,2025-01-26,2025-02-25,0.0
4242,Family,Yearly,2025-03-24,2026-03-24,855.62
4243,Free,Yearly,2025-06-29,2026-06-29,0.0
4244,Free,Yearly,2024-12-10,2025-12-10,0.0
4245,Free,3 month,2025-02-03,2025-05-04,0.0
4246,Family,3 month,2025-02-23,2025-05-24,605.06
4247,Free,3 month,2025-04-17,2025-07-16,0.0
4248,Premium,Monthly,2024-10-08,2024-11-07,605.06
4249,Free,Monthly,2025-02-19,2025-03-21,0.0
4250,Premium,3 month,2025-05-20,2025-08-18,779.81
4251,Premium,3 month,2025-06-13,2025-09-11,626.79
4252,Premium,Monthly,2025-05-19,2025-06-18,605.06
4253,Premium,3 month,2025-07-08,2025-10-06,605.06
4254,Premium,3 month,2025-07-25,2025-10-23,605.06
4255,Family,3 month,2025-03-12,2025-06-10,277.59
4256,Premium,Yearly,2025-06-10,2026-06-10,605.06
4257,Free,Monthly,2025-06-02,2025-07-02,0.0
4258,Family,3 month,2025-06-21,2025-09-19,605.06
4259,Free,3 month,2025-02-18,2025-05-19,0.0
4260,Family,3 month,2025-04-30,2025-07-29,605.06
4261,Family,Yearly,2025-04-02,2026-04-02,605.06
4262,Premium,Yearly,2025-02-07,2026-02-07,526.16
4263,Free,Yearly,2024-08-23,2025-08-23,0.0
4264,Premium,Yearly,2025-05-25,2026-05-25,605.06
4265,Free,Yearly,2024-11-14,2025-11-14,0.0
4266,Premium,Monthly,2025-05-25,2025-06-24,605.06
4267,Premium,Yearly,2025-08-08,2026-08-08,773.26
4268,Premium,Monthly,2025-03-12,2025-04-11,750.92
4269,Free,Monthly,2025-05-18,2025-06-17,0.0
4270,Premium,Monthly,2024-12-02,2025-01-01,605.06
4271,Premium,Monthly,2024-08-15,2024-09-14,473.51
4272,Premium,Monthly,2025-07-06,2025-08-05,605.06
4273,Premium,3 month,2024-08-31,2024-11-29,605.06
4274,Free,Yearly,2025-06-11,2026-06-11,0.0
4275,Free,Monthly,2024-12-21,2025-01-20,0.0
4276,Family,Monthly,2025-05-15,2025-06-14,992.49
4277,Free,Yearly,2025-06-03,2026-06-03,0.0
4278,Family,Monthly,2024-11-03,2024-12-03,605.06
4279,Premium,3 month,2025-03-10,2025-06-08,605.06
4280,Premium,3 month,2024-11-17,2025-02-15,605.06
4281,Family,3 month,2024-09-03,2024-12-02,605.06
4282,Family,3 month,2025-06-29,2025-09-27,605.06
4283,Family,Yearly,2024-10-17,2025-10-17,605.06
4284,Family,Monthly,2024-09-12,2024-10-12,261.21
4285,Premium,Monthly,2025-03-03,2025-04-02,605.06
4286,Family,Monthly,2025-03-27,2025-04-26,962.34
4287,Family,Monthly,2024-12-25,2025-01-24,546.01
4288,Premium,Monthly,2025-06-04,2025-07-04,605.06
4289,Premium,Monthly,2024-12-05,2025-01-04,605.06
4290,Family,3 month,2025-04-12,2025-07-11,605.06
4291,Premium,3 month,2024-12-22,2025-03-22,389.77
4292,Free,Yearly,2025-05-06,2026-05-06,0.0
4293,Premium,3 month,2025-02-06,2025-05-07,605.06
4294,Family,3 month,2025-05-21,2025-08-19,605.06
4295,Family,Monthly,2024-09-18,2024-10-18,605.06
4296,Premium,Monthly,2025-03-18,2025-04-17,605.06
4297,Premium,Monthly,2025-01-19,2025-02-18,605.06
4298,Family,Monthly,2025-01-22,2025-02-21,605.06
4299,Premium,Yearly,2024-08-31,2025-08-31,605.06
4300,Premium,Yearly,2025-07-02,2026-07-02,527.14
4301,Free,3 month,2024-10-27,2025-01-25,0.0
4302,Premium,3 month,2025-04-18,2025-07-17,605.06
4303,Family,Yearly,2025-07-23,2026-07-23,605.06
4304,Family,3 month,2025-04-17,2025-07-16,605.06
4305,Family,3 month,2025-02-07,2025-05-08,605.06
4306,Free,3 month,2025-02-05,2025-05-06,0.0
4307,Premium,Yearly,2024-09-29,2025-09-29,729.92
4308,Premium,Yearly,2025-04-13,2026-04-13,479.09
4309,Family,Yearly,2025-06-27,2026-06-27,605.06
4310,Premium,3 month,2024-10-27,2025-01-25,612.37
4311,Family,3 month,2025-06-06,2025-09-04,261.11
4312,Premium,3 month,2025-05-23,2025-08-21,605.06
4313,Free,Monthly,2024-09-11,2024-10-11,0.0
4314,Premium,Yearly,2025-01-23,2026-01-23,605.06
4315,Family,3 month,2024-08-28,2024-11-26,283.16
4316,Family,Yearly,2025-06-22,2026-06-22,605.06
4317,Free,3 month,2025-02-22,2025-05-23,0.0
4318,Premium,Monthly,2025-05-13,2025-06-12,965.69
4319,Free,Yearly,2025-05-23,2026-05-23,0.0
4320,Premium,Yearly,2025-02-13,2026-02-13,605.06
4321,Family,Monthly,2025-05-28,2025-06-27,605.06
4322,Premium,Monthly,2024-12-16,2025-01-15,605.06
4323,Premium,3 month,2024-09-27,2024-12-26,605.06
4324,Premium,Monthly,2024-11-12,2024-12-12,605.06
4325,Family,3 month,2025-06-30,2025-09-28,302.92
4326,Premium,Yearly,2025-05-18,2026-05-18,714.75
4327,Premium,3 month,2024-09-10,2024-12-09,299.94
4328,Family,3 month,2025-05-20,2025-08-18,570.96
4329,Family,3 month,2025-07-08,2025-10-06,605.06
4330,Free,Yearly,2025-02-22,2026-02-22,0.0
4331,Family,Yearly,2025-04-11,2026-04-11,605.06
4332,Premium,Yearly,2024-12-17,2025-12-17,229.13
4333,Family,Yearly,2024-12-21,2025-12-21,605.06
4334,Premium,3 month,2025-04-29,2025-07-28,605.06
4335,Free,3 month,2025-04-02,2025-07-01,0.0
4336,Family,Yearly,2024-11-06,2025-11-06,302.76
4337,Free,3 month,2024-08-20,2024-11-18,0.0
4338,Family,3 month,2024-09-26,2024-12-25,605.06
4339,Premium,Yearly,2024-08-22,2025-08-22,605.06
4340,Premium,Yearly,2025-03-21,2026-03-21,605.06
4341,Premium,3 month,2025-02-11,2025-05-12,605.06
4342,Free,Monthly,2025-05-08,2025-06-07,0.0
4343,Premium,Yearly,2024-11-21,2025-11-21,605.06
4344,Premium,Yearly,2024-10-19,2025-10-19,605.06
4345,Family,Yearly,2025-04-29,2026-04-29,605.06
4346,Premium,Monthly,2025-05-20,2025-06-19,605.06
4347,Premium,Yearly,2024-11-07,2025-11-07,940.93
4348,Premium,Yearly,2024-09-26,2025-09-26,231.14
4349,Family,3 month,2025-02-01,2025-05-02,605.06
4350,Premium,Yearly,2024-08-14,2025-08-14,980.43
4351,Premium,3 month,2025-01-19,2025-04-19,605.06
4352,Free,Yearly,2025-05-09,2026-05-09,0.0
4353,Family,Monthly,2024-12-09,2025-01-08,523.32
4354,Family,Monthly,2024-12-03,2025-01-02,436.1
4355,Family,Yearly,2024-12-22,2025-12-22,940.11
4356,Premium,Monthly,2025-03-20,2025-04-19,605.06
4357,Family,3 month,2024-11-05,2025-02-03,605.06
4358,Free,Monthly,2025-02-24,2025-03-26,0.0
4359,Premium,Yearly,2025-01-22,2026-01-22,877.2
4360,Free,Yearly,2024-11-22,2025-11-22,0.0
4361,Free,3 month,2025-08-04,2025-11-02,0.0
4362,Free,Yearly,2024-08-13,2025-08-13,0.0
4363,Premium,3 month,2024-11-22,2025-02-20,605.06
4364,Family,3 month,2025-04-02,2025-07-01,605.06
4365,Premium,Yearly,2025-04-02,2026-04-02,605.06
4366,Premium,3 month,2025-03-02,2025-05-31,605.06
4367,Free,Monthly,2025-05-06,2025-06-05,0.0
4368,Free,3 month,2025-04-18,2025-07-17,0.0
4369,Premium,Monthly,2025-04-17,2025-05-17,605.06
4370,Premium,Monthly,2025-06-17,2025-07-17,605.06
4371,Premium,3 month,2025-04-28,2025-07-27,605.06
4372,Family,3 month,2025-08-04,2025-11-02,605.06
4373,Premium,Monthly,2025-04-17,2025-05-17,605.06
4374,Family,Monthly,2025-07-05,2025-08-04,903.03
4375,Premium,Yearly,2024-09-06,2025-09-06,605.06
4376,Family,3 month,2025-04-25,2025-07-24,987.24
4377,Free,Monthly,2025-03-09,2025-04-08,0.0
4378,Free,3 month,2024-08-25,2024-11-23,0.0
4379,Free,Monthly,2024-12-31,2025-01-30,0.0
4380,Premium,Yearly,2025-02-01,2026-02-01,826.43
4381,Premium,Monthly,2025-04-21,2025-05-21,605.06
4382,Free,3 month,2025-01-15,2025-04-15,0.0
4383,Premium,Yearly,2025-01-25,2026-01-25,605.06
4384,Family,Monthly,2025-05-18,2025-06-17,605.06
4385,Premium,3 month,2024-12-13,2025-03-13,605.06
4386,Premium,3 month,2024-11-14,2025-02-12,605.06
4387,Premium,Yearly,2024-10-11,2025-10-11,531.19
4388,Premium,Monthly,2025-01-25,2025-02-24,917.38
4389,Free,Monthly,2024-11-28,2024-12-28,0.0
4390,Premium,3 month,2025-08-09,2025-11-07,392.14
4391,Family,3 month,2024-11-24,2025-02-22,605.06
4392,Family,Monthly,2024-11-26,2024-12-26,605.06
4393,Premium,3 month,2025-03-03,2025-06-01,605.06
4394,Free,3 month,2025-03-07,2025-06-05,0.0
4395,Premium,3 month,2025-03-16,2025-06-14,547.98
4396,Premium,Yearly,2024-09-17,2025-09-17,605.06
4397,Premium,Monthly,2025-04-16,2025-05-16,421.16
4398,Premium,Monthly,2025-04-01,2025-05-01,605.06
4399,Free,Monthly,2025-02-10,2025-03-12,0.0
4400,Free,3 month,2024-12-02,2025-03-02,0.0
4401,Free,Monthly,2025-03-09,2025-04-08,0.0
4402,Premium,Monthly,2024-12-12,2025-01-11,737.65
4403,Premium,Monthly,2024-09-28,2024-10-28,605.06
4404,Premium,Yearly,2025-02-13,2026-02-13,421.24
4405,Family,Monthly,2025-08-02,2025-09-01,605.06
4406,Free,3 month,2024-12-09,2025-03-09,0.0
4407,Free,Yearly,2024-09-07,2025-09-07,0.0
4408,Family,3 month,2025-04-03,2025-07-02,879.78
4409,Premium,3 month,2024-12-13,2025-03-13,605.06
4410,Premium,3 month,2025-06-12,2025-09-10,605.06
4411,Family,Yearly,2025-05-17,2026-05-17,552.71
4412,Premium,3 month,2025-08-05,2025-11-03,840.76
4413,Free,Yearly,2025-05-29,2026-05-29,0.0
4414,Premium,Yearly,2024-11-19,2025-11-19,605.06
4415,Premium,Yearly,2025-03-18,2026-03-18,905.22
4416,Family,Yearly,2024-11-18,2025-11-18,205.79
4417,Family,3 month,2025-02-10,2025-05-11,605.06
4418,Premium,Yearly,2024-10-27,2025-10-27,605.06
4419,Free,3 month,2024-12-20,2025-03-20,0.0
4420,Premium,3 month,2025-07-19,2025-10-17,605.06
4421,Free,Yearly,2024-12-07,2025-12-07,0.0
4422,Premium,3 month,2025-05-01,2025-07-30,466.56
4423,Family,Monthly,2025-04-30,2025-05-30,605.06
4424,Premium,Yearly,2024-10-20,2025-10-20,961.37
4425,Free,3 month,2025-03-08,2025-06-06,0.0
4426,Premium,Monthly,2025-06-26,2025-07-26,605.06
4427,Family,Monthly,2025-01-13,2025-02-12,428.81
4428,Premium,Monthly,2024-09-25,2024-10-25,605.06
4429,Free,Monthly,2025-06-27,2025-07-27,0.0
4430,Premium,Yearly,2024-11-10,2025-11-10,605.06
4431,Premium,Yearly,2025-03-02,2026-03-02,605.06
4432,Premium,Yearly,2025-03-02,2026-03-02,219.71
4433,Premium,3 month,2025-05-02,2025-07-31,313.18
4434,Premium,Yearly,2025-01-23,2026-01-23,722.52
4435,Family,Yearly,2024-11-10,2025-11-10,257.56
4436,Premium,Monthly,2025-02-11,2025-03-13,290.52
4437,Free,Yearly,2025-03-27,2026-03-27,0.0
4438,Free,3 month,2025-07-22,2025-10-20,0.0
4439,Free,3 month,2025-07-17,2025-10-15,0.0
4440,Premium,Yearly,2025-05-28,2026-05-28,831.45
4441,Free,3 month,2025-07-30,2025-10-28,0.0
4442,Premium,3 month,2025-02-27,2025-05-28,605.06
4443,Family,Monthly,2024-09-30,2024-10-30,878.97
4444,Premium,Monthly,2025-04-19,2025-05-19,605.06
4445,Premium,Yearly,2024-10-23,2025-10-23,605.06
4446,Family,Yearly,2024-12-16,2025-12-16,216.35
4447,Premium,Monthly,2025-06-13,2025-07-13,949.15
4448,Free,3 month,2025-05-28,2025-08-26,0.0
4449,Family,Monthly,2025-05-13,2025-06-12,605.06
4450,Premium,Yearly,2024-08-18,2025-08-18,605.06
4451,Premium,3 month,2025-08-04,2025-11-02,605.06
4452,Premium,Monthly,2024-10-18,2024-11-17,605.06
4453,Family,Yearly,2025-05-20,2026-05-20,605.06
4454,Family,3 month,2024-08-26,2024-11-24,605.06
4455,Family,Yearly,2024-09-05,2025-09-05,605.06
4456,Free,Yearly,2024-09-29,2025-09-29,0.0
4457,Free,Yearly,2024-09-11,2025-09-11,0.0
4458,Premium,Yearly,2024-08-13,2025-08-13,605.06
4459,Premium,Monthly,2025-04-09,2025-05-09,605.06
4460,Premium,Monthly,2024-09-11,2024-10-11,598.68
4461,Free,Monthly,2024-12-17,2025-01-16,0.0
4462,Premium,Monthly,2025-02-04,2025-03-06,605.06
4463,Premium,Yearly,2024-09-05,2025-09-05,283.54
4464,Premium,Yearly,2024-12-19,2025-12-19,605.06
4465,Free,3 month,2025-06-05,2025-09-03,0.0
4466,Free,Yearly,2025-02-07,2026-02-07,0.0
4467,Premium,Yearly,2024-09-20,2025-09-20,605.06
4468,Premium,Yearly,2025-03-17,2026-03-17,605.06
4469,Family,3 month,2024-11-24,2025-02-22,605.06
4470,Premium,3 month,2024-12-13,2025-03-13,605.06
4471,Premium,Monthly,2025-02-15,2025-03-17,605.06
4472,Free,Yearly,2024-10-05,2025-10-05,0.0
4473,Premium,3 month,2024-08-12,2024-11-10,605.06
4474,Family,3 month,2025-01-07,2025-04-07,605.06
4475,Free,Monthly,2025-04-27,2025-05-27,0.0
4476,Premium,3 month,2025-05-02,2025-07-31,605.06
4477,Free,Yearly,2024-12-11,2025-12-11,0.0
4478,Premium,Monthly,2024-11-15,2024-12-15,605.06
4479,Family,3 month,2025-06-22,2025-09-20,759.78
4480,Premium,Yearly,2025-01-11,2026-01-11,872.49
4481,Premium,Yearly,2025-04-02,2026-04-02,605.06
4482,Family,Yearly,2025-04-08,2026-04-08,605.06
4483,Family,Monthly,2025-02-02,2025-03-04,444.55
4484,Premium,Monthly,2025-04-05,2025-05-05,494.53
4485,Premium,Yearly,2025-01-21,2026-01-21,605.06
4486,Premium,Monthly,2025-04-28,2025-05-28,627.57
4487,Premium,Yearly,2025-05-06,2026-05-06,605.06
4488,Premium,Monthly,2024-12-06,2025-01-05,605.06
4489,Premium,3 month,2025-07-01,2025-09-29,605.06
4490,Free,Yearly,2025-06-12,2026-06-12,0.0
4491,Premium,3 month,2025-02-26,2025-05-27,605.06
4492,Premium,3 month,2025-03-18,2025-06-16,605.06
4493,Free,Monthly,2025-06-11,2025-07-11,0.0
4494,Premium,Yearly,2025-02-19,2026-02-19,605.06
4495,Free,Yearly,2025-06-09,2026-06-09,0.0
4496,Free,Yearly,2025-02-06,2026-02-06,0.0
4497,Family,Monthly,2025-07-23,2025-08-22,605.06
4498,Family,Yearly,2025-01-25,2026-01-25,965.21
4499,Premium,Monthly,2024-09-08,2024-10-08,917.25
4500,Premium,3 month,2025-02-17,2025-05-18,605.06
4501,Premium,Monthly,2024-10-24,2024-11-23,605.06
4502,Free,Monthly,2025-01-15,2025-02-14,0.0
4503,Premium,Monthly,2025-08-04,2025-09-03,835.9
4504,Family,Yearly,2024-10-05,2025-10-05,605.06
4505,Premium,Yearly,2025-05-30,2026-05-30,605.06
4506,Premium,Monthly,2025-02-07,2025-03-09,605.06
4507,Free,Yearly,2025-03-22,2026-03-22,0.0
4508,Free,Yearly,2025-01-01,2026-01-01,0.0
4509,Free,Monthly,2025-06-14,2025-07-14,0.0
4510,Premium,3 month,2025-04-08,2025-07-07,980.97
4511,Premium,Monthly,2024-10-23,2024-11-22,778.26
4512,Free,Yearly,2025-02-01,2026-02-01,0.0
4513,Free,3 month,2025-07-14,2025-10-12,0.0
4514,Family,Monthly,2025-01-08,2025-02-07,605.06
4515,Premium,3 month,2025-03-20,2025-06-18,605.06
4516,Premium,Yearly,2024-11-04,2025-11-04,567.45
4517,Premium,3 month,2025-01-02,2025-04-02,878.66
4518,Family,Monthly,2024-12-24,2025-01-23,710.45
4519,Free,3 month,2025-04-24,2025-07-23,0.0
4520,Family,3 month,2025-01-21,2025-04-21,605.06
4521,Family,Yearly,2024-12-10,2025-12-10,605.06
4522,Premium,3 month,2024-08-31,2024-11-29,351.6
4523,Free,Monthly,2025-04-06,2025-05-06,0.0
4524,Premium,Monthly,2024-09-06,2024-10-06,605.06
4525,Premium,3 month,2025-03-09,2025-06-07,605.06
4526,Premium,3 month,2025-04-22,2025-07-21,951.4
4527,Family,Monthly,2024-09-23,2024-10-23,461.18
4528,Premium,Monthly,2024-11-08,2024-12-08,605.06
4529,Free,Monthly,2024-11-18,2024-12-18,0.0
4530,Premium,3 month,2024-11-22,2025-02-20,605.06
4531,Premium,3 month,2025-05-02,2025-07-31,605.06
4532,Premium,3 month,2024-11-29,2025-02-27,513.6
4533,Premium,3 month,2025-02-15,2025-05-16,577.71
4534,Free,Yearly,2025-07-12,2026-07-12,0.0
4535,Premium,Yearly,2024-08-24,2025-08-24,467.67
4536,Family,3 month,2025-05-03,2025-08-01,605.06
4537,Premium,Monthly,2025-05-24,2025-06-23,605.06
4538,Premium,3 month,2025-01-18,2025-04-18,605.06
4539,Premium,Monthly,2025-02-14,2025-03-16,884.7
4540,Family,3 month,2025-05-27,2025-08-25,576.43
4541,Premium,Yearly,2025-03-17,2026-03-17,605.06
4542,Free,Yearly,2024-10-07,2025-10-07,0.0
4543,Family,Yearly,2025-02-06,2026-02-06,605.06
4544,Family,Yearly,2025-02-18,2026-02-18,832.34
4545,Premium,Yearly,2024-10-30,2025-10-30,605.06
4546,Premium,Yearly,2025-05-17,2026-05-17,605.06
4547,Free,3 month,2024-09-17,2024-12-16,0.0
4548,Premium,3 month,2025-01-02,2025-04-02,605.06
4549,Family,3 month,2025-01-20,2025-04-20,605.06
4550,Free,3 month,2024-11-07,2025-02-05,0.0
4551,Premium,Monthly,2025-05-27,2025-06-26,956.38
4552,Family,Monthly,2024-11-02,2024-12-02,605.06
4553,Premium,Monthly,2025-01-13,2025-02-12,455.61
4554,Free,Yearly,2025-04-19,2026-04-19,0.0
4555,Free,Yearly,2024-10-10,2025-10-10,0.0
4556,Free,Yearly,2025-05-03,2026-05-03,0.0
4557,Premium,Yearly,2025-08-04,2026-08-04,605.06
4558,Free,3 month,2024-09-25,2024-12-24,0.0
4559,Premium,Monthly,2024-12-07,2025-01-06,605.06
4560,Premium,Monthly,2024-09-23,2024-10-23,294.61
4561,Premium,3 month,2024-12-20,2025-03-20,605.06
4562,Free,Yearly,2024-12-09,2025-12-09,0.0
4563,Free,Monthly,2025-01-15,2025-02-14,0.0
4564,Premium,Monthly,2025-05-21,2025-06-20,605.06
4565,Premium,Monthly,2024-12-17,2025-01-16,605.06
4566,Premium,Monthly,2025-01-09,2025-02-08,594.12
4567,Premium,3 month,2024-08-25,2024-11-23,605.06
4568,Free,Yearly,2024-09-27,2025-09-27,0.0
4569,Family,3 month,2025-01-22,2025-04-22,665.31
4570,Premium,Yearly,2025-04-06,2026-04-06,450.88
4571,Free,Monthly,2025-05-02,2025-06-01,0.0
4572,Premium,3 month,2025-07-12,2025-10-10,808.29
4573,Premium,Yearly,2025-04-25,2026-04-25,280.89
4574,Free,Monthly,2025-07-03,2025-08-02,0.0
4575,Free,3 month,2025-03-08,2025-06-06,0.0
4576,Family,Yearly,2024-11-08,2025-11-08,934.73
4577,Premium,Monthly,2024-11-27,2024-12-27,639.58
4578,Premium,Monthly,2025-07-19,2025-08-18,605.06
4579,Premium,Yearly,2024-09-30,2025-09-30,605.06
4580,Family,3 month,2025-03-10,2025-06-08,605.06
4581,Family,Yearly,2024-09-16,2025-09-16,605.06
4582,Family,Monthly,2025-05-29,2025-06-28,811.45
4583,Premium,Monthly,2025-01-04,2025-02-03,605.06
4584,Free,Monthly,2024-11-06,2024-12-06,0.0
4585,Family,Monthly,2025-05-30,2025-06-29,605.06
4586,Premium,Yearly,2024-09-16,2025-09-16,562.58
4587,Premium,Yearly,2025-06-04,2026-06-04,667.28
4588,Premium,Monthly,2024-10-02,2024-11-01,605.06
4589,Premium,Yearly,2025-04-23,2026-04-23,605.06
4590,Free,Yearly,2024-08-30,2025-08-30,0.0
4591,Premium,Yearly,2024-10-20,2025-10-20,605.06
4592,Family,3 month,2024-11-06,2025-02-04,605.06
4593,Free,Yearly,2025-01-08,2026-01-08,0.0
4594,Family,Monthly,2024-10-28,2024-11-27,605.06
4595,Family,Monthly,2025-05-03,2025-06-02,605.06
4596,Free,Monthly,2024-11-07,2024-12-07,0.0
4597,Family,3 month,2025-03-05,2025-06-03,605.06
4598,Premium,Yearly,2025-02-06,2026-02-06,605.06
4599,Premium,Monthly,2024-09-24,2024-10-24,605.06
4600,Free,Monthly,2025-06-18,2025-07-18,0.0
4601,Premium,Monthly,2024-11-26,2024-12-26,697.07
4602,Premium,3 month,2025-01-21,2025-04-21,605.06
4603,Premium,3 month,2025-05-18,2025-08-16,605.06
4604,Family,Yearly,2024-08-26,2025-08-26,438.16
4605,Free,Yearly,2025-06-01,2026-06-01,0.0
4606,Family,Monthly,2025-07-23,2025-08-22,605.06
4607,Family,Monthly,2024-12-03,2025-01-02,605.06
4608,Premium,3 month,2024-11-26,2025-02-24,605.06
4609,Free,Monthly,2024-10-12,2024-11-11,0.0
4610,Premium,3 month,2025-03-22,2025-06-20,605.06
4611,Family,Monthly,2025-03-11,2025-04-10,605.06
4612,Premium,Monthly,2025-01-27,2025-02-26,835.24
4613,Premium,Monthly,2025-07-22,2025-08-21,605.06
4614,Free,3 month,2025-06-24,2025-09-22,0.0
4615,Premium,3 month,2025-07-25,2025-10-23,281.11
4616,Family,Yearly,2024-11-10,2025-11-10,605.06
4617,Free,3 month,2025-07-27,2025-10-25,0.0
4618,Family,Monthly,2025-02-04,2025-03-06,361.29
4619,Premium,Yearly,2025-05-19,2026-05-19,605.06
4620,Premium,Monthly,2025-01-06,2025-02-05,761.65
4621,Premium,Yearly,2024-10-04,2025-10-04,689.39
4622,Premium,Monthly,2024-10-26,2024-11-25,881.92
4623,Premium,3 month,2025-01-27,2025-04-27,605.06
4624,Family,Monthly,2025-03-14,2025-04-13,605.06
4625,Premium,Yearly,2025-04-17,2026-04-17,605.06
4626,Family,Yearly,2024-12-10,2025-12-10,605.06
4627,Premium,3 month,2024-11-24,2025-02-22,605.06
4628,Family,Monthly,2025-02-03,2025-03-05,605.06
4629,Free,Monthly,2025-04-13,2025-05-13,0.0
4630,Free,Monthly,2024-10-16,2024-11-15,0.0
4631,Premium,Monthly,2025-07-24,2025-08-23,605.06
4632,Free,Yearly,2024-08-09,2025-08-09,0.0
4633,Family,Yearly,2025-02-05,2026-02-05,917.13
4634,Premium,Monthly,2025-01-12,2025-02-11,605.06
4635,Free,Monthly,2024-12-13,2025-01-12,0.0
4636,Free,Yearly,2025-01-28,2026-01-28,0.0
4637,Family,Monthly,2024-09-17,2024-10-17,605.06
4638,Free,Yearly,2025-01-11,2026-01-11,0.0
4639,Family,Monthly,2025-03-22,2025-04-21,605.06
4640,Free,3 month,2025-06-18,2025-09-16,0.0
4641,Premium,3 month,2024-10-01,2024-12-30,584.54
4642,Free,Yearly,2025-04-02,2026-04-02,0.0
4643,Family,Monthly,2025-06-07,2025-07-07,469.52
4644,Premium,Yearly,2025-03-09,2026-03-09,605.06
4645,Premium,Monthly,2024-10-27,2024-11-26,605.06
4646,Premium,Monthly,2025-05-12,2025-06-11,427.66
4647,Free,Yearly,2024-08-09,2025-08-09,0.0
4648,Premium,Monthly,2025-01-04,2025-02-03,605.06
4649,Premium,Yearly,2025-05-23,2026-05-23,605.06
4650,Family,Yearly,2025-07-05,2026-07-05,605.06
4651,Premium,3 month,2024-12-14,2025-03-14,416.27
4652,Premium,Yearly,2024-12-19,2025-12-19,479.1
4653,Free,Monthly,2024-10-11,2024-11-10,0.0
4654,Premium,Monthly,2025-03-05,2025-04-04,605.06
4655,Family,Yearly,2025-01-26,2026-01-26,353.7
4656,Premium,Yearly,2024-09-20,2025-09-20,605.06
4657,Free,3 month,2025-01-24,2025-04-24,0.0
4658,Premium,3 month,2025-03-06,2025-06-04,605.06
4659,Family,Yearly,2025-01-01,2026-01-01,527.93
4660,Free,3 month,2024-09-26,2024-12-25,0.0
4661,Free,Yearly,2025-03-15,2026-03-15,0.0
4662,Premium,3 month,2025-04-22,2025-07-21,605.06
4663,Premium,Yearly,2024-09-06,2025-09-06,605.06
4664,Free,3 month,2025-04-05,2025-07-04,0.0
4665,Premium,Yearly,2025-05-21,2026-05-21,605.06
4666,Premium,Monthly,2025-08-07,2025-09-06,568.78
4667,Free,3 month,2025-06-04,2025-09-02,0.0
4668,Premium,Yearly,2025-06-25,2026-06-25,605.06
4669,Free,3 month,2024-12-22,2025-03-22,0.0
4670,Free,Monthly,2025-05-22,2025-06-21,0.0
4671,Premium,Yearly,2025-07-13,2026-07-13,605.06
4672,Family,Yearly,2025-01-10,2026-01-10,605.06
4673,Premium,3 month,2025-04-23,2025-07-22,345.62
4674,Free,Yearly,2024-09-18,2025-09-18,0.0
4675,Premium,Yearly,2024-12-31,2025-12-31,605.06
4676,Free,Monthly,2025-01-24,2025-02-23,0.0
4677,Free,3 month,2025-03-17,2025-06-15,0.0
4678,Free,3 month,2024-11-24,2025-02-22,0.0
4679,Family,Monthly,2024-09-15,2024-10-15,605.06
4680,Premium,3 month,2024-10-29,2025-01-27,969.98
4681,Free,3 month,2025-02-11,2025-05-12,0.0
4682,Family,Yearly,2025-05-26,2026-05-26,605.06
4683,Family,Monthly,2025-05-30,2025-06-29,411.35
4684,Family,3 month,2024-10-27,2025-01-25,605.06
4685,Free,Yearly,2024-10-24,2025-10-24,0.0
4686,Premium,Yearly,2024-10-28,2025-10-28,605.06
4687,Free,3 month,2024-10-30,2025-01-28,0.0
4688,Premium,3 month,2025-02-09,2025-05-10,605.06
4689,Family,3 month,2025-03-14,2025-06-12,605.06
4690,Family,Yearly,2025-06-30,2026-06-30,605.06
4691,Premium,3 month,2025-03-20,2025-06-18,605.06
4692,Free,3 month,2024-09-26,2024-12-25,0.0
4693,Free,Yearly,2024-09-17,2025-09-17,0.0
4694,Free,3 month,2025-05-14,2025-08-12,0.0
4695,Free,3 month,2025-04-20,2025-07-19,0.0
4696,Premium,Monthly,2024-09-03,2024-10-03,522.07
4697,Premium,Yearly,2025-06-17,2026-06-17,939.61
4698,Free,Yearly,2024-08-24,2025-08-24,0.0
4699,Premium,Yearly,2025-07-25,2026-07-25,906.7
4700,Premium,3 month,2025-03-31,2025-06-29,605.06
4701,Family,3 month,2025-02-05,2025-05-06,605.06
4702,Premium,3 month,2025-05-04,2025-08-02,605.06
4703,Premium,3 month,2024-10-18,2025-01-16,324.61
4704,Premium,Monthly,2025-04-15,2025-05-15,605.06
4705,Family,3 month,2024-10-30,2025-01-28,605.06
4706,Premium,Monthly,2025-03-22,2025-04-21,605.06
4707,Family,Monthly,2025-03-18,2025-04-17,605.06
4708,Family,Yearly,2024-09-06,2025-09-06,426.13
4709,Free,Yearly,2025-02-24,2026-02-24,0.0
4710,Free,3 month,2025-02-07,2025-05-08,0.0
4711,Free,3 month,2024-12-20,2025-03-20,0.0
4712,Premium,Monthly,2025-04-30,2025-05-30,605.06
4713,Premium,3 month,2024-12-29,2025-03-29,864.57
4714,Premium,3 month,2025-05-02,2025-07-31,605.06
4715,Free,3 month,2024-11-08,2025-02-06,0.0
4716,Premium,3 month,2025-03-29,2025-06-27,605.06
4717,Free,3 month,2025-01-01,2025-04-01,0.0
4718,Premium,Monthly,2024-09-03,2024-10-03,605.06
4719,Premium,Monthly,2025-07-22,2025-08-21,605.06
4720,Premium,Yearly,2024-09-13,2025-09-13,608.7
4721,Family,3 month,2025-01-08,2025-04-08,605.06
4722,Premium,Yearly,2025-04-14,2026-04-14,605.06
4723,Free,Monthly,2025-03-02,2025-04-01,0.0
4724,Premium,Monthly,2024-08-27,2024-09-26,605.06
4725,Free,Yearly,2025-03-22,2026-03-22,0.0
4726,Family,Monthly,2024-11-02,2024-12-02,605.06
4727,Premium,Monthly,2025-02-16,2025-03-18,605.06
4728,Family,3 month,2024-09-10,2024-12-09,844.42
4729,Family,Monthly,2024-12-14,2025-01-13,605.06
4730,Premium,3 month,2025-07-11,2025-10-09,605.06
4731,Premium,Yearly,2024-09-19,2025-09-19,605.06
4732,Family,3 month,2025-01-12,2025-04-12,605.06
4733,Free,Yearly,2025-02-18,2026-02-18,0.0
4734,Free,Monthly,2025-05-24,2025-06-23,0.0
4735,Premium,3 month,2025-08-06,2025-11-04,605.06
4736,Free,Monthly,2024-12-27,2025-01-26,0.0
4737,Premium,Monthly,2025-04-22,2025-05-22,605.06
4738,Premium,Yearly,2025-01-16,2026-01-16,605.06
4739,Premium,Monthly,2025-06-23,2025-07-23,741.12
4740,Family,Monthly,2025-01-21,2025-02-20,606.63
4741,Free,3 month,2025-04-29,2025-07-28,0.0
4742,Free,Monthly,2025-05-05,2025-06-04,0.0
4743,Premium,Yearly,2024-12-26,2025-12-26,605.06
4744,Family,Monthly,2024-11-22,2024-12-22,454.46
4745,Premium,Monthly,2025-05-07,2025-06-06,814.02
4746,Free,Yearly,2025-05-05,2026-05-05,0.0
4747,Premium,Monthly,2024-11-28,2024-12-28,334.93
4748,Free,Yearly,2024-09-12,2025-09-12,0.0
4749,Family,3 month,2025-06-16,2025-09-14,605.06
4750,Premium,Monthly,2024-10-07,2024-11-06,247.2
4751,Premium,Yearly,2025-06-18,2026-06-18,264.22
4752,Family,Yearly,2025-03-13,2026-03-13,441.74
4753,Free,Yearly,2025-03-19,2026-03-19,0.0
4754,Free,Monthly,2024-09-13,2024-10-13,0.0
4755,Free,3 month,2024-12-04,2025-03-04,0.0
4756,Family,Monthly,2024-10-22,2024-11-21,218.61
4757,Family,3 month,2025-01-03,2025-04-03,315.79
4758,Premium,Monthly,2025-03-30,2025-04-29,908.97
4759,Premium,Monthly,2025-04-05,2025-05-05,605.06
4760,Premium,Monthly,2025-04-06,2025-05-06,494.66
4761,Family,Monthly,2024-10-06,2024-11-05,605.06
4762,Free,Yearly,2024-11-03,2025-11-03,0.0
4763,Premium,3 month,2025-05-03,2025-08-01,605.06
4764,Free,Monthly,2025-07-03,2025-08-02,0.0
4765,Free,3 month,2024-10-19,2025-01-17,0.0
4766,Premium,3 month,2025-03-05,2025-06-03,605.06
4767,Premium,3 month,2025-06-04,2025-09-02,605.06
4768,Family,Monthly,2025-01-06,2025-02-05,605.06
4769,Family,3 month,2025-05-30,2025-08-28,605.06
4770,Free,3 month,2025-05-04,2025-08-02,0.0
4771,Premium,Yearly,2024-12-24,2025-12-24,924.8
4772,Free,Yearly,2024-12-31,2025-12-31,0.0
4773,Free,Yearly,2025-01-07,2026-01-07,0.0
4774,Premium,Monthly,2025-04-22,2025-05-22,492.74
4775,Family,Yearly,2025-07-29,2026-07-29,605.06
4776,Family,Yearly,2024-08-22,2025-08-22,605.06
4777,Free,Monthly,2025-03-24,2025-04-23,0.0
4778,Premium,3 month,2025-06-10,2025-09-08,408.03
4779,Premium,3 month,2024-09-05,2024-12-04,605.06
4780,Family,Monthly,2025-03-25,2025-04-24,605.06
4781,Premium,Yearly,2025-05-19,2026-05-19,555.57
4782,Premium,Monthly,2025-01-20,2025-02-19,605.06
4783,Premium,Yearly,2024-08-30,2025-08-30,605.06
4784,Free,Yearly,2024-12-03,2025-12-03,0.0
4785,Premium,3 month,2024-09-26,2024-12-25,605.06
4786,Premium,Monthly,2025-07-13,2025-08-12,605.06
4787,Family,3 month,2024-12-25,2025-03-25,621.74
4788,Free,Monthly,2025-08-09,2025-09-08,0.0
4789,Premium,Yearly,2024-12-10,2025-12-10,714.79
4790,Family,3 month,2025-01-19,2025-04-19,605.06
4791,Premium,3 month,2025-05-16,2025-08-14,605.06
4792,Premium,Yearly,2025-04-23,2026-04-23,808.4
4793,Premium,Monthly,2025-03-27,2025-04-26,605.06
4794,Family,Monthly,2025-03-14,2025-04-13,437.76
4795,Premium,Yearly,2024-10-05,2025-10-05,605.06
4796,Premium,Yearly,2024-11-26,2025-11-26,605.06
4797,Premium,Yearly,2024-10-25,2025-10-25,222.71
4798,Family,3 month,2025-04-28,2025-07-27,706.92
4799,Premium,Yearly,2025-05-20,2026-05-20,605.06
4800,Free,3 month,2025-02-12,2025-05-13,0.0
4801,Family,Yearly,2024-11-19,2025-11-19,605.06
4802,Premium,3 month,2024-08-31,2024-11-29,605.06
4803,Premium,3 month,2024-09-03,2024-12-02,605.06
4804,Premium,Monthly,2025-06-06,2025-07-06,274.86
4805,Premium,Yearly,2025-08-07,2026-08-07,605.06
4806,Premium,Yearly,2025-06-11,2026-06-11,605.06
4807,Free,3 month,2025-03-20,2025-06-18,0.0
4808,Family,Monthly,2025-02-07,2025-03-09,605.06
4809,Free,3 month,2025-05-02,2025-07-31,0.0
4810,Free,Monthly,2024-10-10,2024-11-09,0.0
4811,Free,3 month,2025-06-07,2025-09-05,0.0
4812,Family,Monthly,2024-09-24,2024-10-24,605.06
4813,Family,Yearly,2025-08-03,2026-08-03,605.06
4814,Premium,Monthly,2024-10-12,2024-11-11,820.28
4815,Free,Yearly,2024-12-14,2025-12-14,0.0
4816,Premium,Yearly,2025-02-12,2026-02-12,394.01
4817,Premium,Monthly,2024-08-27,2024-09-26,942.55
4818,Free,Monthly,2025-06-28,2025-07-28,0.0
4819,Premium,Monthly,2025-07-10,2025-08-09,605.06
4820,Premium,3 month,2025-04-06,2025-07-05,327.7
4821,Premium,Monthly,2024-12-09,2025-01-08,605.06
4822,Premium,3 month,2024-12-05,2025-03-05,514.23
4823,Family,Yearly,2024-11-08,2025-11-08,727.37
4824,Premium,Yearly,2025-07-11,2026-07-11,992.31
4825,Family,3 month,2025-02-20,2025-05-21,479.51
4826,Free,Monthly,2025-03-26,2025-04-25,0.0
4827,Premium,Yearly,2025-04-16,2026-04-16,605.06
4828,Free,Monthly,2025-05-04,2025-06-03,0.0
4829,Family,Monthly,2025-03-04,2025-04-03,605.06
4830,Premium,Yearly,2024-08-22,2025-08-22,421.76
4831,Free,Yearly,2024-12-12,2025-12-12,0.0
4832,Free,3 month,2024-12-13,2025-03-13,0.0
4833,Free,Yearly,2025-05-18,2026-05-18,0.0
4834,Free,Yearly,2025-07-29,2026-07-29,0.0
4835,Free,Monthly,2025-06-30,2025-07-30,0.0
4836,Premium,Monthly,2024-10-07,2024-11-06,605.06
4837,Free,3 month,2024-08-21,2024-11-19,0.0
4838,Family,3 month,2025-03-04,2025-06-02,715.55
4839,Free,Monthly,2025-03-17,2025-04-16,0.0
4840,Premium,3 month,2024-10-27,2025-01-25,605.06
4841,Premium,Monthly,2024-12-08,2025-01-07,605.06
4842,Premium,Yearly,2025-04-29,2026-04-29,605.06
4843,Free,Yearly,2024-11-30,2025-11-30,0.0
4844,Premium,Yearly,2024-08-24,2025-08-24,376.63
4845,Premium,3 month,2024-12-07,2025-03-07,605.06
4846,Family,Yearly,2024-10-30,2025-10-30,605.06
4847,Family,Monthly,2025-03-28,2025-04-27,792.3
4848,Family,Monthly,2025-06-28,2025-07-28,736.12
4849,Free,Monthly,2025-05-27,2025-06-26,0.0
4850,Free,Yearly,2024-10-25,2025-10-25,0.0
4851,Family,Monthly,2024-11-09,2024-12-09,893.1
4852,Family,Yearly,2024-11-24,2025-11-24,915.57
4853,Family,Monthly,2025-07-15,2025-08-14,605.06
4854,Family,3 month,2025-03-08,2025-06-06,605.06
4855,Premium,Yearly,2024-11-29,2025-11-29,605.06
4856,Premium,3 month,2024-11-22,2025-02-20,605.06
4857,Premium,Yearly,2025-02-21,2026-02-21,435.12
4858,Premium,Monthly,2025-06-07,2025-07-07,605.06
4859,Free,Monthly,2025-05-21,2025-06-20,0.0
4860,Premium,3 month,2025-07-23,2025-10-21,605.06
4861,Free,Yearly,2024-11-13,2025-11-13,0.0
4862,Premium,3 month,2025-07-12,2025-10-10,605.06
4863,Free,Monthly,2024-08-16,2024-09-15,0.0
4864,Premium,Monthly,2025-06-20,2025-07-20,755.75
4865,Premium,3 month,2025-05-03,2025-08-01,459.08
4866,Family,Monthly,2024-11-01,2024-12-01,605.06
4867,Free,3 month,2025-01-18,2025-04-18,0.0
4868,Premium,Yearly,2024-09-23,2025-09-23,605.06
4869,Premium,Yearly,2024-09-19,2025-09-19,934.87
4870,Family,3 month,2025-03-20,2025-06-18,812.53
4871,Premium,3 month,2025-06-20,2025-09-18,605.06
4872,Family,Monthly,2024-11-13,2024-12-13,605.06
4873,Family,Monthly,2025-02-16,2025-03-18,605.06
4874,Premium,Monthly,2024-11-10,2024-12-10,605.06
4875,Premium,Monthly,2025-05-11,2025-06-10,605.06
4876,Premium,Monthly,2024-09-19,2024-10-19,605.06
4877,Family,3 month,2025-01-04,2025-04-04,605.06
4878,Free,Monthly,2025-01-11,2025-02-10,0.0
4879,Premium,3 month,2025-07-31,2025-10-29,605.06
4880,Family,3 month,2025-06-03,2025-09-01,656.15
4881,Free,Yearly,2024-11-15,2025-11-15,0.0
4882,Free,Monthly,2025-07-02,2025-08-01,0.0
4883,Premium,Monthly,2024-10-25,2024-11-24,503.47
4884,Family,3 month,2025-06-24,2025-09-22,903.07
4885,Premium,3 month,2025-08-01,2025-10-30,605.06
4886,Premium,Yearly,2025-01-08,2026-01-08,605.06
4887,Premium,Yearly,2025-03-18,2026-03-18,605.06
4888,Premium,Yearly,2024-08-28,2025-08-28,605.06
4889,Premium,3 month,2025-07-13,2025-10-11,689.32
4890,Free,Monthly,2025-06-29,2025-07-29,0.0
4891,Family,Monthly,2024-09-27,2024-10-27,605.06
4892,Family,Monthly,2025-06-21,2025-07-21,858.16
4893,Premium,Yearly,2024-10-01,2025-10-01,605.06
4894,Premium,Yearly,2024-12-03,2025-12-03,647.37
4895,Premium,Yearly,2024-09-09,2025-09-09,605.06
4896,Premium,Yearly,2025-04-09,2026-04-09,957.82
4897,Family,Yearly,2025-04-11,2026-04-11,605.06
4898,Premium,Monthly,2024-08-24,2024-09-23,605.06
4899,Premium,3 month,2024-11-28,2025-02-26,605.06
4900,Premium,Monthly,2024-12-25,2025-01-24,929.93
4901,Premium,Yearly,2024-08-24,2025-08-24,243.95
4902,Free,Monthly,2025-06-05,2025-07-05,0.0
4903,Premium,Yearly,2024-08-30,2025-08-30,605.06
4904,Free,Yearly,2024-11-03,2025-11-03,0.0
4905,Premium,Yearly,2024-09-27,2025-09-27,605.06
4906,Premium,3 month,2025-01-13,2025-04-13,605.06
4907,Free,Yearly,2024-09-30,2025-09-30,0.0
4908,Family,Yearly,2024-09-13,2025-09-13,978.63
4909,Free,Monthly,2025-06-09,2025-07-09,0.0
4910,Free,Monthly,2025-03-14,2025-04-13,0.0
4911,Family,3 month,2024-10-03,2025-01-01,605.06
4912,Family,Monthly,2025-01-21,2025-02-20,605.06
4913,Premium,3 month,2024-10-19,2025-01-17,399.31
4914,Premium,Yearly,2025-04-20,2026-04-20,605.06
4915,Family,Yearly,2025-02-17,2026-02-17,605.06
4916,Free,Yearly,2025-03-02,2026-03-02,0.0
4917,Family,Monthly,2024-10-11,2024-11-10,962.57
4918,Family,Yearly,2024-10-20,2025-10-20,992.83
4919,Premium,3 month,2024-10-25,2025-01-23,989.28
4920,Family,3 month,2025-01-26,2025-04-26,696.01
4921,Free,3 month,2025-04-04,2025-07-03,0.0
4922,Free,Monthly,2025-06-25,2025-07-25,0.0
4923,Free,Yearly,2025-05-20,2026-05-20,0.0
4924,Free,3 month,2025-05-24,2025-08-22,0.0
4925,Premium,3 month,2024-10-06,2025-01-04,605.06
4926,Premium,3 month,2025-05-11,2025-08-09,381.14
4927,Premium,Monthly,2024-10-18,2024-11-17,605.06
4928,Free,3 month,2025-07-25,2025-10-23,0.0
4929,Family,Monthly,2025-03-06,2025-04-05,257.86
4930,Free,Monthly,2025-08-09,2025-09-08,0.0
4931,Premium,Monthly,2025-01-08,2025-02-07,320.45
4932,Premium,Yearly,2025-02-17,2026-02-17,848.57
4933,Family,3 month,2025-04-20,2025-07-19,436.94
4934,Free,Yearly,2025-05-14,2026-05-14,0.0
4935,Premium,Yearly,2024-12-24,2025-12-24,605.06
4936,Premium,Yearly,2025-06-05,2026-06-05,605.06
4937,Premium,Monthly,2024-10-01,2024-10-31,984.71
4938,Free,Monthly,2025-03-15,2025-04-14,0.0
4939,Premium,Monthly,2025-06-02,2025-07-02,605.06
4940,Free,Monthly,2025-03-15,2025-04-14,0.0
4941,Family,Monthly,2025-01-16,2025-02-15,282.31
4942,Premium,Yearly,2025-03-06,2026-03-06,605.06
4943,Premium,Yearly,2024-11-05,2025-11-05,605.06
4944,Premium,Monthly,2025-02-12,2025-03-14,910.11
4945,Family,Yearly,2025-04-06,2026-04-06,605.06
4946,Family,Monthly,2025-06-26,2025-07-26,605.06
4947,Premium,3 month,2025-02-14,2025-05-15,605.06
4948,Free,Monthly,2025-05-26,2025-06-25,0.0
4949,Premium,Monthly,2025-03-06,2025-04-05,605.06
4950,Free,Monthly,2025-02-09,2025-03-11,0.0
4951,Family,3 month,2025-07-10,2025-10-08,890.83
4952,Free,Yearly,2025-07-09,2026-07-09,0.0
4953,Premium,3 month,2025-08-04,2025-11-02,698.24
4954,Premium,3 month,2024-10-14,2025-01-12,605.06
4955,Family,Yearly,2025-08-05,2026-08-05,605.06
4956,Free,Yearly,2024-12-19,2025-12-19,0.0
4957,Premium,Monthly,2025-01-13,2025-02-12,605.06
4958,Premium,Monthly,2024-09-16,2024-10-16,605.06
4959,Free,Monthly,2025-07-01,2025-07-31,0.0
4960,Premium,3 month,2024-10-17,2025-01-15,605.06
4961,Free,3 month,2024-10-22,2025-01-20,0.0
4962,Family,Yearly,2025-01-10,2026-01-10,605.06
4963,Premium,Yearly,2025-03-27,2026-03-27,466.02
4964,Premium,Yearly,2024-10-06,2025-10-06,605.06
4965,Family,3 month,2025-02-25,2025-05-26,605.06
4966,Premium,Monthly,2025-05-21,2025-06-20,605.06
4967,Family,Yearly,2025-05-28,2026-05-28,605.06
4968,Premium,Monthly,2025-05-08,2025-06-07,605.06
4969,Free,3 month,2024-09-19,2024-12-18,0.0
4970,Premium,Monthly,2024-08-17,2024-09-16,605.06
4971,Premium,3 month,2025-01-09,2025-04-09,269.61
4972,Family,Yearly,2024-11-24,2025-11-24,605.06
4973,Free,Monthly,2025-02-14,2025-03-16,0.0
4974,Free,3 month,2025-01-10,2025-04-10,0.0
4975,Free,Monthly,2024-12-07,2025-01-06,0.0
4976,Premium,Yearly,2024-09-19,2025-09-19,605.06
4977,Premium,3 month,2024-09-08,2024-12-07,605.06
4978,Free,Monthly,2024-12-28,2025-01-27,0.0
4979,Free,3 month,2024-09-24,2024-12-23,0.0
4980,Premium,Monthly,2024-10-05,2024-11-04,605.06
4981,Premium,Yearly,2025-07-23,2026-07-23,958.38
4982,Free,Yearly,2025-06-16,2026-06-16,0.0
4983,Free,Yearly,2024-12-26,2025-12-26,0.0
4984,Free,Yearly,2024-11-17,2025-11-17,0.0
4985,Premium,3 month,2025-05-16,2025-08-14,662.96
4986,Free,Monthly,2024-10-10,2024-11-09,0.0
4987,Free,3 month,2025-03-27,2025-06-25,0.0
4988,Premium,Yearly,2025-05-22,2026-05-22,605.06
4989,Family,3 month,2025-03-26,2025-06-24,605.06
4990,Premium,Monthly,2024-08-24,2024-09-23,605.06
4991,Family,Yearly,2024-11-10,2025-11-10,605.06
4992,Premium,3 month,2025-04-25,2025-07-24,290.79
4993,Free,3 month,2024-09-29,2024-12-28,0.0
4994,Family,Monthly,2025-05-06,2025-06-05,572.37
4995,Premium,3 month,2024-12-13,2025-03-13,605.06
4996,Premium,3 month,2024-11-27,2025-02-25,571.32
4997,Premium,Yearly,2025-01-09,2026-01-09,605.06
4998,Family,Monthly,2025-03-18,2025-04-17,491.11
4999,Free,3 month,2024-11-23,2025-02-21,0.0
5000,Family,3 month,2024-08-11,2024-11-09,577.48
