user_id,name,age,email,address,device_type,listening_time,subscription_type,subscription_category
1,Daniel Davila,44,wfoster@example.com,"97931 Douglas Spring, East Robert, VT 75134",Tablet,7872,Premium,3 Month
2,Kimberly Bennett,26,beckerpaul@example.org,"712 Knight Camp, South Kathryntown, MO 17204",Tablet,4798,Free,Monthly
3,Antonio Martinez,44,veronicareyes@example.net,"7647 Valerie Street Apt. 898, Lake Elizabeth, AK 44830",Desktop,5498,Family,3 Month
4,Nancy Taylor,28,paul84@example.net,"2141 Mary Flat Suite 522, Lake Kendra, NE 86452",Tablet,5230,Premium,Monthly
5,Corey Chen,44,cathy09@example.org,"69746 Rodriguez Parkway Apt. 343, West Christinaburgh, AR 59317",Desktop,3013,Premium,3 Month
6,Derek Cooley,28,ncantu@example.com,"USCGC Allen, FPO AE 92355",Tablet,5644,Free,Yearly
7,Crystal Wood,27,fmartinez@example.net,"USCGC Clark, FPO AE 30962",Tablet,9346,Family,Yearly
8,Eddie Ryan III,32,mary46@example.com,"2259 Barbara Valley, North Anaberg, GA 16548",Tablet,5845,Premium,3 Month
9,Jill Williams,44,amiller@example.net,"876 Ruiz Neck Apt. 258, West Sara, GU 54316",Desktop,5823,Free,Monthly
10,Natasha Anderson,33,chavezjerry@example.com,"131 Butler Courts Apt. 636, North Rhondabury, FL 53387",Mobile,5243,Family,Yearly
11,Sarah Salinas,57,fboyd@example.org,"26856 Margaret Port, Parkermouth, NH 48349",Tablet,9582,Free,3 Month
12,Bridget Robles,37,scarter@example.net,"29608 Ward Parkways Apt. 787, East Sara, FL 52125",Desktop,4117,Free,Monthly
13,Michael Porter,25,carpenterjason@example.org,"31157 Davis Shoal, Gregorystad, AZ 53552",Desktop,7227,Free,3 Month
14,Andrew Boone,44,jonesjo@example.org,"111 Young Island Suite 774, East Cynthia, ND 69540",Tablet,8834,Free,3 Month
15,Beth Christensen,60,charlessimon@example.org,"9606 Cohen Junctions, Underwoodmouth, AZ 61651",Mobile,1332,Free,Yearly
16,Adam Kelly,51,zsmith@example.org,"01256 Martin Estates Suite 952, Port Kevinbury, MI 97399",Desktop,108,Premium,Monthly
17,Juan Schneider,44,michellekline@example.com,"1634 Ellis Flats Suite 954, Port Nicholas, FM 52790",Tablet,1757,Premium,3 Month
18,Shannon Shah,44,anthony03@example.net,"004 Wise Crescent Apt. 237, Christopherland, AZ 35466",Desktop,4914,Premium,3 Month
19,John Conway,44,jestrada@example.com,"9042 Anthony Village Apt. 476, Port Stephen, AZ 98450",Mobile,1291,Premium,Yearly
20,Jonathan Costa,69,igibbs@example.org,"482 Carl Islands, Sullivanfort, OK 27404",Tablet,7906,Premium,3 Month
21,Rachel Diaz,44,greenemary@example.net,"24657 Diana Divide Apt. 959, South Amberstad, ND 39602",Desktop,4475,Premium,Monthly
22,Wayne Chambers,18,wrightsonya@example.org,"665 Rose Road, Michaelshire, CA 96207",Tablet,3719,Premium,3 Month
23,Samantha Camacho,53,idominguez@example.org,"Unit 5167 Box 9926, DPO AP 17339",Mobile,5741,Free,Monthly
24,Evelyn Richards,28,haleyflores@example.com,"891 Miller Village, Ericashire, VI 69150",Mobile,7465,Family,3 Month
25,Jason Booker,44,gonzalezheather@example.com,"982 Cook Villages Apt. 090, Connieberg, CA 67362",Desktop,4043,Premium,Yearly
26,Brittany Holt,63,suarezrebecca@example.net,"82012 Judith Field, Port Mary, OH 65653",Mobile,8617,Free,Yearly
27,Darren Jenkins,59,rosecheryl@example.net,"3218 Olivia Street Apt. 022, Lake Brian, SD 55094",Desktop,1018,Free,Yearly
28,Mary Stephens,44,torresmichael@example.com,"PSC 0449, Box 1785, APO AA 50598",Tablet,7684,Free,Monthly
29,Roberto Wilson,44,wrightdustin@example.net,"955 Sims Center Suite 819, Port Kathleen, VA 47037",Desktop,4871,Family,Yearly
30,David Holmes,44,henry49@example.com,"94107 Carol Park, Hillport, FL 97912",Desktop,6069,Premium,Monthly
31,Beth Knight,65,ncortez@example.net,"22749 Cristina Fords Apt. 444, Lake Stephenfurt, CT 74200",Tablet,3051,Premium,Monthly
32,Carrie Lopez,32,brandi07@example.org,"470 Allen Rapid Suite 559, Maddenburgh, MS 74863",Desktop,4637,Free,Yearly
33,Jose Terrell,70,russellmiles@example.net,"94562 Jason Shoal Apt. 368, Port Barbara, PR 73722",Tablet,5813,Premium,3 Month
34,Derek Douglas,44,kendrawarren@example.com,"66262 Mary Mill, New Ashlee, NM 66511",Mobile,9198,Family,Monthly
35,Jamie Levine,44,xcrane@example.net,"8274 Joseph Bridge Suite 135, Williamsborough, OK 02894",Desktop,3782,Free,3 Month
36,David King,26,hbennett@example.org,"4810 Johnson Ridge, Lake Maria, GU 72164",Mobile,5489,Premium,3 Month
37,Earl Rodriguez,44,creese@example.net,"1417 Benjamin Place, Vanessafurt, NY 08387",Mobile,9136,Premium,Monthly
38,Amanda Williams,44,nicole46@example.com,"08783 Frank Trafficway Suite 172, South Courtney, WI 15645",Mobile,9684,Premium,Monthly
39,Lisa Stout,44,matthew94@example.com,"PSC 9428, Box 4717, APO AE 91724",Desktop,2666,Premium,Monthly
40,Casey Pratt,68,andrew22@example.com,"7854 Hannah Pines, East Christianside, UT 86107",Mobile,2258,Premium,Yearly
41,Joshua Nunez,44,ifrazier@example.org,"826 Thomas Fords Suite 650, Port Sandrastad, MT 13619",Desktop,4009,Premium,3 Month
42,Kelly White,44,jessicahartman@example.net,"90242 Donaldson Alley Suite 070, Port Carrie, DC 88030",Mobile,4432,Free,Monthly
43,Ann Russell,44,millsangela@example.org,"0016 Mccoy Plains, Nancyville, MN 64997",Tablet,2562,Free,Yearly
44,Nicholas Roberts,44,adrienne10@example.org,"70767 Shelby Mill Apt. 729, Zhangberg, GU 08881",Desktop,8477,Free,3 Month
45,Jorge Kidd,44,loretta29@example.com,"012 Matthew Ridges, South Shelley, VA 17114",Mobile,3990,Free,3 Month
46,Jacqueline Oliver,44,lisa95@example.org,"5622 Kelly Lake Apt. 298, East Timothyfort, IL 60422",Mobile,3958,Free,Monthly
47,Nicholas Brown,43,bryanchristina@example.net,"26619 Hayes Light, West Lisabury, NH 37060",Mobile,4363,Free,Monthly
48,Lauren Wilson,59,madison40@example.com,"97779 Bradley Passage Suite 442, Christybury, NE 53410",Mobile,5603,Free,3 Month
49,Tracy Martinez,44,griffinthomas@example.net,"090 Allen Road, Bookerville, OR 51818",Mobile,6607,Premium,Yearly
50,Aimee Wright,19,jennifer12@example.org,"046 Mary Oval Suite 469, Matthewshire, IN 78252",Desktop,4214,Family,Yearly
51,Lance Wolf,44,rweiss@example.org,"63984 Rachel Track, West Virginiafort, AK 98379",Mobile,654,Free,Monthly
52,Ashley Black,45,robertthomas@example.net,"096 Margaret Squares Apt. 954, Huanghaven, MD 29948",Mobile,9031,Premium,Monthly
53,Jackie Smith,44,paulsanchez@example.org,"812 Smith Drive, New Michael, RI 39650",Desktop,5324,Premium,3 Month
54,Danielle Garcia,23,qjones@example.com,"03580 Beth Trafficway Apt. 011, Lake Edwin, ME 96916",Desktop,460,Family,Monthly
55,Thomas Contreras,33,tjohnson@example.com,"99243 Murray Bypass Apt. 892, Langhaven, CO 72568",Desktop,830,Premium,Monthly
56,Paula Barron,44,xriley@example.org,"428 Simpson Springs Apt. 528, Kennethborough, MP 32571",Desktop,1456,Free,3 Month
57,Benjamin White,44,christopher71@example.net,"051 Shepard Parkways Apt. 674, Tiffanyland, OK 14251",Desktop,3699,Family,Yearly
58,Derek Garcia,65,dgraves@example.net,"173 Alicia Forks, Bryanburgh, GA 09730",Tablet,6241,Premium,Monthly
59,April Johnson,28,carlos04@example.net,"7558 Barbara Glen Suite 049, Keithbury, CT 39141",Tablet,1470,Free,3 Month
60,Jessica Lee,21,zhubbard@example.net,"371 West Run Apt. 994, Colonville, TX 29200",Desktop,4390,Family,Yearly
61,Randy Hayes,44,david06@example.net,"92605 James Ports Apt. 566, Port Melaniehaven, RI 65335",Mobile,8509,Family,Monthly
62,Jeremy Hill,44,clarkelizabeth@example.com,"1263 Richardson Ramp, Lake Scottside, NH 60981",Desktop,6031,Free,Yearly
63,Kerry Olson,22,wallacefrank@example.net,"08118 Hanna Oval, Port Ronaldton, ID 99555",Tablet,7031,Family,Monthly
64,Kimberly Sims,25,wmercado@example.com,"89150 Renee Views Apt. 825, Madisonview, AL 17352",Desktop,6352,Free,Yearly
65,Marvin Castro,63,sophia84@example.org,"391 Simpson Village Suite 562, West Valerieburgh, MT 55977",Mobile,1078,Premium,3 Month
66,Michael White Jr.,47,arnoldjennifer@example.org,"881 Martin Cape, South Elizabethtown, MH 37313",Desktop,2329,Family,Yearly
67,David Reilly,44,aescobar@example.com,"914 Cook Unions Apt. 384, North Chelsey, TX 30906",Tablet,5493,Premium,Yearly
68,Alicia Hill,44,caseyvazquez@example.com,"6202 Cruz Valleys, Jacksonfort, IL 61116",Desktop,1068,Family,3 Month
69,Brandon Chavez,64,vbarnett@example.com,"USNV Keith, FPO AE 18852",Tablet,327,Premium,Yearly
70,Nicole Taylor,44,lauren50@example.org,"1848 Jones Ramp, Steelemouth, AK 88299",Desktop,3353,Premium,3 Month
71,Megan Campbell,44,emily99@example.com,"51864 Joseph Spring, Taraborough, MP 46981",Mobile,1393,Family,3 Month
72,Alexander Baxter,44,phernandez@example.org,"191 Smith Street, East Curtisbury, HI 19088",Desktop,4396,Family,Yearly
73,Courtney Hogan,44,washingtonkristy@example.net,"Unit 0542 Box 0006, DPO AP 16484",Tablet,9085,Family,3 Month
74,Jessica Bean,40,zavalachristine@example.org,"287 William Brooks, West Leslie, WV 38173",Desktop,2632,Premium,Yearly
75,Nicholas Young,44,smithjeffrey@example.net,"Unit 3239 Box 4756, DPO AA 56983",Desktop,6124,Family,Yearly
76,Wendy Ellis,50,jonathanmiller@example.net,"3195 Julie Gardens, Lake Christine, MS 44031",Mobile,4438,Family,3 Month
77,Kimberly Shaffer,70,theresa32@example.net,"87613 Zachary Glens Suite 760, Jacksonmouth, OR 19819",Mobile,7643,Family,Yearly
78,Olivia Macias,44,hicksbrittany@example.net,"4217 Mcconnell Stravenue, Gabrielhaven, PW 56992",Desktop,3790,Premium,Monthly
79,Nicole Oneal,48,amorrison@example.com,"166 Anderson Harbors Suite 531, New Taylor, MO 13033",Mobile,5169,Premium,3 Month
80,Pamela Stewart,44,melaniedougherty@example.net,"0991 Bennett Corner, New Brucechester, VT 41295",Tablet,6181,Free,3 Month
81,Joel Wells,39,krauseethan@example.net,"021 Jimmy Lock Suite 736, Jennifertown, VI 14662",Desktop,8799,Family,3 Month
82,Jessica Garrett,34,ebraun@example.org,"PSC 2967, Box 3634, APO AE 59835",Tablet,3533,Free,3 Month
83,Brandi Armstrong,67,kyle37@example.com,"PSC 2294, Box 8812, APO AE 68447",Tablet,5572,Family,Yearly
84,William Smith,41,gatestheresa@example.org,"08390 Lowery Rest Suite 600, Davidmouth, AR 00713",Mobile,6366,Family,3 Month
85,Matthew Nunez,26,jamesjoyce@example.org,"50892 James Forest, Kristaton, AZ 75707",Tablet,8791,Premium,3 Month
86,David Martinez,44,hsanders@example.com,"563 Kaitlyn Skyway Suite 806, Perezville, CO 56453",Mobile,2546,Premium,Yearly
87,Joshua Garner,47,hallgina@example.net,"463 Olivia Junction Suite 972, Hortonmouth, ND 51626",Desktop,9379,Premium,3 Month
88,Adam Young,31,jennifer51@example.net,"5880 Lucas Wells, Robertburgh, ND 69794",Tablet,5749,Premium,3 Month
89,Edward Austin,44,uramirez@example.org,"9347 Flores Wall, West Jordan, AZ 55842",Mobile,2002,Family,Monthly
90,Kyle Lewis,44,david99@example.org,"0520 Freeman Unions, Goodwinfurt, MD 30508",Tablet,4135,Free,Monthly
91,Vincent Henry,54,speterson@example.org,"77078 Camacho Prairie, Stewartmouth, FL 76651",Tablet,2698,Premium,Yearly
92,Christopher Day,46,jackramirez@example.com,"169 Donna Burg Suite 975, Port Alexandraberg, MO 71884",Desktop,9533,Free,Yearly
93,Jesse Jefferson,60,jason18@example.org,"4013 Wilcox Fork Apt. 959, New Melissamouth, MT 32676",Tablet,6958,Premium,Monthly
94,David Ayala,44,larajoan@example.org,"PSC 3030, Box 8074, APO AA 50821",Desktop,5908,Premium,Yearly
95,Frances Mendez,23,evelynvaldez@example.com,"05102 Kimberly Bypass, West Robert, DE 66087",Desktop,6403,Family,3 Month
96,James Kelley,42,cbrown@example.org,"72643 Grant Freeway, Johnsonhaven, TN 23407",Mobile,2328,Premium,Monthly
97,Corey Hart,44,zacharyrobbins@example.org,"Unit 6059 Box 0321, DPO AE 02718",Desktop,4424,Free,Monthly
98,Ashley Lopez,32,garrettjennifer@example.com,"041 Lee Key, Cherylport, IN 79001",Desktop,5868,Premium,3 Month
99,Natalie Brown,39,emily69@example.com,"5290 Emily Lane, Deniseburgh, PR 28548",Mobile,7906,Premium,3 Month
100,Christina Wallace,48,cbrown@example.net,"80419 Kristin Road Apt. 508, Roseborough, FL 24717",Tablet,505,Premium,3 Month
101,Alison Boyer,29,holly21@example.net,"8709 Farrell Parkway, Watersmouth, UT 95862",Desktop,7385,Free,3 Month
102,Rachel Beard,39,wendy80@example.com,"38845 Bell Street, East Regina, KY 70836",Desktop,304,Family,Yearly
103,Alan Roy,44,kristen14@example.org,"279 Michael Lodge Apt. 875, Alvareztown, MP 26090",Desktop,1631,Free,Monthly
104,April Nguyen,44,anthonytaylor@example.net,"6132 Erica Tunnel Apt. 783, North Elizabeth, IL 40301",Mobile,1366,Free,Monthly
105,Jeffrey Davis,66,laura46@example.com,"PSC 3034, Box 6148, APO AA 98836",Mobile,1474,Free,Yearly
106,Diana Bowman,19,marcialee@example.org,"0269 Barber Glen, Leachburgh, AR 72220",Desktop,101,Premium,Yearly
107,Danny Porter,44,cchapman@example.net,"611 Maureen Throughway, Katherinefurt, SD 92181",Tablet,4880,Premium,3 Month
108,Richard Figueroa,44,xpeterson@example.org,"866 Alvarez Avenue Suite 355, Port Michael, UT 91134",Desktop,5966,Premium,3 Month
109,Jorge Thomas,44,schwartzamanda@example.com,"68833 Mccarthy Garden, New Kyleton, AL 34735",Desktop,2241,Premium,Yearly
110,Kyle Collins,44,perrynatalie@example.com,"31482 Weber Summit Suite 701, Lonniebury, IL 97486",Desktop,1899,Free,3 Month
111,Christina Scott,67,hopkinsanthony@example.com,"3284 Smith Spur, East Travisborough, ID 18539",Mobile,4446,Premium,3 Month
112,Rebecca Sandoval,39,taylorjoseph@example.org,"67222 Michael Forks, Lake Stephenborough, NM 55172",Desktop,1308,Free,Yearly
113,Emily Ortiz,54,elizabethrhodes@example.com,"449 Michael Shoal, Hallchester, TX 83545",Mobile,5621,Premium,Monthly
114,Mary Cohen,44,chloe56@example.net,"42671 Ashley Plains Apt. 520, Angelabury, VT 49867",Desktop,6339,Premium,Yearly
115,Holly Blanchard,44,kellyrice@example.net,"PSC 2573, Box 2662, APO AE 72645",Mobile,8033,Premium,Monthly
116,Richard Berry,44,slynch@example.com,"841 Warren Ranch Apt. 379, North Deborahland, MI 85106",Mobile,1965,Family,Yearly
117,Catherine Chapman,51,hortonlindsay@example.net,"03665 Vance Port Apt. 990, West Thomastown, MO 76159",Mobile,5067,Family,3 Month
118,Taylor Wang,44,tiffany12@example.com,"7299 Shaw Plain Apt. 476, East Alexis, MA 38678",Mobile,5800,Family,Monthly
119,Elizabeth Burton,44,douglaswhite@example.com,"1275 Samuel Fields Suite 178, East Jasonberg, AS 54240",Desktop,4868,Free,Monthly
120,Nancy Gomez,44,jacksonpatricia@example.org,"9854 Taylor Fork, Marshallland, MA 25675",Tablet,7784,Premium,Yearly
121,Stephanie Cohen,44,dudleydavid@example.org,"9236 Tina Well Suite 722, Lake Williammouth, PA 31738",Desktop,6675,Family,3 Month
122,Mike Nash DVM,40,jacquelinefreeman@example.org,"74929 Knight Manor, Port Jeffrey, DC 70563",Mobile,7672,Premium,Yearly
123,Bradley Johnson,44,jonesandrea@example.net,"70008 Wright Ports Suite 238, Cruzside, OH 43171",Desktop,1045,Premium,Yearly
124,Margaret Gutierrez,37,deanjames@example.com,"71817 Shepherd Place Suite 658, Bethanyside, AR 85789",Desktop,2371,Free,3 Month
125,Scott Barnett,62,dennis71@example.com,"05338 Sean Estate Suite 907, Brooksville, HI 47073",Tablet,2900,Free,Yearly
126,Daniel Mendez,58,erica82@example.org,"44123 Powell Valleys Apt. 368, Craigbury, OK 14491",Desktop,9890,Premium,Monthly
127,Chelsea Kennedy,44,traciramsey@example.net,"14266 Paul Roads Suite 852, East Alicia, TX 42303",Desktop,3391,Premium,Monthly
128,Gregory Elliott,35,melissa63@example.org,"USNS Mason, FPO AE 92057",Mobile,4505,Premium,Monthly
129,Lisa Patterson,44,rjoseph@example.net,"224 David Fall Suite 838, Smithside, NH 25163",Tablet,9204,Premium,Monthly
130,Matthew Simmons,44,joshuaharrison@example.org,"99190 Johnson Dam, North Kylehaven, NJ 02521",Mobile,8736,Premium,3 Month
131,Anthony Smith,60,ellisonana@example.net,"77758 Michael Pines, Starkborough, PW 49976",Mobile,5089,Premium,Monthly
132,Nathan Tate,44,bwong@example.net,"857 Johnson Mill, New Connorfort, WI 92343",Desktop,6519,Premium,Yearly
133,Steven Collins,26,dcarlson@example.org,"80189 Lopez Stravenue, Middletonview, FL 34138",Mobile,5584,Premium,Monthly
134,Gabriella Calderon,44,edgargraham@example.org,"090 Elliott Circles Suite 251, East Michael, WV 20577",Mobile,5920,Premium,Yearly
135,Brooke Thornton,44,hannahjenkins@example.com,"9891 Randy Freeway Apt. 016, Jamiechester, NE 73444",Mobile,2504,Family,3 Month
136,Jeremy Goodman,22,kelly87@example.net,"481 Barnett Underpass Suite 462, North Alan, WY 98748",Tablet,5011,Premium,Monthly
137,Jeffrey Clark,69,tibarra@example.net,"125 Bradley Terrace Apt. 003, Holtbury, IA 08252",Mobile,6466,Free,Monthly
138,Karen Lewis,44,carlosbarajas@example.net,"6126 Jessica Club, East Misty, NH 91513",Mobile,6945,Premium,Monthly
139,Tyler Lawrence,46,millermelissa@example.com,"32881 Warren Camp, Bryanstad, WY 19444",Desktop,5761,Premium,Yearly
140,Joseph Thomas,24,wklein@example.com,"88815 Wood Ridges, Brownland, MO 94285",Mobile,7018,Free,Yearly
141,Matthew Lewis,44,marilynpeterson@example.net,"PSC 3247, Box 2148, APO AP 60890",Desktop,2263,Premium,Monthly
142,Megan Rice,44,bryanperez@example.net,"99516 Gabriel Avenue Apt. 054, Port Alanborough, AR 37652",Desktop,4688,Free,Yearly
143,Stephanie Wilson,44,hansencharles@example.com,"9751 Shaun Place, West Walter, AZ 03885",Mobile,3874,Family,3 Month
144,Timothy Barker,44,romeroethan@example.org,"536 Richards Rue Apt. 213, Collinbury, LA 63996",Tablet,2614,Premium,Monthly
145,Kevin Ross,44,fyoung@example.org,"PSC 7853, Box 9979, APO AP 36194",Mobile,3523,Premium,Yearly
146,Bryan Burns,35,rebeccacampbell@example.net,"821 Hoover Lodge Apt. 102, East Danielberg, NC 49997",Tablet,3079,Premium,Yearly
147,Amy Hernandez,44,jamesgraves@example.com,"2402 Daniel Mission, New Michaelmouth, VA 70188",Mobile,3487,Free,Yearly
148,Glenn Chandler,49,kennethbarnes@example.com,"79124 Melissa Parks, East Cory, AR 19801",Tablet,622,Premium,Yearly
149,David Leon,57,marycarter@example.com,"7104 Hernandez Pike, South Elizabeth, MP 08523",Tablet,7038,Premium,Yearly
150,Joshua Taylor,44,andrew99@example.net,"169 Alvarez Islands, New John, MT 71212",Desktop,1618,Family,Monthly
151,Anna Lang,44,cindylee@example.org,"Unit 3086 Box 1527, DPO AP 16199",Desktop,5064,Premium,3 Month
152,Todd Higgins,44,smithjohn@example.org,"4967 Odom Motorway Suite 354, North Jacquelineberg, LA 33705",Desktop,2362,Premium,Yearly
153,Isaiah Henry,19,pamelamartinez@example.com,"885 Jones Alley Apt. 338, Davidland, NJ 62618",Tablet,2249,Free,Monthly
154,Jennifer Perkins,54,serranojeffrey@example.com,"Unit 4437 Box 3550, DPO AP 30282",Mobile,138,Premium,Yearly
155,Reginald Cooper,44,lisasanchez@example.org,"99109 Olivia Heights Apt. 426, Fosterhaven, FL 92770",Desktop,4499,Family,Monthly
156,Jonathan Fisher,44,amanda32@example.org,"507 Ivan Shore, North Michelle, CT 53538",Tablet,8431,Free,Yearly
157,Donna Diaz,38,samuel14@example.org,"92450 Corey Station Apt. 275, Petersonville, AK 85944",Mobile,1195,Premium,3 Month
158,Jason Sanders,44,rgriffin@example.net,"62631 Goodman Ferry, North Richardfort, OR 77323",Tablet,4837,Premium,Monthly
159,Nathan Olson,44,andersonmichael@example.org,"272 Teresa Expressway Apt. 043, Ashleyfurt, NY 30058",Mobile,6005,Premium,3 Month
160,Mallory Berry,44,jackie75@example.net,"2443 Heather Fields Suite 101, Rushbury, IA 06371",Desktop,8650,Free,3 Month
161,Amy Jones,44,alexander33@example.org,"175 Ryan Courts, Port Tara, UT 54017",Desktop,5864,Free,Monthly
162,Joseph Reilly,58,ebell@example.org,"77246 Patricia Pike Suite 801, Deborahland, MS 46606",Desktop,6996,Family,3 Month
163,Raymond Morris,39,frangel@example.org,"319 Maria Mountain, Karenland, PA 17798",Tablet,9664,Free,Monthly
164,Laurie Walters,44,lisa25@example.net,"80201 Sarah Turnpike Apt. 633, Lake Laurie, ME 26264",Mobile,665,Free,Monthly
165,Mary Martin,46,rachel89@example.net,"96455 Jones Prairie Suite 188, Christianburgh, NC 97913",Mobile,729,Free,Monthly
166,Anna Gomez,44,steelelaura@example.org,"4799 Bryant Isle, West Johnny, ID 80708",Mobile,3990,Family,3 Month
167,William Gray,42,justin95@example.net,"3819 Jamie Walks, New Bianca, UT 25956",Mobile,4609,Premium,Monthly
168,Jessica Roberts,44,tammy60@example.org,"484 James Causeway Suite 458, East Rodney, NC 99365",Mobile,863,Premium,Monthly
169,Roy Matthews,44,larsonlisa@example.net,"668 Anthony Trail Suite 096, Warnerchester, MS 04846",Mobile,8445,Premium,3 Month
170,Charles Hill,44,tcoleman@example.org,"91703 Ashley Square Apt. 820, Katherinechester, WI 82895",Tablet,798,Premium,Yearly
171,Roy Cook,44,cannonsuzanne@example.com,"04199 Hunter Unions Apt. 905, Mannside, NM 25094",Mobile,2184,Premium,3 Month
172,Michelle Sutton,46,wanderson@example.com,"03607 Lindsay Burgs Apt. 059, Port Michaelport, WY 89912",Mobile,2902,Family,3 Month
173,Ashley Murphy,40,bparker@example.org,"73251 Rodriguez Motorway, Kingstad, ID 09111",Mobile,9937,Premium,Monthly
174,Joseph Barton,44,malvarado@example.org,"646 Miranda Trace, South Betty, AZ 06801",Mobile,802,Premium,Monthly
175,Jessica Howard,44,abigail21@example.net,"8777 Mccoy Gateway, Jennafort, CO 93960",Tablet,1427,Premium,3 Month
176,Russell Bentley,66,uwalter@example.com,"3938 Mark Drives Apt. 062, Gomezport, LA 27088",Mobile,2169,Premium,3 Month
177,Madison George,44,jordanclayton@example.com,"34792 Luis Flats Apt. 004, Walkerport, AZ 40203",Tablet,5165,Premium,3 Month
178,Thomas Mosley,69,peggyrios@example.org,"78030 Sarah Greens, Lake Kristin, VA 90817",Mobile,3657,Free,Yearly
179,Lori Brown,44,lindsey87@example.com,"USS Lin, FPO AP 50587",Tablet,3255,Premium,3 Month
180,Jerry Andrews,44,ugonzalez@example.com,"7694 Banks Bypass, North Pamborough, AS 46088",Mobile,9300,Premium,Monthly
181,Charles Jackson,41,michelle37@example.org,"PSC 2119, Box 9761, APO AA 03988",Mobile,4178,Family,3 Month
182,Michael Sexton,44,kathleen42@example.com,"27802 Mcdowell Cliff Suite 789, Port Karenchester, DC 54053",Mobile,1704,Premium,Monthly
183,Megan Powell,36,taylordaniel@example.com,"24616 King Run Suite 612, Carlburgh, TX 59118",Desktop,2257,Free,Yearly
184,Michael Sullivan,28,crystal03@example.net,"7468 Kristy Lodge Apt. 683, Paigeport, AS 04656",Mobile,2022,Premium,Yearly
185,Mark Blackwell,44,randy96@example.net,"PSC 9420, Box 2562, APO AA 66854",Tablet,6440,Premium,Monthly
186,Richard Aguirre,44,oflores@example.com,"7275 Jones Stravenue, Kathrynchester, IA 92886",Tablet,2226,Premium,3 Month
187,Karen Sweeney,44,savannah32@example.net,"556 Rodriguez Landing Apt. 490, West Lorichester, NC 95480",Desktop,4441,Free,3 Month
188,Zoe Burke,44,qgallagher@example.com,"4119 Amanda Club, New Kathryn, WA 32067",Tablet,7059,Premium,Monthly
189,Pamela Peterson,44,ntorres@example.com,"USS Miller, FPO AP 27432",Tablet,9787,Free,Monthly
190,Amy Mcfarland,19,daniel80@example.net,"USS Lewis, FPO AP 15292",Mobile,5794,Family,3 Month
191,Diana Brown,25,ttorres@example.net,"941 Marcia Grove Apt. 577, North Juanstad, MA 03303",Tablet,2221,Premium,3 Month
192,Mariah Johnson,65,michaelchen@example.net,"Unit 8303 Box 4391, DPO AE 63942",Tablet,2965,Premium,Monthly
193,Sandra Kramer,44,torrestimothy@example.org,"36737 Megan Centers, Staffordfurt, PA 04482",Mobile,448,Free,Monthly
194,Julie Rojas,50,dillonamber@example.net,"USS King, FPO AP 27809",Desktop,6148,Premium,3 Month
195,Tamara Levine,44,michael73@example.net,"5542 Larson Manor Suite 180, Bradfordborough, AL 16667",Desktop,5000,Premium,Yearly
196,Michael Massey,44,michael03@example.net,"6899 Crawford Plain Suite 113, Vanceside, LA 33746",Desktop,665,Premium,Monthly
197,Cassandra Wood,45,amandaarmstrong@example.com,"61397 Cortez Forks Suite 052, Clarktown, AR 25730",Mobile,5721,Premium,3 Month
198,Samuel Cannon,25,tdavidson@example.com,"699 Martinez Glens, Taylorport, CA 55624",Desktop,1379,Premium,3 Month
199,Taylor Orozco,44,hnavarro@example.org,"8835 Joel Drive Apt. 754, Keithborough, NC 10701",Tablet,6048,Family,3 Month
200,Paul Wilcox,69,martingregory@example.net,"4529 Brewer Orchard, South Annbury, CA 37837",Tablet,411,Free,3 Month
201,Peggy Campbell,44,melissa86@example.com,"PSC 7485, Box 5662, APO AE 86913",Mobile,7419,Premium,Monthly
202,Elizabeth Gardner,20,nathan12@example.net,"USNS Anderson, FPO AE 43192",Mobile,6984,Free,Monthly
203,Charles Graham,69,pwilliams@example.com,"30802 Christopher River Suite 773, Hammondbury, IA 52963",Mobile,8153,Premium,3 Month
204,Beth Robinson,46,upayne@example.org,"37261 Natasha Brooks, Lake Annfort, MH 55366",Mobile,9131,Premium,3 Month
205,Joshua Evans,44,lisasanford@example.org,"9748 Kelly Avenue, East Amandahaven, OH 41463",Tablet,808,Free,Yearly
206,Shaun Harper,44,davidrichards@example.net,"9493 Brian Camp, Michelleton, DE 79553",Mobile,3573,Free,Monthly
207,Shane Anderson,44,odavis@example.net,"180 Kramer Plaza, Robertport, PW 33274",Desktop,7419,Premium,Monthly
208,David Brown,44,danielleglover@example.org,"7110 Teresa Shoals Suite 163, East Randy, RI 43218",Mobile,5350,Premium,3 Month
209,Kristin Rowland,43,amy06@example.net,"PSC 5091, Box 7748, APO AA 54659",Desktop,6573,Free,3 Month
210,John Chapman,44,agarcia@example.org,"25831 Andrews Lock Suite 153, Francochester, DE 57299",Desktop,9994,Family,3 Month
211,Kim Christensen,64,thomassean@example.com,"USNS Kirby, FPO AP 49232",Tablet,2327,Free,Yearly
212,Kevin Guzman,44,jacksonjerry@example.com,"64665 Stephen Meadows Suite 274, Bradleyhaven, FL 63965",Desktop,2560,Premium,3 Month
213,Carlos Holmes,28,brandon00@example.org,"22925 Oneill Mills, New Gabrielleburgh, RI 40389",Tablet,2639,Free,3 Month
214,Sharon Stewart,40,eric51@example.com,"738 Steven Drive, Lake Sara, AR 87169",Mobile,2995,Free,3 Month
215,Grace Perry,44,mthompson@example.org,"6972 Warren Fall Apt. 668, Lake Elizabeth, KS 31870",Mobile,8471,Free,3 Month
216,Rebecca Martinez,44,grantharris@example.net,"Unit 0329 Box 8483, DPO AE 13573",Desktop,9962,Family,Monthly
217,Jared James,44,aday@example.com,"6390 Jared Trail Apt. 366, Jenniferview, NH 49054",Desktop,2974,Premium,Monthly
218,Timothy Irwin,44,hillmiranda@example.net,"596 Ramirez Lane, Debrachester, NV 06719",Desktop,2858,Premium,Yearly
219,Pedro Cox,44,vjohnson@example.com,"490 Marcus Greens, Lake Sydney, IN 49829",Desktop,7385,Family,Yearly
220,Erin Estes,44,john81@example.net,"819 Phillips Isle, New Hailey, GU 08089",Mobile,2235,Premium,Yearly
221,Christopher Jones,44,andrewmurray@example.org,"2193 Haley Junctions, Bennettstad, ND 60303",Mobile,6053,Premium,3 Month
222,Angela Jones,48,xpham@example.com,"86301 Burns Ferry, West Bernard, VA 21925",Desktop,4399,Family,Monthly
223,Madison Schneider,56,rachel21@example.net,"483 Thomas Glens Apt. 636, Bishopton, VT 05150",Tablet,3259,Premium,Monthly
224,Lisa Austin,44,pauljones@example.org,"137 Tracey Trail Suite 354, Port Stephanie, SC 79505",Desktop,2107,Free,Yearly
225,Colin Bird,22,kevinchan@example.com,"885 Lynn Freeway Apt. 615, Savageberg, VT 35430",Mobile,2540,Family,Yearly
226,Eric Thomas,30,larry90@example.net,"347 Lawrence Via Suite 793, Lake Christopher, MT 06099",Desktop,8722,Free,Monthly
227,Sheila Walters,64,duane67@example.com,"58282 Oliver Course, Bradleybury, WV 25386",Desktop,224,Free,Monthly
228,Paul Miller,44,vernon89@example.org,"717 Eric Light Apt. 635, East Wendy, CT 56722",Desktop,4598,Premium,3 Month
229,Shannon Johnson,61,fletcherjulie@example.org,"722 Ryan Course, Hollowaymouth, SD 44793",Desktop,8622,Premium,3 Month
230,Aaron Barnes,51,gonzalezjacob@example.net,"536 Krueger Plains, Port Jamie, MT 02300",Tablet,1931,Premium,3 Month
231,Kimberly Brown,64,april03@example.com,"PSC 0662, Box 4226, APO AP 63505",Desktop,4425,Premium,Yearly
232,Tammie Wheeler,44,jamie26@example.com,"332 Ramos Vista Apt. 933, North Anita, VT 76255",Tablet,9259,Premium,Monthly
233,Christina Larson,44,thomasglenda@example.org,"72544 Brown Glens, New Johnborough, NV 37999",Tablet,3112,Free,Yearly
234,Thomas Brown,46,thomasrobert@example.org,"844 Drew Groves Apt. 317, Lake Lindsey, WV 23076",Desktop,4655,Free,Monthly
235,John Rodriguez,35,david25@example.net,"451 Hawkins Island Suite 768, New Nancy, TX 23102",Desktop,3088,Premium,Yearly
236,Mark Ramirez,70,christopher15@example.org,"PSC 7314, Box 4988, APO AP 35279",Desktop,7382,Premium,Yearly
237,Nicole Rios,33,david68@example.com,"79197 Debra Turnpike Suite 823, Moralesville, FM 65708",Mobile,1810,Family,Monthly
238,Clayton Williams,36,ljohnson@example.org,"PSC 1153, Box 8691, APO AA 37917",Mobile,2491,Premium,Monthly
239,Jacqueline Graves,44,qstark@example.org,"63565 Robert Branch, Martinport, ID 88004",Mobile,846,Free,3 Month
240,Ronald Nash,22,gmorgan@example.com,"722 Veronica River, Kington, VA 73187",Tablet,6937,Free,Yearly
241,John Lewis,35,castrosophia@example.net,"45412 Alan Forge Apt. 040, Hendersonbury, VI 20660",Tablet,4006,Premium,Monthly
242,Brian Obrien,19,mlandry@example.org,"82277 Collins Unions Suite 929, South Gabrielletown, IN 51011",Mobile,9997,Family,Yearly
243,Janet Fritz,44,richard52@example.net,"PSC 9154, Box 4630, APO AA 23814",Tablet,3855,Free,Monthly
244,Crystal Salazar,62,lvazquez@example.net,"58126 Jackson Well, North Johnborough, TN 80246",Mobile,7027,Free,Monthly
245,Joseph Dudley,24,maychristopher@example.org,"USNS Cervantes, FPO AP 53071",Desktop,5932,Premium,Yearly
246,Victor Miller,25,harmondonald@example.net,"7133 Sheila Highway, Leonardmouth, MA 79424",Tablet,5655,Free,Yearly
247,Brian Morales,44,lunachris@example.org,"USS Stephens, FPO AA 12696",Mobile,2113,Premium,Monthly
248,Nicole Olsen,60,mkim@example.org,"114 Mack Plaza Suite 933, Harrisland, NE 33704",Mobile,617,Free,Monthly
249,Morgan Reed PhD,44,vincentkoch@example.net,"95504 Armstrong Forks Suite 095, Lake Bruce, OR 58360",Desktop,4951,Family,Yearly
250,Joshua Savage,29,jefferyjohnson@example.org,"586 Dillon Stravenue, Abbottfort, OH 74517",Desktop,3637,Premium,Yearly
251,Kimberly Callahan,44,cartererik@example.com,"65438 Lauren Coves Apt. 410, Lake Jacobfort, MP 85680",Mobile,7792,Free,3 Month
252,Joann Stewart MD,44,robertsfrank@example.net,"26997 Ryan Stream, Smithville, MN 75705",Tablet,3748,Free,3 Month
253,Donald Davis,44,katherine78@example.com,"7765 Stephen Fields Apt. 262, North Deborahview, NH 58442",Mobile,8330,Family,Yearly
254,Tiffany Bullock,37,kinglynn@example.org,"04856 Michael Roads, North Ashlee, NY 93167",Mobile,5387,Free,Yearly
255,Tony Smith,25,erica95@example.net,"8785 William Via Suite 784, West Ashley, MI 15491",Tablet,4639,Premium,Monthly
256,Shaun Williams,27,mackenzie37@example.com,"5584 Omar Causeway Apt. 223, Christopherville, UT 91765",Mobile,521,Family,Yearly
257,Anthony Taylor,44,beverlyryan@example.org,"451 Brad Locks Suite 859, North Jenny, DC 79544",Mobile,9137,Premium,3 Month
258,Dawn Thomas,44,robertsthomas@example.org,"744 Roberts Loaf, Brandthaven, WI 11333",Desktop,2588,Family,Yearly
259,Michael Boyd,44,adam28@example.org,"Unit 2649 Box 3493, DPO AA 98594",Mobile,5474,Premium,Yearly
260,Melinda Alexander,44,salinasderek@example.net,"625 Herrera Square Apt. 377, Bellmouth, AR 72124",Desktop,8901,Premium,Yearly
261,Lee Morgan,39,mblackwell@example.org,"3128 Denise Meadows Suite 787, Rhondaside, GA 96534",Desktop,1509,Family,Yearly
262,Michael Lucas,44,irobinson@example.org,"PSC 7774, Box 8325, APO AA 31860",Desktop,4877,Free,Monthly
263,Samuel Klein,44,rebecca65@example.com,"040 Smith Camp Suite 250, Lake John, MO 49519",Tablet,1207,Premium,Yearly
264,Jose Nguyen,58,idiaz@example.net,"036 Mark Stravenue, Joelstad, LA 54094",Desktop,4817,Premium,Yearly
265,Kaitlyn Lucas,44,reneeroth@example.net,"USS Nelson, FPO AP 26019",Tablet,5273,Premium,Monthly
266,Maria Rice,19,haleymccoy@example.org,"151 Joshua Harbors Suite 874, Reidland, ND 90034",Tablet,8959,Premium,Monthly
267,James Olson,33,samantha50@example.net,"9404 Linda Parkways, North Robert, LA 45032",Tablet,8158,Premium,Yearly
268,Lori Carter,44,thompsongregg@example.org,"Unit 8966 Box 6387, DPO AA 60237",Desktop,496,Premium,3 Month
269,Ryan Tate,68,englishsarah@example.org,"558 Andersen Way, Lake Reginald, ME 39748",Desktop,3798,Premium,Monthly
270,Stanley Jones,26,pacebrooke@example.org,"11193 Gonzales Cliffs Suite 860, North Davidland, IN 51504",Mobile,8941,Premium,Monthly
271,Tyler Huber,44,wknight@example.com,"027 Simpson Hollow Suite 192, Jenkinstown, UT 54373",Desktop,9023,Premium,3 Month
272,Michael Lang,44,andersonjudy@example.org,"26887 Richardson Mission Suite 387, New Shannonville, CT 66788",Mobile,6849,Family,Yearly
273,Shaun Chapman,44,christinapalmer@example.com,"321 Patricia Lock Suite 931, South Jeffrey, ND 71332",Desktop,7921,Premium,3 Month
274,Renee Stevens,35,esmith@example.org,"250 Brendan Hollow Suite 853, Youngton, MH 56386",Mobile,1808,Family,Monthly
275,Roberto Carroll,44,logan18@example.org,"005 Barker Falls, Jonathanside, GU 35492",Tablet,1915,Free,Monthly
276,Marcus Long,44,orandolph@example.org,"648 Munoz Fords, Pruittberg, PR 97607",Desktop,5020,Premium,3 Month
277,Ashley Campbell,44,jennifermyers@example.com,"49007 Smith Run, Mandyton, AS 04613",Desktop,9416,Premium,Yearly
278,Jake Newman,44,jbarrett@example.org,"5460 Sanchez Glen Apt. 677, Olivershire, AL 34776",Desktop,5334,Family,Yearly
279,Amy Williams,29,kayla76@example.net,"17211 Valerie Street Apt. 174, Houseside, IA 66850",Desktop,2743,Family,Yearly
280,Rachel Sawyer,45,jane18@example.com,"400 Joyce Falls Apt. 736, Shelleyport, MI 00593",Mobile,979,Free,Yearly
281,Lynn Thompson,41,rhonda23@example.net,"93343 Kelly Forest Apt. 402, Port Destiny, IA 18809",Tablet,2346,Family,3 Month
282,Todd Gomez,44,erikhoffman@example.net,"506 Hester Points Apt. 502, North Melaniefort, DC 55082",Mobile,845,Premium,3 Month
283,Rebecca Warren,44,andersenjennifer@example.com,"Unit 6863 Box 6606, DPO AA 43266",Mobile,1631,Free,Monthly
284,Nathaniel Graves,31,williambarrett@example.com,"Unit 5726 Box 1354, DPO AA 81961",Tablet,2721,Family,Yearly
285,Ashley Williams,44,butlerluis@example.net,"580 Tiffany Circles Apt. 102, New Davidmouth, DE 36010",Tablet,1193,Family,Monthly
286,Barry Sutton IV,63,suttonjesse@example.com,"92277 Jimmy Mews Apt. 181, Kennethburgh, MD 02719",Desktop,1795,Premium,Yearly
287,David Moran,53,cartermichael@example.com,"530 Paige Turnpike Suite 481, Taylorberg, IL 61332",Tablet,8304,Premium,Yearly
288,Mary Fitzpatrick,44,christinemendoza@example.net,"5981 Williams Meadow, West Amandafort, RI 47646",Desktop,2440,Premium,3 Month
289,Laura Hamilton,42,simmonsanne@example.net,"14370 Fleming Garden Suite 156, South Yolanda, MA 92871",Desktop,4014,Family,Yearly
290,Stephen Michael,44,francisco72@example.com,"35630 Reeves Keys, Thomasshire, OK 45068",Desktop,2661,Free,Monthly
291,Carol Hunter,32,robertslaura@example.com,"71472 Brandi Cliffs, Valdezbury, NV 50824",Tablet,1613,Premium,Yearly
292,Chelsea Nguyen,44,vasquezjames@example.com,"9406 Romero Roads, Rebeccaborough, MA 48647",Desktop,3636,Premium,Yearly
293,Brian Harmon,63,danielelizabeth@example.org,"67711 Allison Courts Suite 720, Erinburgh, GU 99258",Mobile,9050,Family,Yearly
294,Megan Bailey,44,gonzalesjames@example.com,"22139 Morgan Mall, Port Martinchester, MH 97668",Desktop,5923,Premium,Monthly
295,Ryan Young,47,eric26@example.net,"96384 Collier Plains, Port Briannaland, TX 66422",Mobile,445,Free,Monthly
296,Kathleen Blair,41,matthew49@example.net,"3679 Janet Loaf Apt. 788, North Darinberg, NC 29061",Tablet,1189,Premium,Monthly
297,Melissa Parsons,44,gle@example.org,"Unit 5092 Box 7140, DPO AE 23637",Desktop,4098,Free,3 Month
298,Cindy Conner,44,qgraham@example.net,"7297 Rick Ford Suite 413, Lake Christopher, KY 84213",Desktop,5218,Family,Yearly
299,Shannon Petersen,44,hallandrew@example.net,"2659 Gonzalez Burg, Markhaven, WV 83346",Mobile,8213,Premium,3 Month
300,George Cummings,49,diane88@example.net,"919 Brooke Villages Suite 333, Cohentown, CO 19624",Mobile,9520,Premium,Yearly
301,Mark Green,44,annatodd@example.org,"17473 Roberta Dale Suite 548, Brandonville, NC 01217",Desktop,9546,Free,Monthly
302,Jacob Tran,29,kfreeman@example.com,"5698 Tiffany Island Apt. 399, Caldwellfort, SD 57476",Desktop,5726,Free,Monthly
303,Jessica Steele,27,jessicastanton@example.net,"6067 Isabella Inlet, Lake Pamelachester, NM 32246",Desktop,5991,Premium,Monthly
304,Kelli Dennis,44,stacyhoward@example.org,"169 Bird Lodge Suite 318, North Alan, LA 99581",Mobile,7238,Premium,Yearly
305,John Higgins,44,greenemichael@example.com,"USNV Mcfarland, FPO AE 35304",Desktop,4017,Premium,3 Month
306,Deborah Duarte,44,debbie30@example.com,"09865 Moran Shoal Suite 465, Lake Christopher, IN 56717",Mobile,5746,Family,3 Month
307,Denise Keith,58,lauren88@example.com,"5426 Brittany Passage, Kimview, MS 96795",Desktop,6821,Free,3 Month
308,Jessica Smith,53,muellerevelyn@example.net,"527 Elizabeth Centers, Lake Raymondfurt, VI 31998",Desktop,5208,Family,Monthly
309,Anna Bond,44,milleralyssa@example.com,"382 Brown Common Suite 165, South Dennisshire, GA 15376",Mobile,9947,Premium,Yearly
310,Lawrence Mcconnell,29,fnichols@example.com,"285 Alexander Divide, Olivershire, NH 68451",Desktop,3663,Premium,Yearly
311,Jacob Palmer,28,deborahlewis@example.org,"511 Price Gardens, East Margaretchester, WI 21540",Desktop,8228,Premium,3 Month
312,David Holmes,44,georgevelez@example.com,"21888 Nolan Road, Lake Timothyview, VI 96455",Desktop,2751,Free,Monthly
313,Kenneth Armstrong,41,romerooscar@example.net,"Unit 5848 Box 9196, DPO AP 69909",Tablet,3023,Free,Monthly
314,Danny Cox,44,zcasey@example.net,"87258 Keller Isle Apt. 394, Melissashire, AZ 73624",Mobile,5974,Free,Monthly
315,Judith Shaw,44,lambmelissa@example.org,"96281 Meza Squares, New Andrewshire, VA 10609",Mobile,9332,Premium,Monthly
316,Melissa Cobb,22,vaughnjennifer@example.com,"412 Miller Branch Apt. 301, Christopherfort, MH 68485",Tablet,9444,Family,Monthly
317,Rhonda Barajas,52,nnorman@example.com,"51457 Angela Bridge Suite 575, Lake Peterville, OK 47329",Desktop,2296,Premium,Monthly
318,Ellen Thompson,44,knappkevin@example.org,"PSC 8083, Box 5822, APO AP 59513",Desktop,491,Premium,Monthly
319,Mary Lopez,44,valdezcharles@example.net,"52936 Nguyen Rapid Suite 561, Tracishire, WY 11726",Tablet,1255,Free,Monthly
320,Larry Harvey,50,broberts@example.org,"279 Melissa Vista, New Sonyaport, CO 66929",Mobile,660,Free,3 Month
321,Julie Larsen,33,stevenjones@example.com,"50824 Mitchell Plaza Suite 614, Griffinshire, WI 72352",Mobile,8056,Family,Monthly
322,Tiffany Vazquez,44,danielclark@example.net,"974 Caleb Springs Apt. 587, South Debra, AR 58637",Desktop,3357,Premium,Monthly
323,Donald Wright,44,samantha80@example.com,"Unit 1568 Box 2062, DPO AE 22428",Tablet,2222,Premium,Yearly
324,Thomas Allen,36,ibarrakimberly@example.org,"34273 Eric Forge, West Charles, OR 26493",Mobile,2315,Family,Monthly
325,Mark Campos,27,rodriguezcheyenne@example.net,"4004 Schmidt Plaza, Lake Amandafurt, GA 66500",Tablet,7172,Premium,Yearly
326,Christopher Morris,67,carterernest@example.net,"45782 Dorsey Loop Apt. 567, East Leslieville, AL 35329",Mobile,1871,Premium,Yearly
327,Jonathan Miller,44,nmartin@example.org,"97698 Michael Plaza Apt. 366, Karenland, WY 28587",Mobile,2782,Free,3 Month
328,Lisa Joseph,44,pnelson@example.org,"03923 Edward Overpass Suite 627, South Jordanshire, UT 88843",Mobile,2907,Premium,Yearly
329,Karen Brown,25,steven79@example.com,"352 Richardson Place Suite 095, Amyshire, OK 70438",Desktop,2921,Family,3 Month
330,Brian Simmons,19,sabrina80@example.net,"Unit 7956 Box 6665, DPO AE 61191",Mobile,732,Premium,Yearly
331,William Garza,44,bonnie07@example.org,"7131 Phillips Views, North Ricardo, PW 34161",Mobile,2821,Premium,3 Month
332,Jennifer Davenport,33,vanessa79@example.org,"96385 Amy Cape, Amberberg, CT 90864",Tablet,6495,Family,Monthly
333,Maurice Johnson,44,alanbradford@example.net,"86439 James Forges Apt. 711, Kimberlyside, IL 10920",Tablet,3482,Family,3 Month
334,Barry Smith,44,cynthiayoder@example.com,"31224 Veronica Summit Suite 228, Scottport, MT 80997",Mobile,5655,Premium,Monthly
335,Scott Anderson,53,daniel46@example.com,"86458 Aaron Landing, Taylorview, GA 84307",Mobile,2503,Family,3 Month
336,Barry Gomez,44,unelson@example.org,"PSC 7288, Box 2373, APO AP 33620",Tablet,147,Premium,3 Month
337,Dan Pearson,46,akaufman@example.com,"6846 Hanson Squares Suite 893, Port Jamesmouth, SD 53969",Mobile,1009,Family,Monthly
338,Krista Lewis,44,christophermolina@example.net,"50574 Linda Garden Suite 078, Dianechester, CA 65995",Tablet,8352,Family,Monthly
339,Jason Harrison,58,vaughnbrandon@example.com,"285 Kenneth Prairie Suite 765, Kaitlynbury, PW 22740",Desktop,3706,Family,Monthly
340,Karen Roman,30,oadams@example.org,"7765 Sanchez Mission Apt. 386, West Kimberly, PW 04614",Mobile,1147,Premium,3 Month
341,James Jones,44,ygraham@example.net,"51703 Barker Forges Suite 598, East Allison, GA 66604",Desktop,2024,Free,Monthly
342,Martin Goodwin,67,michaelholmes@example.net,"14284 Natasha Pike, Aprilbury, MP 58651",Desktop,8028,Free,Yearly
343,Gregory Arnold,47,aporter@example.net,"142 Theresa Meadow Suite 948, Rogersbury, RI 39044",Desktop,9772,Family,Yearly
344,Alyssa Trujillo,44,wdiaz@example.net,"Unit 2166 Box 5205, DPO AP 77446",Mobile,4162,Free,3 Month
345,Kristopher Lopez DDS,44,jeffreyweaver@example.com,"28293 Lori Drive, Floresburgh, LA 05613",Mobile,4153,Free,3 Month
346,Charles Pope,20,eugene12@example.org,"1292 Glenn Manor, East Michaelborough, ME 14317",Tablet,5666,Free,3 Month
347,April Mora,18,vasquezjessica@example.net,"764 Daniels Orchard, Angelafurt, MA 44138",Mobile,7880,Free,Yearly
348,Julie Bishop,44,vstone@example.com,"1391 Richard Loaf Suite 039, Karenside, TX 66640",Mobile,3964,Premium,3 Month
349,David Patel,44,wluna@example.com,"1418 Nichols Rapid Suite 492, Kathyberg, WA 02780",Desktop,7865,Free,Monthly
350,John Parker,44,sean16@example.org,"43813 Dennis Circles Suite 096, South Tracyton, MO 08644",Mobile,4589,Premium,3 Month
351,Patrick Chapman,37,careyamanda@example.com,"01279 Whitney Freeway, East Courtney, SD 15673",Tablet,8379,Family,Yearly
352,Stephen Henry,44,hilldouglas@example.net,"98248 Lucas Manors, Weberport, SD 45982",Mobile,4308,Free,3 Month
353,Olivia Robinson,56,hhartman@example.com,"8002 Amy Crossroad, South Bill, AZ 01083",Tablet,5165,Free,3 Month
354,Michael Roberson,25,moralesbenjamin@example.net,"8845 Courtney Harbors, East Richardshire, SC 73313",Desktop,9319,Premium,3 Month
355,Brandon Fox,42,ybush@example.net,"03182 Lee Villages, West Laura, PW 24655",Desktop,5284,Premium,3 Month
356,Paul Martinez,39,moorejean@example.net,"22189 Brian Cliff, South Jeffrey, NY 95786",Tablet,3629,Free,3 Month
357,Tyler Jones,44,darrenmendez@example.net,"USS Vaughn, FPO AP 48510",Tablet,5170,Free,3 Month
358,Timothy Colon,44,veronicarussell@example.com,"078 Johnson Squares, New Paulside, MI 37863",Mobile,2740,Premium,3 Month
359,David Jackson,44,ovaldez@example.com,"52469 Jamie Field, Shanefort, MN 68359",Desktop,4947,Family,3 Month
360,Lisa Sullivan,44,crawfordgabriella@example.net,"280 Shelly Rapids Apt. 067, Lake Theresa, ME 65253",Mobile,909,Family,Monthly
361,Deborah Sullivan,44,donnawong@example.net,"765 Smith Street Apt. 072, Dayhaven, VT 54754",Tablet,2031,Premium,Monthly
362,Philip Beck,44,mgreene@example.net,"27053 Miller Forks, West Anna, OK 13774",Mobile,3551,Family,Monthly
363,Samantha Fernandez,20,reedmatthew@example.org,"1333 Vasquez Neck Apt. 039, Hallhaven, AL 10397",Tablet,6560,Family,3 Month
364,Lauren Shepherd,44,melissa74@example.net,"6824 Tamara Hollow Suite 366, Marvinshire, IN 18920",Mobile,4322,Family,Yearly
365,Logan Becker,41,gatesbenjamin@example.com,"7640 Luke Inlet, New Erinchester, KS 87784",Desktop,5368,Premium,Monthly
366,Troy Gutierrez,44,xholland@example.net,"08744 Miller Knoll, West Joel, AS 94290",Mobile,5251,Premium,Monthly
367,Charles Flores,44,deannasanchez@example.org,"8055 Blankenship Bypass, East Danielleport, SD 63147",Desktop,527,Premium,Monthly
368,Kelly Trujillo,44,amberross@example.org,"209 King Port, New Elizabethtown, NJ 92907",Mobile,1417,Free,Yearly
369,Kathleen Riley,44,jimmycollins@example.org,"16582 Johnson River Apt. 375, Port Pamelaburgh, NV 21253",Desktop,4536,Premium,3 Month
370,Shannon Herman,22,mollyrodgers@example.org,"5812 Jeffrey Stravenue, Jenniferville, NJ 85617",Desktop,2930,Premium,3 Month
371,Scott Hernandez,39,wendyrichardson@example.com,"2017 Maldonado Lights Suite 056, Averyview, DC 80721",Mobile,8794,Premium,Yearly
372,Andrea Terry,27,daniel35@example.net,"796 Sean Flat Apt. 273, Jonesstad, ME 57889",Mobile,314,Premium,3 Month
373,Chelsea Ellis,20,preed@example.com,"53298 Jones Village Apt. 011, Jacksonbury, MS 14488",Mobile,848,Premium,Monthly
374,Dana Smith,53,ismith@example.com,"172 Jordan Plains, East Angela, ND 43334",Desktop,4682,Premium,3 Month
375,Kayla Waller,44,lcobb@example.com,"05440 Cook Drive Suite 306, Susanchester, IA 64570",Desktop,359,Premium,Yearly
376,Ashley King,44,jacobramos@example.org,"09449 Gutierrez Centers Apt. 879, Nguyenshire, WY 53965",Mobile,7840,Family,3 Month
377,Natalie Dillon,50,chloedalton@example.net,"50346 Hughes Court, Robinsonchester, IL 76916",Tablet,3719,Premium,Monthly
378,John Brewer,44,qacevedo@example.com,"0052 Heather River, South Jeffreyside, GA 12400",Desktop,139,Premium,Yearly
379,Jacob Long,44,shane03@example.com,"57890 Rush Lodge Suite 021, South Tiffanyshire, IN 47451",Tablet,3861,Premium,Monthly
380,James Jenkins,40,hardinbrian@example.net,"423 Leblanc Viaduct Apt. 601, Rivaschester, VT 50107",Desktop,1780,Free,3 Month
381,Kayla Rivera,44,nicholas37@example.com,"07109 Aaron Oval, East Nicole, VI 68188",Tablet,8206,Premium,Yearly
382,Cindy Gross,54,jared68@example.org,"2818 Hartman Extensions Suite 361, New Andreafort, MO 91108",Mobile,4194,Premium,Yearly
383,Mark Taylor,44,tracy27@example.com,"1491 Hardin Dale, Johnsonstad, MI 98252",Mobile,4591,Premium,Yearly
384,Katherine Rodriguez,59,timothy99@example.net,"1312 Reeves Manors Suite 555, Brycechester, TX 19101",Tablet,7505,Premium,3 Month
385,Victoria Miller,44,annshaw@example.com,"85563 Smith Fords, Barrland, MO 64640",Desktop,6261,Family,Monthly
386,Christopher Moore,44,justin21@example.com,"9649 Candice Glen Apt. 958, Harryland, MN 03753",Desktop,9385,Free,Yearly
387,Jose Marquez,44,ccarter@example.org,"9112 Walker Mission, New Suzanne, PA 36205",Desktop,1455,Premium,Monthly
388,Micheal Murphy,44,maldonadojustin@example.org,"4753 Mark Ville Apt. 484, Lake Tiffanytown, NJ 99592",Mobile,2359,Family,Monthly
389,Timothy Howell,26,imiller@example.net,"376 Kathryn Glens, New Brendaville, WY 43404",Tablet,9774,Premium,Yearly
390,Lisa Allen,27,vjenkins@example.com,"22162 Lawrence Shoal Suite 348, Lake Gloria, WV 54433",Desktop,7533,Premium,Yearly
391,Michael Davis,57,mark39@example.net,"262 Sharon Springs Suite 307, West Jessicaville, MA 41815",Desktop,3530,Premium,Monthly
392,Julie Rivera,44,danielcarlson@example.com,"Unit 5941 Box 7546, DPO AA 98835",Mobile,916,Free,Monthly
393,Jared Ortega,44,chad07@example.org,"5076 Johnson Camp, Jeanetteview, AK 45042",Mobile,5394,Free,3 Month
394,Brittany Ruiz,44,ygarcia@example.net,"1062 Lewis Brook, Coryport, RI 26701",Desktop,8766,Premium,Yearly
395,Isabel Moyer,22,robertschristopher@example.org,"5795 Lawrence Garden Apt. 093, Andresport, PW 79371",Tablet,1199,Premium,3 Month
396,Alyssa Miller,44,kimberly47@example.net,"85411 Weber Track Apt. 899, Davisfurt, IL 99090",Mobile,6779,Family,Monthly
397,Charles Fischer,44,bellsarah@example.net,"PSC 2608, Box 2081, APO AE 57869",Mobile,7292,Free,Monthly
398,Daniel Zimmerman,24,bookermichelle@example.com,"41886 Navarro Gardens, North Bradleymouth, RI 35361",Desktop,760,Premium,Monthly
399,Donald Johnson,25,sarahsmith@example.org,"7459 Taylor Stravenue Apt. 298, Parkerville, MA 83302",Desktop,9118,Premium,3 Month
400,Larry Dixon,63,rebecca40@example.org,"255 Henderson Shoals, Matthewchester, MS 63816",Mobile,6368,Family,3 Month
401,Tracy Jennings,44,johnflores@example.com,"55878 Katie Court, Andersonfort, MS 40953",Mobile,5921,Premium,Monthly
402,Robert Yates,31,christiealvarado@example.org,"8496 Leon Shoal, North Tyrone, PW 37196",Desktop,8070,Family,Monthly
403,April Gardner,66,randallriggs@example.net,"0415 Susan Center, South Bridget, FL 49904",Tablet,3429,Premium,Yearly
404,Matthew Black,44,jaredrodriguez@example.com,"45167 Christopher Burgs Apt. 615, Port Stacyburgh, IA 32228",Mobile,3980,Premium,3 Month
405,Bailey Johnson,44,randall14@example.org,"94791 Elizabeth Causeway Suite 116, Lake Colinberg, MD 73296",Desktop,3581,Family,Monthly
406,Krystal Smith,44,williamnorris@example.com,"516 Rebecca River Apt. 997, Davidshire, ME 21790",Mobile,9406,Family,Yearly
407,Brooke Smith,47,davenportcynthia@example.com,"04838 Cheryl Center Suite 936, South William, VT 81109",Tablet,9492,Premium,Yearly
408,Christina Thompson,57,ypeters@example.org,"1139 Roach Extensions Apt. 515, Ramirezhaven, MP 71366",Desktop,9435,Premium,Monthly
409,Rhonda Becker,44,kcole@example.com,"5843 Howard Mount, South Joseville, TX 08041",Mobile,1334,Free,3 Month
410,Kelsey Ochoa,44,ramosangela@example.org,"486 Leon Springs Suite 556, West John, IN 20075",Mobile,7369,Premium,Yearly
411,Stephanie Guerra,44,gabrielrose@example.com,"86150 Amy Corner, North Amanda, UT 71465",Mobile,6711,Premium,3 Month
412,Michael Hernandez,23,wangerin@example.com,"72757 Tanner Way Suite 817, Port Ryan, CT 42203",Tablet,3257,Family,3 Month
413,Michelle Smith,44,victoriamejia@example.com,"PSC 7981, Box 7118, APO AE 45728",Desktop,5095,Free,Yearly
414,Jennifer Thompson,27,hreed@example.net,"Unit 4833 Box 3507, DPO AP 50103",Tablet,3203,Premium,Monthly
415,Sarah Schultz,33,kjones@example.com,"7207 Carter Bridge Suite 275, East Robertshire, ND 14305",Desktop,9404,Free,Monthly
416,Jessica Flores,44,bduran@example.org,"23473 Fox Courts Apt. 583, Devintown, PR 34291",Mobile,2682,Family,Yearly
417,Timothy Dougherty,44,christinajackson@example.net,"72201 Booker Green, Monicaville, WA 32513",Tablet,8066,Premium,3 Month
418,Sara Harris,44,jonesmicheal@example.net,"3451 Donna Roads, West Tanya, IA 96618",Mobile,8680,Premium,3 Month
419,Robert Smith,44,catherine24@example.org,"3695 Huffman Trail Apt. 534, North Nicole, OK 69767",Tablet,4535,Premium,Yearly
420,Crystal Arnold,29,obrown@example.org,"09587 Traci Harbor, Englishfort, AR 02274",Tablet,6255,Family,Yearly
421,Thomas Hayes,44,jonesbetty@example.org,"673 Johnson Causeway, East Jenniferton, NV 39506",Tablet,5326,Family,Yearly
422,Ashley Weber,44,medinalaura@example.org,"31490 Beth Isle, South Devonborough, FL 54707",Tablet,9885,Premium,3 Month
423,Sheila Howe,37,franklinjulia@example.net,"PSC 6128, Box 7701, APO AP 31071",Mobile,9043,Family,3 Month
424,Joseph Brown,44,valenzuelaerica@example.com,"905 John Square Apt. 816, Wallacebury, MP 15528",Tablet,6499,Premium,Monthly
425,Lacey Fischer,22,jwiggins@example.org,"2356 Jason Dale, Port Melaniefurt, NY 52150",Desktop,2846,Free,3 Month
426,Linda Lane,50,holly13@example.net,"422 Elizabeth Union, Sandrafurt, CA 68143",Mobile,6142,Premium,Monthly
427,Adam Anderson DVM,23,karenmurray@example.net,"5993 Rhodes Meadows Suite 050, Larsonville, MP 13923",Tablet,248,Free,Yearly
428,David Stanley,31,jennifermcdaniel@example.org,"318 Reid Rapids, Calvinborough, VI 75064",Tablet,6102,Family,Monthly
429,Jamie Fletcher,44,anthony99@example.com,"545 Kennedy Fork Suite 528, East Judy, TX 45747",Desktop,3414,Premium,Yearly
430,George Dominguez,38,smithjermaine@example.org,"030 Vasquez Estate, Jennifershire, MD 59402",Mobile,442,Free,Yearly
431,Debra Pope,38,thomas76@example.net,"38602 Laura Mountains Apt. 179, Danielleside, VT 49246",Desktop,9240,Premium,3 Month
432,Jennifer Pierce,44,kathryn81@example.org,"278 Andrew Circle, North Timothyville, NV 15673",Desktop,6963,Family,Monthly
433,Michael Jensen,44,joseph68@example.net,"371 Natalie Freeway, North Dawn, CA 98779",Desktop,5400,Free,Yearly
434,Eric Brown,44,dennisfox@example.com,"3991 Julie Rue, Austinborough, OR 09554",Tablet,5399,Free,Yearly
435,Allison Adkins,44,fgarcia@example.net,"037 Katrina Islands, Christensenhaven, CT 86603",Mobile,5631,Premium,3 Month
436,James White,18,lindseysingh@example.com,"641 Matthew Valleys, Scottview, MH 84175",Desktop,5890,Family,3 Month
437,Justin Hamilton,44,lauraramos@example.net,"27781 Chung Parks Apt. 954, Port Kevinview, ID 52760",Desktop,1614,Family,Yearly
438,Michael Smith,44,dixonroger@example.net,"64268 Connie Fork Apt. 325, North Tiffany, IA 07750",Desktop,9034,Premium,3 Month
439,Lisa Nunez,32,susan54@example.net,"04137 Barrett Track Suite 272, Andrewmouth, HI 91692",Tablet,4129,Free,3 Month
440,Andrea Robbins,58,nguyensheri@example.org,"918 Nicole Ridge Apt. 776, Adkinstown, WA 11608",Tablet,6566,Premium,Monthly
441,Mary Thomas,21,davidwaters@example.net,"1791 Jimmy Circle Apt. 948, Shawnburgh, AL 49266",Desktop,4700,Family,3 Month
442,Ashley Terrell,44,gmclean@example.net,"81701 Alvarado Ridge, Caseyfurt, AL 72773",Tablet,152,Premium,Yearly
443,Ronald Clark,44,christopherdean@example.com,"283 Manning Rapids Suite 972, West Adriana, OR 74384",Tablet,7083,Free,3 Month
444,Raymond White,44,kdunn@example.com,"6963 Mary Flats Suite 560, North Adam, VA 86556",Mobile,345,Premium,Yearly
445,Elizabeth Dennis,55,johnsonamy@example.net,"258 Anna Dam, Joshuachester, MP 97038",Desktop,658,Premium,3 Month
446,Devon Grant,44,paulsarah@example.com,"USNV Myers, FPO AP 71938",Mobile,9176,Premium,Yearly
447,Christopher Smith,44,hollyperez@example.com,"41264 Jordan Square Apt. 939, Lake Philipchester, AL 62447",Desktop,4578,Premium,Monthly
448,Samantha Morales,64,morrisonjames@example.net,"Unit 0172 Box 2378, DPO AP 41011",Desktop,7052,Free,Monthly
449,Crystal Jensen,44,newmankathryn@example.org,"96081 Angela Creek, Damonborough, CO 74772",Mobile,1670,Family,3 Month
450,Sandra Rich,44,danielsmith@example.net,"69483 Christopher Knoll, Johnsonstad, TN 62030",Desktop,3422,Free,Monthly
451,Desiree Berg,44,ddavis@example.com,"04072 Ramirez Rapid, Marquezmouth, NC 05315",Tablet,9953,Family,Monthly
452,James Bauer,44,danielfowler@example.com,"0771 William Fields Apt. 150, Davidtown, GU 64142",Mobile,6895,Family,3 Month
453,Emma Glenn,44,thomasperez@example.net,"2673 Alexis Corner Suite 951, West Alanburgh, MD 21410",Mobile,6582,Family,3 Month
454,Bethany Rice,44,courtneywilson@example.net,"42589 Jane Islands, Lloydburgh, IL 34401",Tablet,6042,Family,Yearly
455,James Blake,44,nhess@example.com,"373 Sarah Throughway Suite 256, Lake Ariana, DC 32877",Desktop,6908,Premium,3 Month
456,Samantha Harmon,65,mbauer@example.org,"839 West Forges Suite 789, Maryshire, IN 61561",Desktop,9524,Premium,Monthly
457,Clifford Payne,44,rittertammy@example.org,"1827 Tammy Track Suite 449, Port Stephaniemouth, MD 88272",Mobile,4567,Premium,3 Month
458,Teresa Cannon,67,figueroabrian@example.net,"73094 Garrison Squares Suite 001, Port Jamesland, NY 00793",Tablet,2767,Premium,3 Month
459,James Lowe,44,millsjames@example.net,"48012 Thompson Drive Apt. 849, Garciastad, NY 43680",Mobile,9100,Premium,Yearly
460,James Allen,22,ericparker@example.org,"8318 Brandi Course, Wardbury, SD 14653",Desktop,1203,Family,3 Month
461,Brandi Smith,59,sarah07@example.com,"76563 Mcdonald Lodge Suite 683, Lake Feliciashire, TX 06347",Tablet,3294,Free,Monthly
462,Chelsea Davis,44,hendersonstacy@example.org,"35891 Goodwin Plaza Apt. 261, East Emma, MD 19878",Mobile,688,Free,3 Month
463,Alison Morrison,44,abrowning@example.org,"798 Christine Islands Apt. 816, Erikville, CT 58414",Mobile,5266,Premium,Yearly
464,Kathleen Collins,44,edwardcunningham@example.com,"174 Martin Burg Apt. 936, Troyfurt, SD 90801",Mobile,5609,Premium,3 Month
465,Michael Garcia,55,parkssusan@example.com,"403 Montgomery Villages, Beckystad, SD 69186",Tablet,6109,Premium,Monthly
466,Michael Kelly,44,eric69@example.net,"PSC 3251, Box 1106, APO AE 81223",Desktop,5236,Premium,3 Month
467,Victor Lee,67,ljackson@example.com,"0902 Justin Pine Suite 689, Johnsonhaven, MP 32232",Desktop,4730,Family,Monthly
468,Teresa Mills,32,chenmichelle@example.com,"44723 Anthony Locks, Scottside, MD 73925",Mobile,7304,Family,Monthly
469,Sandra Stanley,29,derek53@example.net,"60195 Sims Vista Apt. 350, Jennafort, AS 98029",Desktop,9709,Premium,Yearly
470,Kyle Spencer,26,michael32@example.org,"7281 Leslie Bridge, Port Daniel, ND 66941",Mobile,1054,Premium,3 Month
471,Mark Mason,22,susanramirez@example.com,"412 Clark Brook Suite 345, Perrystad, SD 04958",Mobile,2043,Free,3 Month
472,Jaime Robinson,44,sara70@example.net,"03494 Dan Light, Lake Shannon, VT 37177",Tablet,9785,Premium,Monthly
473,Robert Pope,44,connormcbride@example.net,"304 Tony Rapids Suite 174, North Elizabethton, HI 74205",Desktop,5255,Premium,Yearly
474,Jacob Rios,44,moranmaureen@example.org,"1484 Martha Stravenue Apt. 057, Hollytown, MH 84798",Desktop,7549,Premium,3 Month
475,Cody Serrano,66,rhowe@example.net,"76436 Silva Harbors Suite 922, North Suzannehaven, HI 32089",Mobile,3463,Family,3 Month
476,Russell Holder,45,mcconnellkelly@example.net,"41930 Anderson Locks, Lake Kevin, CO 95012",Desktop,7349,Family,Yearly
477,Lindsey Jackson,44,jenniferlong@example.net,"83202 Jones Extensions, Tonyabury, NY 54874",Mobile,8778,Family,3 Month
478,Mallory Mckay,28,fordjoseph@example.com,"878 Sanchez Parks, Lake Dennisfort, IN 52193",Desktop,869,Family,Monthly
479,Charles Miller,53,andersonjames@example.org,"905 Gonzalez Trail Apt. 333, Stevenfurt, AS 12436",Desktop,2359,Premium,3 Month
480,Mary Burgess,44,rogerfrancis@example.com,"51358 Sandy Lakes Apt. 049, Taylorchester, WA 13819",Desktop,6596,Family,Monthly
481,Amanda Allen,59,salazarruth@example.net,"0109 Ashley Falls Apt. 753, North Donnaborough, NE 22281",Desktop,8233,Free,Yearly
482,Kevin Castro,44,reesechristopher@example.com,"5884 Raymond Groves, North Aaronburgh, KS 81404",Tablet,6849,Free,Yearly
483,Juan Perez,41,paul38@example.org,"15825 Regina Station, Daughertymouth, MN 63357",Mobile,7577,Free,Monthly
484,Brianna Ward,44,aguilarkiara@example.net,"51454 Christina Burgs, Zhangview, IA 75532",Tablet,9677,Premium,3 Month
485,Savannah Walker,44,ashleyfox@example.org,"505 Jones Tunnel Suite 902, Tylerland, MO 84784",Desktop,3960,Free,Monthly
486,Heather Duncan,44,alamb@example.com,"USCGC Hodges, FPO AE 19528",Desktop,4855,Premium,Monthly
487,Andrew Soto,70,earl12@example.net,"1173 Steven Mountain Suite 857, Port Joshua, NY 23707",Desktop,6593,Premium,3 Month
488,Jennifer Lee,47,fcampbell@example.net,"508 Edwards Mountains, Port Lindsay, DE 22190",Mobile,298,Premium,Monthly
489,Monica Snyder,65,anthonycox@example.net,"5913 Harris Walk, Bryanshire, MA 48201",Mobile,4556,Free,Monthly
490,Stephanie Castro,44,brewerrobin@example.net,"25611 Molly Mews, North Brenda, MO 78734",Desktop,8058,Premium,Monthly
491,Cheryl Hernandez,50,hailey55@example.net,"517 Angela Vista, Joseshire, IL 22836",Tablet,8833,Premium,3 Month
492,Nicholas Johnson,44,joylynn@example.net,"355 White Row, Jonesport, UT 85685",Mobile,8732,Family,Monthly
493,Karen Henderson,37,vmason@example.org,"566 Kimberly Circles, South Matthew, OR 63012",Mobile,4572,Premium,Yearly
494,Keith Kent,46,rebecca29@example.com,"147 Jones Hills, North Maxwellshire, WA 88160",Mobile,2596,Free,3 Month
495,Courtney Patton,68,bhardin@example.net,"451 Gray Meadow, New Laurenview, CA 45589",Desktop,5513,Family,3 Month
496,Kristine Klein,44,kpetersen@example.net,"6296 Brent Meadow Apt. 883, Whitneyside, KS 99250",Desktop,3624,Premium,Yearly
497,Joshua Blair,30,tara75@example.net,"8632 Charles Causeway Apt. 856, Mariastad, TN 43952",Mobile,1254,Family,Yearly
498,Riley Phillips,29,richardjensen@example.com,"56483 Pena Vista, New Wesley, OK 69316",Mobile,528,Premium,Yearly
499,Sabrina Williams,29,williamsmith@example.com,"082 Anthony Pines, Rosefurt, NJ 81081",Desktop,2114,Premium,Yearly
500,Kimberly Moore,47,philip19@example.org,"42529 Susan Springs Suite 090, Stevenburgh, NM 15066",Tablet,5227,Free,Yearly
501,David Jones,25,mcgeedebbie@example.org,"741 Christopher Divide, East Elizabeth, VA 97718",Desktop,7399,Premium,Yearly
502,Lisa Schneider,44,seanwhite@example.net,"2789 Andersen Plaza Suite 049, Lake Cynthiaside, PA 70106",Mobile,5309,Family,Yearly
503,Michelle Steele,39,kelseylandry@example.net,"9283 Quinn Run Suite 129, Port Jameshaven, ND 83339",Mobile,7929,Premium,3 Month
504,Juan Smith,44,brendawebster@example.com,"5725 Snow Mount Apt. 814, Stephaniechester, ID 82524",Tablet,4653,Premium,Monthly
505,Connie Robles,44,acruz@example.org,"57506 Kara Meadow, West Derrick, OR 44427",Desktop,979,Premium,Yearly
506,Joseph Brown,18,williamsdaniel@example.com,"13956 Brittany Mall Suite 663, Port Brittney, VI 97723",Mobile,9719,Family,Yearly
507,Leah Deleon,64,blucero@example.net,"75693 Nelson Points, West April, OK 75426",Desktop,8118,Family,Yearly
508,Kelly Hill,44,aanderson@example.net,"9612 Thomas Corner Apt. 918, South Alyssatown, RI 47251",Mobile,3790,Family,Monthly
509,Lisa Gutierrez,44,carterjessica@example.org,"8194 Reid Isle Apt. 254, Joannaview, OK 67448",Desktop,3382,Family,3 Month
510,Stephanie Cochran,44,lindsey03@example.org,"6911 Heather Glen Suite 546, South Nancy, VI 41743",Tablet,665,Premium,Yearly
511,Eric Johnson,44,theresa53@example.com,"712 James Skyway, Hilltown, AR 99068",Desktop,4175,Premium,Monthly
512,Pamela Contreras,19,waynepena@example.org,"058 Lopez Freeway Suite 547, Lake Catherinehaven, ID 82874",Tablet,668,Family,3 Month
513,Carrie Holt,44,iknight@example.com,"7566 Flores Point, Lake Maria, CT 46975",Mobile,4461,Premium,3 Month
514,Carl Cordova,44,sotomathew@example.org,"7314 Bailey Common, Bobfurt, TX 86696",Desktop,9673,Free,Yearly
515,Marvin Hansen,44,petersencarlos@example.net,"93769 Lance Place Apt. 837, East Jamiefurt, FL 41527",Tablet,127,Family,Yearly
516,Krystal Smith,44,austin89@example.org,"90646 Roy Cove, North Benjaminfort, FL 52455",Desktop,1759,Premium,Monthly
517,Preston Turner,56,kjackson@example.com,"USS Lane, FPO AA 99083",Tablet,6331,Premium,3 Month
518,George Stone,44,james53@example.org,"307 Craig Hill, Millermouth, NM 56480",Mobile,876,Free,Monthly
519,Ricardo Gould,42,joshua30@example.net,"Unit 2230 Box 6759, DPO AP 71291",Desktop,1087,Free,Yearly
520,Kristen Roberts,44,nalvarez@example.org,"55383 Taylor Springs, Kimtown, KY 59681",Mobile,5654,Family,Monthly
521,Justin Mcgee,49,pamela44@example.org,"1486 Amy Key, Masonmouth, AZ 01009",Tablet,1586,Free,Monthly
522,John Richardson,41,jessicagonzalez@example.net,"5101 George Islands Suite 586, North Michaelville, FL 29809",Mobile,8180,Family,Yearly
523,Howard Lewis,44,randall38@example.com,"47990 Robles Valley Apt. 346, North Kimberly, NE 73497",Desktop,9068,Family,3 Month
524,Wendy Vaughn,44,jessica40@example.net,"48042 Christopher Junctions, Mcconnellfort, OR 84399",Mobile,7422,Family,Yearly
525,Donna Juarez,44,heatherwalker@example.org,"010 April Alley, Mcintyrechester, NY 35076",Mobile,380,Premium,Yearly
526,Noah Ramirez,31,dylan63@example.org,"33868 Alexander Bypass Apt. 012, Crystaltown, MH 53006",Mobile,6564,Premium,Yearly
527,Jonathan Lewis,55,xdixon@example.net,"158 Brandi Mews, Rosston, DE 76192",Desktop,1239,Free,Monthly
528,Peter Joseph,27,heather25@example.org,"491 Francisco Junctions, Chadborough, VA 37587",Mobile,5757,Premium,3 Month
529,Megan Lopez,20,amoody@example.net,"722 Fitzpatrick Mill, Anneview, MN 22180",Tablet,1125,Premium,3 Month
530,Monica Gates,44,stephaniecampos@example.net,"USNS Baker, FPO AP 83469",Desktop,859,Premium,3 Month
531,Kathleen Malone,44,parsonsjessica@example.com,"94741 Orr Glen, Rileystad, ND 75750",Tablet,8389,Family,3 Month
532,Timothy Benson,65,rioschristopher@example.org,"86141 Bartlett Loaf, Kellyhaven, AZ 25154",Tablet,4703,Premium,3 Month
533,Claudia Thompson,37,adamruiz@example.com,"62197 Hobbs Circle Suite 075, Moodystad, LA 49848",Tablet,3729,Premium,3 Month
534,Hector Arnold,44,ryanvirginia@example.net,"8750 Rachel Locks, East Wendyville, SD 02199",Desktop,5857,Premium,Yearly
535,Tracy Phillips,35,ydavis@example.net,"209 Kristine Coves Suite 711, Hartside, RI 23192",Desktop,7193,Free,Yearly
536,Sara Davis,43,savannah07@example.net,"584 Melissa Forks, Kellybury, TN 28652",Tablet,2705,Premium,Monthly
537,Blake Frederick,44,kmoore@example.com,"71490 Rodgers Branch, South Ashleybury, MH 89985",Mobile,1282,Free,Yearly
538,Ronald Sharp,36,kaylapatrick@example.com,"0349 Kathy Plains Apt. 383, Walkermouth, NE 59842",Desktop,3685,Premium,3 Month
539,Keith Johns Jr.,44,starkwillie@example.com,"065 Thompson Avenue Suite 408, Butlerville, AL 23792",Tablet,4035,Free,Yearly
540,Stephanie Howard,50,melindamcdaniel@example.org,"67487 Salas Highway, Cameronberg, AL 66155",Tablet,9392,Premium,3 Month
541,Robert Moore,44,john62@example.com,"97412 Smith Stream Suite 334, Valeriemouth, AR 63631",Mobile,3095,Family,3 Month
542,Tammy Carter,44,melodyjones@example.com,"PSC 1534, Box 4302, APO AE 37373",Mobile,4129,Free,Yearly
543,Diana Miller,44,daviselizabeth@example.com,"40028 Christopher Greens, Lake Stevenland, NM 17462",Desktop,835,Family,Monthly
544,John Anderson,44,jennifer04@example.org,"Unit 2651 Box 8161, DPO AP 70727",Mobile,7949,Premium,Monthly
545,Anita Mullins,27,melissa67@example.net,"274 Patricia Bridge, Grimeschester, MS 08919",Desktop,1060,Family,Yearly
546,Jason Williams,44,jennifer38@example.net,"USNS Wang, FPO AP 86739",Desktop,8314,Premium,Monthly
547,Michele Gould,44,robert00@example.org,"109 Lopez Burg Suite 911, Port Conniemouth, MH 51635",Desktop,5552,Free,Yearly
548,Kevin Sims,47,rachelramos@example.org,"55358 Teresa Square Apt. 752, Mezaville, MD 89139",Mobile,9213,Family,Monthly
549,Cheryl Morton,35,markwilson@example.org,"9853 Barrett Curve Suite 558, Port Jasmineborough, MN 73341",Mobile,7503,Premium,Yearly
550,Michelle Thomas,44,claudiaadams@example.org,"11627 Chung Burg, South Logan, AL 49898",Tablet,8106,Family,Yearly
551,Wesley Mccann,35,osbornsheila@example.net,"65562 Hill Port, Port James, OR 58821",Mobile,129,Free,3 Month
552,Mary Hood,44,aconley@example.com,"843 Anthony Shore Apt. 954, Lake Jordan, WA 91998",Desktop,4553,Family,3 Month
553,Joel Charles,59,martinezkara@example.com,"21160 Sandra Villages Apt. 357, Raymondport, PR 77204",Desktop,8722,Premium,Monthly
554,Scott Lewis,52,curtistroy@example.net,"1604 Weber Turnpike, Rodriguezshire, DE 37651",Desktop,3635,Free,Yearly
555,Kevin Mcdonald,52,garciamelissa@example.org,"363 Bartlett Road Apt. 432, Leeborough, WY 25156",Mobile,7775,Family,Monthly
556,Rebecca Ward,30,blankenshipstephen@example.net,"2080 Joseph Spring Suite 264, East Crystal, DE 42814",Mobile,5677,Family,Monthly
557,Nancy Clark,44,diane39@example.org,"49715 Andrea Ranch, West Erica, IN 08956",Desktop,6315,Premium,Yearly
558,Lisa Gutierrez,59,louis73@example.com,"0473 Hill Turnpike, East April, AR 52084",Desktop,855,Premium,Yearly
559,Eric Brown,33,meredith41@example.org,"210 Smith Rue, Georgeburgh, MT 51274",Mobile,9292,Premium,Monthly
560,Curtis Tyler,37,adrianestes@example.com,"881 Horn Prairie, Washingtonhaven, NV 69781",Mobile,9516,Premium,Monthly
561,James Marshall,44,katrina42@example.net,"PSC 5259, Box 9087, APO AP 06742",Mobile,1601,Premium,Yearly
562,Shannon Mendoza,48,riverachristopher@example.com,"44243 Jackson Locks Apt. 926, Lake Cindy, ND 52813",Tablet,5533,Free,Yearly
563,Gregory Clark,44,ericrobinson@example.org,"563 Cheryl Freeway, Daisyborough, NJ 46115",Desktop,8716,Free,Monthly
564,John Sanchez,44,linda22@example.com,"64486 Scott Course Apt. 274, New Johnhaven, CO 93935",Mobile,3625,Free,Yearly
565,Carla Todd,55,tcooper@example.com,"PSC 3363, Box 5944, APO AA 88229",Mobile,1702,Free,Monthly
566,Chelsea Cox,58,manuel80@example.org,"69507 Steven Mountain, West Douglaston, SD 25545",Desktop,7098,Free,Yearly
567,Geoffrey Coleman,49,zwilliams@example.net,"26987 Morris Mount, Ericville, RI 27231",Desktop,7205,Family,Monthly
568,David Trevino,36,john73@example.com,"819 John Neck, New Alexanderborough, KS 56041",Tablet,9694,Family,3 Month
569,Patricia Barnett,67,walterguzman@example.net,"975 Dalton Curve Apt. 454, West Stanleyshire, AZ 20132",Desktop,6864,Premium,3 Month
570,John Burns,39,meganmoody@example.net,"806 Schmidt Streets, Fletcherbury, CA 37564",Tablet,9510,Free,Monthly
571,Monica Cummings,45,laurenpatterson@example.org,"5320 Trevino Roads Apt. 020, Lake Rodneyberg, MO 30051",Mobile,1111,Free,3 Month
572,Mark Smith,44,dalehall@example.org,"8092 Berger Isle, South Teresa, VA 05179",Mobile,7558,Premium,Monthly
573,Leslie Flores,44,heidi27@example.org,"0934 Lawrence Summit Apt. 662, Jenniferport, AS 11325",Mobile,3124,Family,Monthly
574,James Bray,44,david63@example.net,"51243 Robert Overpass, West Tricia, OR 98648",Tablet,8391,Family,Yearly
575,Kari Figueroa,44,fosterkevin@example.org,"565 Smith Shores, Ryanport, RI 77034",Mobile,2992,Premium,Yearly
576,Kristina Martin,44,brownemily@example.net,"89340 Barbara Avenue Suite 100, Payneport, PA 03993",Desktop,4600,Premium,Monthly
577,Kimberly Gilbert,44,paulaalvarez@example.net,"39815 Misty Trafficway Suite 459, South Jessicamouth, HI 51076",Mobile,2708,Family,Yearly
578,Randall Cross,60,sarah92@example.net,"9428 Jesse Ferry, West Monica, PW 65396",Mobile,4994,Free,Yearly
579,Michelle Hawkins,27,beth17@example.com,"Unit 1203 Box 8027, DPO AA 12228",Desktop,5617,Free,3 Month
580,Tara Jennings,44,adam05@example.com,"182 Collins Highway, Adamburgh, CT 24018",Tablet,4787,Premium,Yearly
581,Heather Crawford,32,powellrachel@example.net,"6734 Abigail Mills, Guerreroberg, MT 78428",Desktop,7312,Premium,Yearly
582,Erika Mendez,45,qmendez@example.com,"54629 Miranda Dam, West Cindyville, MA 62382",Tablet,3992,Family,3 Month
583,Jack Medina,59,qguerrero@example.net,"64356 James Villages, West Manuelbury, WI 27544",Mobile,4885,Free,Monthly
584,Ivan Larsen,44,mwiggins@example.org,"52514 Tamara Mission, Mariahaven, MO 20641",Desktop,6003,Premium,3 Month
585,Michael Baird,66,debra13@example.org,"Unit 1131 Box 6819, DPO AP 35960",Desktop,2018,Family,3 Month
586,Samantha Roberts,20,wgill@example.com,"6112 Amber Way Apt. 483, Jamieton, MN 01931",Desktop,9963,Premium,3 Month
587,Scott Rodriguez,44,lbradley@example.net,"559 Rich Spur, Lake Melissa, NV 71373",Mobile,9878,Premium,Yearly
588,Jessica Lyons,52,rmcmillan@example.net,"349 King Tunnel, Dennisport, TN 61696",Tablet,7731,Family,3 Month
589,Savannah Price,44,juan79@example.com,"58273 Hodges Roads, Patrickstad, SC 38687",Mobile,1839,Premium,3 Month
590,Daniel Crawford,44,guzmanmichael@example.org,"422 Jason Glens, Williamchester, SC 48892",Desktop,7848,Premium,Yearly
591,David Wilson,65,toddnielsen@example.org,"0622 Brandt Islands, Combsborough, ID 54866",Desktop,8599,Premium,Yearly
592,April Gonzales,34,anthonybrown@example.com,"2295 Campbell Branch, Klineshire, IA 66968",Desktop,8862,Family,3 Month
593,Kyle Anthony,44,njohnson@example.org,"4265 Brandi Skyway, Hickmanfurt, MA 22662",Desktop,9940,Premium,Yearly
594,Paul Cortez,68,chenjared@example.com,"21192 Martin Prairie, Benjaminside, RI 87109",Mobile,6589,Premium,Monthly
595,Daniel Cox IV,44,ntran@example.org,"05182 Marcus Falls Apt. 088, South Catherineshire, OH 34151",Mobile,105,Family,Yearly
596,Maxwell Oliver,44,kimberly91@example.com,"76878 Brandon Overpass, Dawnton, LA 97853",Tablet,732,Free,Monthly
597,Laura Joseph,69,lopezjamie@example.org,"997 Smith Pike Suite 616, Gilmoreborough, MS 88323",Mobile,4131,Free,Monthly
598,Richard Alexander,44,jeffreybaker@example.org,"198 Frederick Mission, Lake Karen, CA 16840",Desktop,3487,Free,Yearly
599,Joanna Vazquez,25,vbennett@example.org,"506 Cain Roads Apt. 063, West Carolyn, UT 96239",Tablet,2164,Free,3 Month
600,Brittany Tran,44,desiree37@example.net,"002 Cohen Extension Suite 305, Angelicastad, WA 01508",Tablet,9176,Premium,Yearly
601,Haley Hines,44,sarahnolan@example.net,"02450 Dougherty Road Apt. 357, Lake Danny, AZ 25493",Desktop,3588,Premium,3 Month
602,Michelle Simpson,44,hmartinez@example.org,"11074 Tiffany Lights Apt. 397, Stewartside, OR 44822",Desktop,9418,Premium,Yearly
603,Wesley Welch,37,burchphillip@example.org,"48921 Allen Loaf Suite 089, Hallton, WY 04908",Tablet,6723,Premium,Yearly
604,Philip Gomez,44,parkerjessica@example.com,"38272 Holly Cliffs Suite 048, West Derekside, AS 37602",Desktop,3133,Family,Monthly
605,Michael Wagner,54,hinessamantha@example.net,"430 Brian Run, Gomezhaven, NH 99029",Desktop,2526,Premium,3 Month
606,Daniel Campbell,20,meghanaustin@example.com,"0679 Curtis Valley, Port Carrie, NY 56347",Mobile,4387,Family,Yearly
607,Cameron Rosales,44,danielswilliam@example.com,"153 Leroy Plaza Suite 775, Port Vincentstad, NE 76425",Desktop,9176,Premium,Monthly
608,Tammy Chambers,44,brett75@example.org,"5407 Guzman Fields Suite 311, East Brandonport, NJ 72283",Mobile,3091,Premium,3 Month
609,Cynthia Lopez,44,pprice@example.org,"776 Christina Common Apt. 723, Ramirezberg, ID 30606",Desktop,1400,Family,3 Month
610,Jeffrey White,33,danholmes@example.net,"39937 Watts Roads, New Teresa, PR 31698",Mobile,4868,Free,Yearly
611,Tony Clark,44,hnielsen@example.net,"3419 Courtney Place, Charlesfort, NJ 51196",Tablet,6789,Premium,Monthly
612,Betty Gonzalez,26,snydervictoria@example.org,"047 Matthew Manor, Port Matthewborough, GA 67005",Desktop,3745,Premium,Yearly
613,Keith Ramirez,44,conleyhenry@example.com,"3139 Alfred Gardens, Hodgeton, PA 05104",Desktop,4726,Family,3 Month
614,Amy Krause,53,heidi55@example.com,"23750 Louis Locks, West Andrealand, KY 02781",Mobile,9863,Family,Monthly
615,Brian Washington,44,pbryan@example.com,"07238 James Rest, Debbiefurt, CT 38300",Mobile,4559,Premium,Monthly
616,Ryan Acosta,44,michael74@example.net,"807 Berry Mission Suite 375, Patrickbury, LA 47377",Desktop,6050,Free,Yearly
617,Amber Gardner,44,kporter@example.net,"750 Sanchez Fork Suite 318, New Tinaside, AK 94130",Tablet,223,Premium,Yearly
618,Rebecca Spears,44,davidhayes@example.org,"301 Suzanne Tunnel Apt. 771, Port Joshuastad, MI 03673",Tablet,8700,Premium,Monthly
619,Julie Johnson,44,umosley@example.net,"6170 Davis Village Suite 979, Markberg, PA 18477",Mobile,5951,Premium,Yearly
620,Emily Eaton,57,vazqueztara@example.org,"355 James Burgs, Kellyborough, ND 71016",Mobile,9165,Premium,Monthly
621,Melissa Hubbard,44,felicia60@example.net,"9855 John Ridge, Lake Austinshire, OK 18762",Tablet,5663,Premium,3 Month
622,Barbara Garrison,29,robert51@example.net,"5593 Hampton Camp Suite 451, East Darlene, KS 39279",Mobile,9535,Premium,3 Month
623,Karen Norris,31,susanmoore@example.net,"6421 Matthew Ports, Lake Kelly, WA 19278",Tablet,5126,Premium,Yearly
624,Donna Padilla,27,hallshane@example.org,"5046 Cindy Loop, West John, TX 09710",Tablet,8242,Premium,Yearly
625,Andrew Deleon,44,sean53@example.net,"2289 Johnson Station Suite 489, West Joseph, KS 57579",Mobile,5195,Premium,Monthly
626,Christopher Clark,42,ehudson@example.org,"939 Marsh Mews Suite 989, Blackwellchester, IA 77144",Desktop,2298,Premium,Yearly
627,Haley Washington,48,matthew84@example.net,"152 Matthew Cliffs, Jamesberg, MA 37989",Mobile,469,Premium,3 Month
628,James Gomez,25,michael67@example.net,"3464 Thomas Villages, Thomasmouth, CO 08754",Mobile,1876,Premium,Monthly
629,Riley Beltran,24,melissawalker@example.net,"795 Christopher Locks, Theresaport, NH 52181",Tablet,2592,Family,Yearly
630,Krystal Blake,46,joel47@example.com,"USNV Smith, FPO AP 03806",Desktop,3251,Premium,Yearly
631,David Lewis,44,warnerrick@example.org,"86539 Ruiz Landing Suite 142, South Michael, MI 27319",Desktop,1073,Premium,Yearly
632,Alison Hall,44,thompsonalexandra@example.com,"Unit 6851 Box 6238, DPO AP 01520",Mobile,9533,Free,Yearly
633,Anthony Johnson,62,bdominguez@example.org,"5904 Matthew Haven, Ericburgh, KS 79950",Desktop,2962,Free,3 Month
634,Eric Brandt,62,msoto@example.org,"8405 Steele Keys Suite 562, Floresfort, CO 71360",Desktop,989,Family,Monthly
635,Emily Zhang,44,matthewbennett@example.net,"7041 Martin Via Apt. 492, Phillipside, NH 93827",Desktop,2755,Family,Monthly
636,Andrew Martinez,63,sandersjohn@example.com,"7247 Andrew Pines, North Laurenburgh, AR 03721",Tablet,774,Free,3 Month
637,Erik Lewis,61,thunter@example.com,"13996 Lamb Rue Suite 152, Christinaview, GA 65910",Desktop,5407,Premium,3 Month
638,Eric Small,44,stephaniestevenson@example.org,"8381 Scott Islands, Shellytown, OK 05031",Mobile,8056,Premium,Yearly
639,Bruce Payne,44,youngtodd@example.net,"20503 Jason Expressway Suite 998, Rodriguezmouth, MI 01383",Desktop,8476,Family,3 Month
640,David Rogers,59,george67@example.com,"326 Johnson Stream Apt. 034, Lake Jenniferbury, GU 40273",Desktop,667,Premium,3 Month
641,Sarah Tran,37,donaldclark@example.org,"USCGC Smith, FPO AE 37933",Mobile,4460,Premium,Monthly
642,Rebecca Gonzalez,44,mdavila@example.com,"053 Calvin Pike Apt. 609, Bellton, AS 54710",Tablet,7903,Premium,Monthly
643,Robert Ramirez,53,rosejulie@example.net,"USNV Robinson, FPO AE 13454",Mobile,2734,Free,Monthly
644,Richard Melton III,36,lisa24@example.com,"45968 Dominique Locks Apt. 317, New Jeremy, WA 35339",Desktop,6835,Premium,Monthly
645,Kristina Crawford,44,krichards@example.org,"461 Alvarado Islands Suite 502, South Sean, DE 52382",Desktop,3479,Free,Monthly
646,Leslie Weaver,44,hannahhill@example.net,"73734 Derek Islands Apt. 523, Wilsonmouth, MO 92271",Mobile,3871,Free,Monthly
647,Christina Haas,42,dillonphillips@example.org,"443 Vincent Turnpike, Lake James, IA 18196",Desktop,6420,Premium,3 Month
648,Jeremy Morris,50,yallen@example.net,"USS Horton, FPO AE 41249",Mobile,1434,Premium,3 Month
649,Veronica Cox,44,hsmith@example.net,"928 Susan Turnpike Suite 011, West Pamela, IN 27561",Mobile,8525,Free,Monthly
650,Dawn Johnson,44,cindyhunt@example.net,"803 Connie Islands Apt. 770, Tiffanystad, KY 41952",Tablet,7467,Free,Yearly
651,Haley Fisher DDS,51,contrerassteve@example.org,"380 Daniel Radial, Morrisside, VA 87923",Desktop,6846,Premium,3 Month
652,Christopher Hanson,42,craig91@example.net,"111 Eric Forges, East Travis, AS 57943",Mobile,282,Family,Monthly
653,Natalie Gonzalez,46,powellelizabeth@example.com,"518 Mcintosh Causeway, Port Raymond, RI 07272",Desktop,4431,Premium,Yearly
654,Jeffrey Simmons,44,philippatrick@example.org,"51705 Laura Stream Apt. 839, Hesterfort, MS 43631",Desktop,6763,Premium,Monthly
655,Audrey Cunningham,25,xjones@example.org,"Unit 5374 Box 9542, DPO AP 61060",Tablet,4742,Premium,Yearly
656,Angel Cruz,44,robertcook@example.net,"28312 Kline Coves Apt. 530, West Stephanieside, GA 47197",Desktop,7254,Free,Yearly
657,Matthew Kennedy,44,christopher74@example.net,"931 Richardson Knolls, Nancyfurt, CT 40101",Mobile,1677,Free,3 Month
658,Carolyn Young,44,jeffrey38@example.org,"79540 Cummings Field Suite 375, New Kimberly, FL 81617",Desktop,3298,Premium,Yearly
659,Megan Bryan,46,susanpotter@example.org,"60300 Taylor Rest, Nicholastown, LA 97893",Mobile,762,Family,Monthly
660,Tina Blackwell,66,scottmedina@example.org,"299 Laurie Plains Suite 996, Cruztown, MH 48565",Desktop,8161,Premium,Yearly
661,Patricia Allen,44,morrislisa@example.org,"361 Douglas Springs, Feliciaton, PR 82248",Desktop,9038,Premium,3 Month
662,Joshua Hernandez,44,walterdiaz@example.org,"08884 Peterson Harbor Apt. 282, Paulfurt, AR 20186",Desktop,957,Family,Monthly
663,Melissa Ward,28,laura12@example.org,"50419 Robert Center, East Matthewborough, HI 57612",Desktop,6466,Premium,Yearly
664,Jeremiah Henderson,53,vicki10@example.org,"USNV Bell, FPO AE 62660",Desktop,7839,Family,3 Month
665,Derek Roach,49,johnathan60@example.net,"76373 Megan Green Suite 719, West Reginafort, SC 27724",Tablet,5182,Free,Monthly
666,John Ray,42,reneesaunders@example.net,"55802 Brittany Stream, Port Danieltown, NJ 13910",Mobile,6141,Premium,Yearly
667,Gabriel Martinez,38,allenwhite@example.org,"438 Anthony Streets Suite 398, Lake Leslie, AL 60076",Desktop,3804,Premium,3 Month
668,Ryan Garcia,33,millershelly@example.com,"97392 Jesse Springs Suite 439, Bestfort, AS 41618",Mobile,2480,Premium,3 Month
669,Karen Reed,44,tammyshea@example.net,"306 Lori Green Suite 886, East Patriciashire, CT 18415",Mobile,5222,Free,Yearly
670,Christopher Wilkerson,44,yferguson@example.org,"PSC 5992, Box 8078, APO AE 50727",Desktop,5370,Family,3 Month
671,Shannon Jordan,48,hunterkelly@example.com,"395 Herman Hollow Apt. 697, South Kristin, MT 13936",Desktop,1605,Premium,3 Month
672,Angel Bentley,23,jameswatson@example.org,"20919 Cathy Curve Suite 917, South Emily, FM 70343",Tablet,8178,Family,Yearly
673,Rebecca Miller,35,christinacarroll@example.com,"945 Jeremy Neck, North Erinland, IL 38723",Desktop,596,Premium,3 Month
674,Keith Brewer,44,amymiller@example.org,"4810 James Gateway Suite 958, North Amy, DC 17273",Mobile,891,Free,Monthly
675,Laura Thompson,43,gardnermelissa@example.net,"601 Jody Greens Apt. 741, West Wendyfort, MP 39804",Mobile,8956,Premium,Yearly
676,Kelly Hughes,44,adamhobbs@example.org,"6968 Jason Hill, Nicoleville, MD 35415",Desktop,9996,Free,3 Month
677,John Morrow,44,xjohnson@example.net,"78554 Alex Walk Apt. 172, Kimside, PR 85625",Desktop,8242,Free,Monthly
678,Amanda Atkins,40,whitney22@example.org,"90882 Theresa Heights, Chaseberg, AZ 82416",Tablet,8741,Premium,Monthly
679,Brian Benjamin,44,freyjill@example.org,"554 Lori Ferry, North Patrick, KY 06697",Tablet,5691,Family,Yearly
680,Katherine Scott,44,rtorres@example.net,"084 Flores Rapids Suite 514, West James, VI 42776",Desktop,3651,Family,Monthly
681,Lauren Bond,44,caldwellmichael@example.com,"44552 Lisa Spurs Apt. 869, South Raymondview, CT 34696",Mobile,2696,Free,Yearly
682,Matthew Johnson,44,wlester@example.org,"5549 Michele Common Suite 654, Martinside, PA 01633",Desktop,3212,Family,Monthly
683,Jerry Smith,24,lauren23@example.com,"579 Scott Road Apt. 983, North Angela, FL 24819",Mobile,1553,Premium,3 Month
684,Melanie Griffin,44,monica33@example.net,"6752 Paul Station, New Robinland, ND 69017",Mobile,8913,Family,3 Month
685,Robert Barr,36,andrew30@example.org,"74782 Dylan Lock Apt. 595, Brownton, MI 35611",Mobile,8391,Premium,Monthly
686,Crystal Byrd,40,mariaconway@example.net,"2070 Jefferson Trace Apt. 145, East Brittneyberg, MD 51270",Mobile,1888,Free,Monthly
687,Lisa Anderson,65,monicaconner@example.net,"677 Phillips Unions, Franciscomouth, NJ 69807",Mobile,4077,Premium,Monthly
688,Angela Davis,36,ostone@example.org,"403 Thomas Gardens Apt. 635, Reneemouth, MO 59666",Mobile,6004,Free,Monthly
689,Brian Gutierrez,44,qrogers@example.com,"38543 Audrey Rest Suite 398, West Ronald, PA 95445",Mobile,7926,Free,3 Month
690,Peggy Jackson,44,jasonhuang@example.org,"351 Guerra Glens, Port Jasonton, WV 31038",Desktop,4910,Family,Monthly
691,Christopher Kelly,64,hpatel@example.com,"PSC 0657, Box 5965, APO AP 36439",Desktop,1148,Premium,3 Month
692,Kelly Robles,46,robert61@example.net,"9150 Foley Groves Suite 931, South Anthonyfort, NE 46822",Mobile,8135,Family,Monthly
693,Wendy Levy,61,dominique03@example.org,"697 Cohen Passage, East Jennifer, WI 24658",Desktop,3900,Family,Yearly
694,Bruce Lewis,67,jack73@example.org,"2559 Allen Land Suite 671, Lake Rebecca, RI 15282",Mobile,485,Free,Monthly
695,Robert Glass,36,sheila32@example.net,"8581 Craig Row Apt. 423, Markchester, OR 52771",Tablet,4988,Family,Yearly
696,Leon Martinez,44,ebaxter@example.com,"1829 Watson Summit, South Dannyburgh, NM 47362",Mobile,1602,Free,3 Month
697,Traci Espinoza,22,clarkmichael@example.com,"4111 Good Forge, Berghaven, FM 70235",Desktop,9957,Free,3 Month
698,Allison Ellison,31,chloe89@example.net,"1370 Olson Fork, Shortborough, MP 14863",Desktop,5046,Free,Monthly
699,Timothy Porter,43,sarah29@example.org,"48854 Vargas Courts Apt. 450, South Victoria, WY 90366",Mobile,8668,Premium,Yearly
700,William Bautista,65,hbanks@example.com,"PSC 7362, Box 8621, APO AP 26231",Desktop,6809,Free,Monthly
701,Russell Adkins,36,fsosa@example.org,"0403 Carey Rue, East Nathan, CT 82771",Desktop,4345,Family,3 Month
702,Timothy Sheppard,21,ronaldrivera@example.net,"7278 Michelle Extension, North Billyland, OH 98222",Tablet,8511,Premium,Monthly
703,Sheila Braun,38,staceywilliams@example.com,"829 Brown Station, Candacehaven, MN 41726",Desktop,2830,Free,Yearly
704,Donna Dixon,44,allisonowens@example.com,"081 Martinez Port Suite 183, Port Rogerfurt, NM 40193",Desktop,7520,Premium,Yearly
705,Beverly Allen,56,harrisrichard@example.org,"7266 Mark Hill Suite 305, Lake Vanessafort, MN 57316",Mobile,8188,Premium,Monthly
706,Jeffrey Curry,44,webervincent@example.org,"7058 Amber Turnpike, Lake Joshuastad, MD 73414",Desktop,629,Premium,3 Month
707,Timothy Collins,67,hillchristopher@example.net,"906 Hudson Islands, Ginaside, MI 91848",Desktop,605,Free,3 Month
708,Kimberly Lee,44,uray@example.org,"111 Cooper Mission Apt. 989, Joseside, KY 78583",Desktop,2544,Family,3 Month
709,Kristen Stewart,50,marcuswyatt@example.net,"042 Johnston Manors, West Christopher, MA 65136",Tablet,5715,Premium,Monthly
710,William Castro,44,perkinswilliam@example.com,"53650 Nicole Village Apt. 309, Nathanielstad, MO 28696",Tablet,3264,Premium,Yearly
711,Antonio Mullen,33,longarthur@example.net,"13663 Edwards Drive, Port David, TX 77635",Mobile,5027,Free,Monthly
712,Alexander Robinson,44,grayerik@example.net,"41575 Carol Square, Kristineport, NY 55075",Mobile,9515,Premium,3 Month
713,Rebecca Atkinson,44,andersenernest@example.net,"201 Wyatt Landing, Deannaside, CA 32870",Desktop,2282,Premium,Yearly
714,Jose Reed,44,susan37@example.com,"3247 Merritt Bridge, Masonburgh, ME 39905",Mobile,1286,Family,Monthly
715,Steve Ryan,34,gatesjeremy@example.org,"679 Glass Via Suite 906, Laurenberg, NM 69622",Mobile,7629,Free,3 Month
716,Mark Scott,44,calvinhall@example.org,"5536 Fisher Brook, Jesusview, AL 19319",Tablet,9648,Premium,Yearly
717,Laurie Nelson,55,heather01@example.org,"666 Rachel Plains, Port Walter, SD 70196",Mobile,9729,Premium,Yearly
718,Valerie Stone,57,markbell@example.org,"1473 Hodges Flat Apt. 205, Nathanmouth, AR 04827",Mobile,5094,Family,Monthly
719,Lindsey Bridges,44,manuelatkins@example.com,"9986 Wood Port, Maryville, OR 20568",Tablet,5621,Premium,3 Month
720,Tiffany Leon,64,brenda02@example.org,"39069 Jason Mall, New Georgeshire, WY 48901",Desktop,4130,Premium,Yearly
721,Justin Miller,22,owensemma@example.org,"8128 Chad Ports, Greenemouth, FL 51275",Mobile,9836,Premium,3 Month
722,Connor Scott,25,zodonnell@example.net,"7959 Samantha Shoals, Port Scottton, SC 93355",Mobile,6686,Premium,3 Month
723,Kristy Wong,44,richard84@example.org,"6820 Joseph Glen, Christybury, TN 50438",Mobile,2255,Free,Monthly
724,Jodi Valentine,60,jamesburke@example.com,"5248 Bryan Ranch Apt. 474, Valenciaport, MH 13216",Tablet,8540,Premium,3 Month
725,Bonnie Lewis,24,stacywoods@example.com,"51581 John Rue Apt. 041, South Richard, MH 99511",Desktop,7841,Free,3 Month
726,Nathan Meza,63,cruzjeffrey@example.org,"553 Grace Throughway, Johnsonburgh, UT 42114",Desktop,5085,Family,3 Month
727,Bobby Reese,44,rickeytyler@example.org,"54267 Anderson Hollow Suite 232, Wayneshire, HI 08455",Desktop,8530,Premium,Yearly
728,Tina Jackson,18,speters@example.org,"9796 Jeffrey Roads Apt. 008, Jeffreyfurt, AL 83922",Tablet,5284,Premium,Monthly
729,Amanda Hudson,44,lindsay76@example.net,"533 Amy Curve Suite 943, North Gregory, IA 14512",Desktop,9838,Premium,Monthly
730,Philip Daniel,63,javierdavis@example.org,"5542 Martin Square Apt. 875, North Bryce, PR 03688",Mobile,1869,Free,Monthly
731,Jamie Hunter,44,zhanglaura@example.com,"5616 Michelle Place, Caldwellmouth, LA 29015",Mobile,1370,Premium,3 Month
732,Nicole Rodriguez,29,stephensimmons@example.com,"0475 Kelly Meadows Apt. 940, Christophershire, NM 58762",Mobile,3366,Free,Yearly
733,Patricia Weber,51,ymurray@example.com,"27380 David Summit Suite 129, Port Iantown, MT 62995",Mobile,6237,Premium,3 Month
734,Paul Tucker,41,edwardsnicolas@example.com,"8038 Harold Coves Suite 234, East Josephmouth, MO 80300",Tablet,6371,Premium,Yearly
735,Keith Hicks,44,brandonmontoya@example.net,"316 Mendoza Pine, Markshire, DC 87471",Desktop,7387,Family,Yearly
736,Luke White,44,aburton@example.org,"160 Jonathan Stream, North Emmaside, MH 25252",Tablet,131,Family,Yearly
737,Julie Willis,44,reesejason@example.org,"96794 Munoz Field Apt. 900, West Davidland, MO 22734",Tablet,2447,Free,Monthly
738,Kristin Rodriguez,44,mitchellhannah@example.net,"0800 Richardson Grove, Brianside, MT 88087",Desktop,2011,Premium,3 Month
739,Ethan Holland,48,smithnicole@example.org,"PSC 1025, Box 6680, APO AE 72749",Desktop,3122,Premium,3 Month
740,Daniel Spencer,56,michael63@example.com,"247 Alicia Union Suite 383, Lake Jamesville, PR 02805",Mobile,4694,Premium,Monthly
741,Andres Peterson,66,mossjennifer@example.net,"15577 Johnson Prairie Apt. 436, North Gregory, WA 73670",Desktop,9870,Family,Yearly
742,Curtis Whitaker,21,tyler40@example.com,"4208 Johnson Parkway, Lake Christinashire, VA 73679",Mobile,2350,Premium,Yearly
743,Brandon Powers,39,david31@example.org,"392 Jackson Expressway Suite 289, South Dillonborough, DE 27572",Mobile,8292,Premium,3 Month
744,Lisa Burnett,38,preyes@example.org,"426 Travis Dam, East Danaberg, AL 20623",Mobile,5076,Premium,Yearly
745,Laura Berg,38,vargascarolyn@example.org,"440 Jay Hill, New Jeff, IN 33350",Tablet,4188,Premium,3 Month
746,Shane Miller,57,johnathanjones@example.org,"91995 Douglas Spring Suite 916, Lake Edwardstad, SC 89442",Mobile,7660,Premium,Monthly
747,Debbie Colon,46,lauren90@example.net,"35527 Jackson Junctions, Rogersstad, MN 30649",Mobile,6880,Family,Yearly
748,Jennifer Bryant,70,ejohnson@example.net,"93048 Hughes Viaduct, Jessicastad, AR 79140",Desktop,8981,Premium,Monthly
749,Brandon Joseph,22,msanchez@example.org,"3761 Mora Via Apt. 682, Dianashire, FL 89151",Mobile,6945,Premium,Yearly
750,Lisa Nelson,44,carsonjillian@example.com,"38969 Burgess Brooks Suite 112, Lake Aprilview, OH 04790",Desktop,2099,Family,Yearly
751,Megan Riley,44,billy05@example.net,"250 Rosales Well, New Ellen, NV 27244",Desktop,4694,Premium,Monthly
752,Andrea Schwartz,44,steven14@example.net,"54515 Michael Junctions Apt. 624, West Tiffanyburgh, AS 26252",Mobile,4006,Premium,Yearly
753,Victor Rodriguez,51,melissa33@example.net,"978 Hawkins Branch Apt. 175, Hollandton, AK 69824",Desktop,5125,Premium,Monthly
754,Ana Smith,44,ramirezkaren@example.net,"992 Leblanc Ridges Suite 287, Robinsonport, WI 38372",Desktop,7850,Premium,Yearly
755,Samantha Mitchell,44,myerscarl@example.net,"525 Rachel Expressway Apt. 349, West Markberg, NE 04576",Desktop,1960,Premium,3 Month
756,Elizabeth Boone,44,amy38@example.com,"15840 Kramer Meadows Suite 858, North Patrick, NY 53649",Tablet,8772,Premium,Monthly
757,Sandra Davis,44,roberttate@example.com,"02173 Kimberly Shore Suite 344, West April, MA 86351",Mobile,1391,Premium,Monthly
758,Kimberly Wolfe,44,charlesjones@example.com,"8942 Cuevas Forks, Hogantown, NV 44793",Desktop,3466,Premium,Yearly
759,Paul Smith,44,sharon06@example.org,"190 Anthony Greens, Jenniferburgh, HI 02474",Mobile,4496,Premium,Monthly
760,Kimberly Lee,18,lopeztodd@example.org,"3423 Brown Route Apt. 402, Hullmouth, CA 39537",Tablet,9709,Premium,Monthly
761,Timothy Phillips,37,vincentwilson@example.com,"USNS Santiago, FPO AE 12352",Tablet,6815,Premium,3 Month
762,Kenneth Mason,18,tracey15@example.net,"3911 Turner Falls, Charlesfort, IN 30244",Mobile,2152,Free,3 Month
763,Misty Thompson,44,jason80@example.net,"84240 Paul Alley Apt. 217, Danieltown, MS 11108",Desktop,4879,Free,Yearly
764,April Perez,70,corycastillo@example.net,"0781 Reilly Branch Suite 525, Robinsonchester, NH 31563",Mobile,8547,Free,3 Month
765,Joseph Bush,54,dschwartz@example.com,"Unit 3105 Box 7604, DPO AA 98964",Desktop,9386,Premium,Yearly
766,Erin Pacheco,33,sarah79@example.com,"674 Alicia Point, South Tina, PR 71124",Desktop,7468,Family,Yearly
767,James Duffy,58,jefferyhorton@example.org,"90400 Christine Canyon Apt. 780, Lifurt, DE 38126",Desktop,6258,Premium,Yearly
768,Amanda Brady,20,edaniel@example.com,"241 Krystal Burg Suite 505, New Matthewchester, MN 83848",Desktop,7512,Free,Yearly
769,Ashley Silva,42,billy47@example.com,"4610 Bryant Loaf, Williamsonshire, SD 99364",Desktop,3473,Family,Yearly
770,Tiffany Merritt,46,jrogers@example.net,"8013 Nicole Knoll Suite 285, South Maryview, WY 90038",Mobile,1688,Family,Yearly
771,Christine Bates,44,phillipsstephanie@example.net,"899 Smith Branch Suite 850, Christophertown, GU 65199",Desktop,3276,Premium,Monthly
772,Clayton Mason,54,gilbertdawn@example.com,"83359 Julie Vista, South Lynnfort, PW 16374",Desktop,1386,Free,Monthly
773,Aaron Clark,44,matthew26@example.org,"55732 Christopher Light, Justinfurt, NJ 92335",Desktop,2574,Premium,3 Month
774,Amber Watson,44,dawndeleon@example.com,"512 Rachel Cliffs, Tracyfort, VI 42705",Tablet,6911,Family,3 Month
775,Jacqueline Schaefer,44,moorekatherine@example.net,"PSC 9542, Box 4617, APO AE 53419",Mobile,3203,Premium,Monthly
776,Meredith Lewis,44,harrisonjessica@example.org,"42515 Jerry Shoals, Brianfort, MP 21026",Mobile,2332,Premium,Monthly
777,Pamela Williams,44,dawn11@example.com,"PSC 5770, Box 2332, APO AP 94300",Desktop,3889,Free,Monthly
778,Steven Green,44,timothywells@example.com,"534 Chavez Island Apt. 274, Port Ashley, NJ 94060",Mobile,7520,Premium,Yearly
779,Morgan Jones,39,hamiltonevan@example.org,"2213 Austin Summit Apt. 753, Bryanberg, ME 17320",Mobile,5972,Premium,Yearly
780,Patrick Williams,52,fuentesrenee@example.com,"12893 Frank Well Apt. 702, North Kim, WA 72557",Mobile,2042,Family,Yearly
781,Vanessa Fisher,44,stephanie40@example.net,"97066 Rodriguez Fords Apt. 315, South Harry, AR 53650",Desktop,5170,Premium,3 Month
782,Barbara Bishop,44,achung@example.org,"77260 Flowers Skyway, Ryanton, PW 51008",Mobile,8738,Premium,3 Month
783,Joseph Hopkins,58,gary34@example.com,"63668 Moreno Crescent Suite 821, Lake Patrickstad, NH 21479",Desktop,4074,Family,Yearly
784,Stephen Ward,44,carolvelazquez@example.net,"323 Reilly Views Suite 426, East Arthurborough, OK 39707",Desktop,2440,Premium,Monthly
785,Michael Pierce,58,andrea66@example.com,"1728 Vargas Burg, Jeanetteside, FM 46104",Mobile,7506,Free,Monthly
786,Tony Jordan,40,adam26@example.org,"572 Atkins Gateway, South Erika, GA 57844",Mobile,2301,Free,Yearly
787,Yvonne Rodriguez,44,kylenelson@example.net,"03239 Kimberly Mall, Bradleyland, PR 65531",Desktop,187,Premium,Yearly
788,Timothy Little,34,allentonya@example.net,"Unit 3878 Box 3254, DPO AP 73386",Desktop,9730,Premium,Yearly
789,Amber Jackson,38,jeremy13@example.com,"00436 Brown Locks, North Kristenside, ND 27768",Desktop,4815,Premium,Yearly
790,Phillip Doyle,56,sarah07@example.net,"432 Nicholas Light, Robinsonshire, DC 41830",Tablet,6872,Free,Monthly
791,Roberto Stephens,25,lmaynard@example.com,"516 Ramos Turnpike, Matthewshire, NY 79534",Desktop,5142,Premium,3 Month
792,Angela Newman,59,brittanynielsen@example.com,"973 Michael Heights, Anneburgh, AR 13823",Mobile,269,Premium,3 Month
793,Alex Mcintosh,44,qboyd@example.org,"473 Joshua Stravenue, Bradleytown, AK 51402",Mobile,5896,Free,3 Month
794,Kelly Stuart,19,tchase@example.net,"10176 Watson Extension Suite 427, Port Kristin, CO 52727",Tablet,5804,Premium,3 Month
795,Jennifer Rodriguez,56,toddhall@example.com,"828 Bryan Center, South Corey, HI 04885",Desktop,7266,Free,3 Month
796,William Jones,44,millerstephanie@example.com,"422 Davis Inlet Apt. 861, West Johnnymouth, OH 04076",Mobile,9123,Premium,Monthly
797,Kelly Jackson,26,costaashley@example.net,"975 Joshua Forge Suite 231, Arroyoside, MA 29015",Mobile,6835,Family,3 Month
798,Jason Adams,52,millerjohn@example.org,"7757 Baker Fork Apt. 492, Richardport, TX 82150",Mobile,3953,Premium,Yearly
799,Christopher Silva,46,mhansen@example.net,"5513 Tyler Expressway Suite 094, Lake John, UT 71605",Mobile,1437,Free,Yearly
800,Rita Peterson,44,astephens@example.net,"471 Brandt Lock Suite 104, Carriechester, NJ 97726",Mobile,9298,Premium,3 Month
801,Aaron Garner,26,benitezjoshua@example.net,"PSC 7103, Box 0077, APO AA 38211",Tablet,7751,Premium,Yearly
802,Todd Hubbard,44,matthew42@example.com,"031 Medina Villages, Andreport, MN 07721",Tablet,2871,Family,Yearly
803,Richard Kerr DDS,44,lindagilbert@example.org,"2426 Rangel Lights, Savagestad, NM 59415",Mobile,3865,Free,Monthly
804,Maria Gilbert,44,hallmelissa@example.net,"722 Jones Meadow Apt. 244, Tammystad, ID 65542",Desktop,3358,Premium,Monthly
805,Abigail Dixon DVM,20,thomashansen@example.org,"9960 Sara Causeway Apt. 478, Heathertown, MH 09938",Desktop,448,Premium,Yearly
806,Michelle Luna,50,evanspatricia@example.com,"916 Elizabeth Isle, Martineztown, OK 94862",Mobile,7885,Premium,Yearly
807,Gabrielle Hill,31,douglasmercer@example.net,"99541 Dixon Mews Apt. 771, Chavezshire, OH 40539",Tablet,1230,Free,Yearly
808,Joshua Swanson,36,pcherry@example.org,"439 Brian River, Lake Morgan, MS 35429",Tablet,7182,Premium,Yearly
809,Christopher Owens,44,dylan49@example.com,"Unit 8049 Box 5480, DPO AP 96471",Mobile,9297,Premium,Yearly
810,Gary Cooper,35,christinaperez@example.net,"Unit 8866 Box 0006, DPO AA 29070",Desktop,8641,Family,Monthly
811,Alex Ramirez,64,henry62@example.net,"084 Jason Rue, Bellfort, OR 10740",Desktop,7972,Free,Yearly
812,James Scott,44,leroydavis@example.net,"2191 Crystal Dale Suite 618, Graystad, SC 86996",Tablet,3596,Free,3 Month
813,Jonathan Cruz,44,michael56@example.org,"70338 Ortega Summit, New Derrick, IN 85837",Mobile,7825,Free,Monthly
814,Tyler Richardson,69,jwoods@example.com,"83387 Russo Stravenue, Port Randy, IN 44757",Tablet,3623,Premium,3 Month
815,Robert Boyer,70,sherylwarren@example.net,"064 Barnes Locks, New Jasonview, PR 89991",Desktop,326,Premium,3 Month
816,Lindsey Ramirez,44,andrew45@example.org,"Unit 6732 Box 6559, DPO AA 10569",Mobile,7971,Premium,3 Month
817,Peter Baird,66,briancarter@example.com,"8276 Mccoy Village, Benderside, DE 28902",Desktop,5079,Premium,3 Month
818,Adam Brooks,50,meredithrobinson@example.org,"432 Kim Streets, Port Shane, NY 62214",Desktop,227,Premium,Monthly
819,Erica Watson,44,garzaandrew@example.com,"47953 Hill Trail Apt. 008, Brittanyville, OH 88517",Desktop,337,Free,Monthly
820,Joshua Mcdonald,44,duanecampbell@example.com,"355 Sabrina Stravenue Suite 654, Nelsontown, AK 71503",Desktop,6558,Family,Monthly
821,Deanna Wheeler,44,jeanette93@example.org,"1325 Zoe Roads, New Emily, MP 30706",Mobile,1608,Premium,Yearly
822,Stephanie Mercado,44,transtephanie@example.org,"PSC 5648, Box 3931, APO AE 58395",Mobile,8520,Family,3 Month
823,Richard Carter,44,robert49@example.net,"USS Evans, FPO AE 90338",Mobile,3092,Premium,3 Month
824,Jason Carter,30,rangelpatricia@example.org,"19349 Wesley Trafficway Suite 154, East Brittanyburgh, WI 59362",Tablet,6097,Family,Yearly
825,Elizabeth Kidd,31,bradleyamanda@example.org,"336 Melissa Path Apt. 049, Suzannestad, PA 73932",Tablet,534,Premium,Monthly
826,Roy Chan,56,veronica58@example.org,"3885 Anderson Trace Suite 863, Stephaniefort, CO 16019",Desktop,4628,Free,3 Month
827,Erica Mullen,44,steven07@example.org,"03430 Timothy Via Suite 012, East Erinberg, WI 38253",Mobile,2193,Premium,Yearly
828,Brittany Farley,27,paul58@example.org,"2329 Kristi Glens, Jessicafurt, RI 29623",Tablet,2572,Family,Monthly
829,Elizabeth Long,62,robertsoncaleb@example.net,"744 Kenneth Crest, West Timothyview, NE 77448",Mobile,6676,Family,Yearly
830,Clinton Porter,46,mallen@example.net,"378 Morrow Estate Apt. 221, Forbeshaven, CA 55581",Tablet,6643,Family,Monthly
831,James Williams,66,adamsjennifer@example.com,"6631 Phillip Rue, Michaelfurt, DC 45159",Desktop,1557,Premium,Yearly
832,David Stone,44,Not Provided,"30039 Ramos Underpass, Rodriguezfurt, MT 03841",Mobile,9555,Free,3 Month
833,Pamela Butler,44,joygonzalez@example.org,"3006 Mary Creek Suite 385, Bowersshire, SC 99851",Desktop,5168,Family,3 Month
834,Toni Hancock,44,michael68@example.net,"2354 Richards Row Apt. 294, East Kerri, NM 35815",Mobile,8396,Family,Monthly
835,Kenneth Larsen,44,mooregeorge@example.net,"PSC 1531, Box 4518, APO AE 94546",Desktop,2028,Free,Yearly
836,Kelly Griffith,44,garzafrank@example.net,"226 Anne Heights Suite 222, Port Jennytown, AS 03959",Desktop,5376,Premium,3 Month
837,Gabriel Trujillo,23,denise26@example.net,"757 Herrera Falls, South Edwardberg, TX 20972",Tablet,5780,Premium,Yearly
838,Mark Howell,44,smithmaria@example.com,"17751 Sweeney Corners, Jamesview, PR 23822",Mobile,7981,Free,3 Month
839,Leslie West,44,melissa19@example.com,"159 Smith Pine, Walkerland, IA 14816",Mobile,5678,Premium,3 Month
840,Michael Roth,44,codyerickson@example.com,"834 Logan Hill Apt. 242, Port Kelly, ID 73794",Desktop,8246,Premium,3 Month
841,Sabrina Medina,22,courtneyhines@example.com,"42168 Travis Lock, Gibbsshire, ME 17007",Mobile,5776,Family,Yearly
842,Danielle Bowman,69,seanraymond@example.org,"PSC 3838, Box 8288, APO AP 94344",Desktop,8040,Premium,Yearly
843,Stacy Woods,44,jmccarty@example.org,"08790 Carlos Garden, Port Paul, NE 56457",Mobile,1887,Free,Monthly
844,Jacob Sullivan,62,julianyoder@example.org,"120 Schaefer Cliffs, Jamesborough, HI 85980",Desktop,2052,Family,Yearly
845,Vernon Richardson,44,jenniferperez@example.net,"749 Flores Villages, Lake Cindymouth, MI 98121",Mobile,8849,Premium,Yearly
846,Christine Williams,64,williamaustin@example.net,"78563 Mora Cape, Jessicaland, OK 60248",Desktop,3830,Premium,3 Month
847,Brittney Garcia,25,cdavis@example.net,"Unit 1009 Box 1816, DPO AE 51283",Tablet,6657,Family,Yearly
848,Caleb Strong,44,antonio15@example.org,"75452 Justin Cliffs, Doyleborough, CT 19329",Mobile,286,Free,3 Month
849,Jeffrey Reeves,44,andersonkimberly@example.net,"465 Juan Plaza, East Ericmouth, MA 24812",Mobile,1591,Premium,Monthly
850,Robert Smith,44,rhall@example.org,"71832 Loretta Drive Apt. 685, East Garyview, GU 67025",Mobile,6358,Free,3 Month
851,Debra Douglas,28,monicajenkins@example.net,"1741 Lopez Parkways, Jonathanmouth, VA 63599",Desktop,5425,Premium,3 Month
852,Jody Harrell,44,sarah78@example.com,"7900 Amanda Shoal, Lake Carlamouth, NJ 23731",Mobile,9495,Premium,Yearly
853,David Mullins,66,josephpugh@example.net,"07238 Stephen Locks, Port Spencerton, MI 92689",Desktop,8201,Free,3 Month
854,Jennifer King,61,david04@example.com,"500 Kristen Groves Suite 974, West Sarahside, SC 99687",Desktop,9804,Premium,Monthly
855,Steven Dodson,59,tdavenport@example.org,"87477 Elizabeth Port Suite 134, Justinville, NM 13170",Mobile,8576,Free,Yearly
856,John Smith,58,ray43@example.org,"525 Jackson Point Suite 998, Ramirezburgh, HI 28271",Desktop,9833,Premium,Monthly
857,Mark Becker,44,daniel16@example.org,"157 Chen Turnpike Apt. 871, Robinton, VA 06935",Mobile,977,Premium,Monthly
858,Elizabeth Smith,54,bmaddox@example.com,"47177 Sims Oval, Port Michaelmouth, NY 86702",Mobile,5689,Free,Yearly
859,Benjamin Potter,44,huangfrederick@example.net,"80532 Davis Alley, East Christopher, UT 81803",Desktop,2000,Premium,3 Month
860,Kevin Parker,44,parkermichael@example.net,"082 Kathleen Club, West Cheryl, AL 66805",Desktop,1792,Family,Yearly
861,Linda Murphy,47,melissa43@example.net,"Unit 4171 Box 1573, DPO AA 06286",Tablet,3475,Free,Yearly
862,John Colon,59,wilsonjulie@example.com,"08451 Chelsea Spurs, South Erica, MD 77550",Desktop,2225,Premium,Monthly
863,Christopher Zamora,44,blakeamy@example.com,"10648 John Turnpike, East Angelaland, IL 99399",Desktop,6426,Free,Monthly
864,Eric Johnson,69,andreafitzpatrick@example.com,"531 Ashley Mission Apt. 337, Josephview, NV 75385",Mobile,4500,Family,3 Month
865,Kyle Lindsey,44,kathrynhammond@example.net,"316 Sosa Square Suite 748, Bowenfort, AR 56160",Tablet,1512,Free,Yearly
866,Ashley Heath,44,kurt12@example.org,"159 Glenn Passage, Jamesfort, VI 22426",Desktop,1247,Family,3 Month
867,Alejandro Morgan,46,mackenziehawkins@example.net,"9513 Lance Forks, Myersstad, AL 21913",Tablet,9006,Premium,Monthly
868,Brian Goodwin,22,paul44@example.com,"04876 Chambers Plains Apt. 257, Jasonberg, NY 64380",Mobile,3457,Premium,3 Month
869,Nicholas Daniel,33,abrown@example.net,"84155 White Corner, South Jonathanburgh, SC 72545",Tablet,1128,Premium,Yearly
871,Kenneth Klein,59,kimberlybaker@example.com,"4405 Jamie Terrace, Chaneyfort, MA 69057",Desktop,2237,Premium,3 Month
872,Stephen Jones,44,utaylor@example.net,"PSC 7279, Box 5665, APO AP 39725",Desktop,7029,Family,Monthly
873,Aaron Baker,31,patrickdavis@example.com,"80746 Ross Street, Kristenborough, VI 28422",Desktop,6181,Premium,Monthly
874,Vanessa Gilbert,44,brownemily@example.org,"Unit 5237 Box 4026, DPO AE 89600",Desktop,9826,Family,Yearly
875,Scott Huang,44,duranricky@example.net,"17939 Leblanc Hollow, West Randall, NE 72433",Desktop,8949,Premium,Monthly
876,Christopher Hamilton,44,cynthianichols@example.org,"6351 Adams Drives Suite 278, New Kathleen, WY 08314",Desktop,4925,Family,Monthly
877,Christopher Smith,47,jonathancurtis@example.net,"24209 Megan Harbors Apt. 332, Lake Catherinefurt, ID 89457",Desktop,9908,Family,3 Month
878,Mike Wilkerson,44,pamelaforbes@example.org,"69601 Brittany Circle Suite 769, Howardport, WA 56365",Mobile,6382,Family,Monthly
879,Kimberly Kennedy,44,lopezmaria@example.net,"24241 Flowers Crescent Apt. 776, East Kennethbury, WI 80810",Desktop,3579,Premium,Monthly
880,Amanda Norman,44,pjohnson@example.net,"4648 Victoria Route, South Joseph, WA 40906",Mobile,1731,Family,Yearly
881,Kimberly Rosales,45,sandragonzalez@example.com,"9902 James Spurs, North Courtneyhaven, NC 96184",Desktop,8709,Free,Yearly
882,Edward Pierce,21,davidsonthomas@example.com,"67521 Robert Village Apt. 841, East Jamesmouth, NY 88986",Mobile,3526,Premium,Monthly
883,Angela Clayton,55,donna65@example.com,"43344 Vance Plaza, South Williamtown, KY 27435",Desktop,9469,Premium,Yearly
884,Philip Davidson,45,yorkryan@example.org,"711 Thomas Alley Apt. 253, Mendezland, ND 92949",Desktop,2742,Premium,3 Month
885,Alexander Gray,51,sloanjennifer@example.net,"72792 David Mills, Aprilville, ND 51851",Desktop,3029,Premium,3 Month
886,Samantha Knight,44,swashington@example.com,"4530 Byrd Valley Suite 295, South Courtneyland, DC 87965",Mobile,7550,Premium,Yearly
887,Kelly Jackson,44,zdouglas@example.net,"682 Brooks Lights, New Michaelhaven, AS 86223",Tablet,6446,Free,3 Month
888,Jennifer Thompson,62,martinfox@example.org,"PSC 1302, Box 9613, APO AE 64643",Mobile,8587,Family,3 Month
889,Brenda Webster,44,tracycannon@example.net,"Unit 7032 Box 4819, DPO AE 39612",Mobile,7307,Premium,3 Month
890,Brent Gray,44,michael33@example.org,"8314 Hughes Wall Suite 632, Millerberg, AK 17546",Mobile,1274,Free,3 Month
891,Earl Bell,21,agarner@example.net,"40164 Hart Alley, New Johnny, CO 69730",Desktop,9198,Premium,Monthly
892,Melissa Brooks,63,gabriela56@example.org,"0090 Edward Turnpike Suite 930, Josephstad, AR 06122",Mobile,8522,Premium,Yearly
893,Gabrielle Davila,44,nsnow@example.com,"3991 Timothy Knolls, East Thomaschester, KY 09123",Mobile,7767,Premium,3 Month
894,Jose Thomas,28,batesdeanna@example.com,"184 Janice Trail Suite 315, North Alison, TX 84498",Tablet,3250,Family,Yearly
895,Kimberly Martin,44,melissa20@example.org,"327 Gregory Crescent, Lake Christopher, CT 74927",Mobile,6148,Premium,Monthly
896,Jason Aguilar,67,cward@example.org,"6612 Drake Common, Danielhaven, NV 50452",Desktop,2346,Premium,Monthly
897,Ryan Cochran,44,ginapatton@example.com,"148 Gardner Rapids Apt. 134, Kevinfort, DE 17641",Desktop,7638,Free,Yearly
898,Tiffany Manning,58,christinasmith@example.com,"26115 Norris Creek, New Veronica, OK 79965",Desktop,7093,Family,3 Month
899,Benjamin Wells,49,michael56@example.com,"12960 Christensen Mountain Suite 471, North Linda, GA 64776",Tablet,3930,Family,Monthly
900,Lisa Wilson,44,ruthgomez@example.net,"876 Moore Club Suite 137, East Debraborough, CO 94607",Tablet,5490,Family,Monthly
901,Corey Edwards,44,ymccann@example.org,"5379 Jason Shoal Apt. 796, Bradleymouth, PR 46029",Desktop,9478,Premium,Yearly
902,Steven Williams,68,csmith@example.net,"9804 Hood Inlet, Allenmouth, VI 75786",Mobile,4045,Free,3 Month
903,Amber Oliver,53,corynguyen@example.org,"65486 Phillips Rapids Apt. 580, South Dylan, MI 30987",Desktop,941,Premium,Monthly
904,Brianna Moore,58,audrey18@example.org,"36676 Williams Circles Apt. 693, Jonesstad, NV 76613",Mobile,9104,Premium,3 Month
905,Abigail Jacobs,48,zgarcia@example.org,"948 Robinson Tunnel, Robinsonborough, TX 57661",Mobile,1633,Free,3 Month
906,Rebecca Campos,44,dmiller@example.net,"686 Turner Crest, Amandamouth, AZ 48829",Tablet,8894,Family,Yearly
907,Gary Rodriguez,70,craigrogers@example.org,"7717 Brown Roads, East Angela, NH 11811",Tablet,5214,Free,Yearly
908,Brad Woods,44,michaelclark@example.com,"35562 Johnson Inlet Suite 030, Lake Anthonyland, IN 86942",Tablet,4672,Family,3 Month
909,Sarah Wood,44,derek24@example.com,"44850 Valenzuela Lodge, Port Karenside, WI 35975",Tablet,507,Family,Monthly
910,Matthew Padilla,44,brianna66@example.com,"71035 Calhoun Locks, Sabrinaport, IA 94049",Desktop,331,Family,Monthly
911,Ryan Kelly,64,fieldschristina@example.net,"7165 Simmons Hollow Apt. 719, North Gregoryview, WY 40997",Mobile,975,Premium,Monthly
912,Christopher Baldwin,45,gli@example.org,"553 Taylor Vista Apt. 321, West Billystad, NH 35383",Tablet,9887,Premium,Yearly
913,Lori Brown,22,john51@example.net,"3381 Hernandez Estate, West Heather, KS 86729",Tablet,2430,Premium,Yearly
914,Kristen Zhang,44,velezmark@example.org,"44358 Patterson Wall Apt. 608, East Robertchester, PW 75902",Mobile,5167,Premium,3 Month
915,Latasha Scott,44,bhicks@example.org,"075 May Light Suite 446, Phyllistown, WI 86511",Tablet,7690,Premium,3 Month
916,Stephanie Atkinson,44,brittany66@example.org,"660 Jaime Parks, South Judith, MN 67198",Tablet,1160,Premium,3 Month
917,Samantha Williams,68,dustinallen@example.com,"USNS Nelson, FPO AP 48239",Desktop,3768,Free,3 Month
918,Michael Perry,44,heather90@example.org,"259 Hodge Pine, Jennaport, OK 40807",Desktop,6763,Family,Monthly
919,Krista Haas,62,morasusan@example.net,"0398 Donald Locks Apt. 122, Lake Andreaton, ID 59847",Mobile,4382,Premium,Monthly
920,Kathy Morrison,40,fhebert@example.net,"020 Gonzalez Row, Vaughanport, OH 06551",Desktop,8705,Premium,Yearly
921,Catherine Edwards,44,coreypennington@example.com,"85624 Matthew Canyon, East Aprilborough, NC 53583",Mobile,6769,Premium,Monthly
922,Krystal Olson,36,rhoward@example.com,"827 Cory Stream Suite 687, Hillville, MH 98483",Mobile,8364,Free,Yearly
923,Joseph Matthews,32,mlucas@example.com,"864 Hebert Crest Apt. 415, Murrayborough, HI 38812",Mobile,4635,Family,3 Month
924,Nicole Washington,44,barry14@example.com,"973 Elizabeth Hill, New Anna, PW 88309",Tablet,5615,Family,Monthly
925,Diana Richmond,44,schmittjeffery@example.org,"507 Douglas Way Suite 799, Sandovalport, PR 82805",Mobile,8481,Premium,Monthly
926,Candice Smith,44,kbradshaw@example.org,"144 Hoffman Turnpike, Wilsonland, IN 21146",Mobile,7282,Free,Yearly
927,Jonathon Floyd,30,jillbowers@example.net,"769 Lopez Hills Apt. 405, North Holly, MN 19356",Tablet,5839,Free,Monthly
928,April Ramos,45,lambdebra@example.net,"510 Mcfarland Avenue Suite 487, Woodhaven, NC 89511",Tablet,847,Premium,3 Month
929,Kevin Fleming,44,adkinsjulie@example.com,"4910 David Isle, Port Tammy, NV 93649",Mobile,3824,Free,Monthly
930,Leah Francis,30,banksmichelle@example.com,"545 Morales Viaduct, Lake Timothyborough, FM 93091",Mobile,6202,Premium,3 Month
931,Matthew Roberson,65,donaldhenderson@example.org,"168 Horton Ports, South Jessicachester, ME 71103",Desktop,3473,Premium,3 Month
932,Tina Russo,44,craig29@example.com,"52212 Amy Via, West Jasonport, VA 97636",Mobile,5185,Premium,3 Month
933,Katherine Moore,44,ericadavis@example.org,"271 Rebekah Pass Apt. 936, Lake Leah, DC 57322",Desktop,3246,Family,Yearly
934,Russell Underwood,44,susanwatson@example.net,"147 Chen Manors Apt. 813, Lake Debrahaven, OK 91234",Tablet,6037,Premium,3 Month
935,Robert Collins,44,awhite@example.org,"9678 Salazar Springs Suite 578, New Kevin, DC 73460",Mobile,3581,Premium,3 Month
936,Lauren Jacobs,44,poolekelly@example.org,"00152 Vega Walk, West Kayla, GU 06280",Mobile,6415,Premium,Monthly
937,Cody Brown,41,kylejohnson@example.org,"189 Smith Village, Tylermouth, UT 28199",Desktop,6013,Free,Yearly
938,James Gutierrez,68,leonarddoyle@example.net,"16484 English Corners Apt. 332, Cainstad, MO 36185",Mobile,2329,Premium,3 Month
939,Brian Walsh,20,victorlyons@example.com,"57363 Spencer Heights Suite 179, Ericaburgh, AR 30985",Desktop,4914,Family,Yearly
940,Joshua Hansen,34,Not Provided,"6694 Johnson Mountains, South Gregory, NC 97933",Mobile,4657,Free,3 Month
941,Gina Petersen,44,iedwards@example.org,"661 Eric Road Apt. 543, New Kellyland, PW 21265",Mobile,9995,Premium,3 Month
942,Dawn Wagner,33,jennifer20@example.com,"094 Diana Street, Pamelabury, GU 35272",Desktop,6430,Family,Yearly
943,Michelle Baker,31,christineyoung@example.org,"Unit 8560 Box 7909, DPO AA 17946",Mobile,6077,Family,Monthly
944,Eric White,44,dblankenship@example.com,"439 Jesse Court, Natashafort, IA 53778",Mobile,6702,Family,3 Month
945,Scott Larsen,25,gailstone@example.org,"2482 Smith Harbor Suite 701, Leestad, MD 48593",Tablet,1988,Premium,3 Month
946,Brett Jimenez,44,ashley24@example.org,"290 Bradley Meadow, West Sierraville, PW 92782",Desktop,3402,Premium,3 Month
947,Jordan Harris DVM,30,amiranda@example.net,"8719 Grant Road Suite 087, West Dianaberg, VT 78945",Mobile,5222,Premium,Yearly
948,Michael Guerra,27,jimmy14@example.org,"626 Cortez Throughway, Jordanstad, MN 92038",Desktop,9542,Free,Monthly
949,Tiffany Newman,44,mooredaniel@example.com,"7070 Felicia Forest, Beckville, OR 73157",Mobile,9304,Premium,Yearly
950,Jonathan Hunter,44,vlittle@example.org,"11321 Brittany Isle, Deleonmouth, MT 43966",Tablet,383,Free,Monthly
951,Terri Davis,24,lgill@example.org,"USCGC Roth, FPO AA 16231",Desktop,429,Premium,3 Month
952,Kelli Leon,68,dyermark@example.org,"309 Martin Tunnel Apt. 031, South Maria, MD 33972",Desktop,1300,Premium,Yearly
953,Sarah Burton,62,rdixon@example.com,"7511 Crystal Heights, Mooremouth, TN 40306",Desktop,401,Premium,3 Month
954,Selena Brown,44,johnsonsara@example.org,"33419 Cindy Forest, Lake Susan, AK 05412",Mobile,755,Family,3 Month
955,Jessica Patton,44,tylermorrison@example.com,"0917 Barber Circle Suite 661, Taylorport, GA 02435",Tablet,9117,Family,Yearly
956,Kimberly Houston,44,baileyvincent@example.com,"837 Jared Bypass, North Jose, CO 34959",Desktop,4304,Family,3 Month
957,Dawn Clayton,66,brandy29@example.net,"77897 Miller Pass, Lake Amanda, GU 33515",Mobile,9876,Premium,3 Month
958,John Shepherd,44,jared80@example.net,"4254 Laura Mill Suite 185, Sandersland, IL 65677",Mobile,8830,Free,Yearly
959,Daniel Berry,23,johnroberts@example.org,"268 Adrienne Squares Suite 442, Port Michaela, MO 31545",Mobile,1063,Family,3 Month
960,Holly Castro,44,zrowe@example.org,"40683 Mccall Valleys, Kristabury, VA 53959",Mobile,4007,Premium,Yearly
961,Deborah Hernandez DVM,22,heathergonzalez@example.net,"0776 Kevin Gardens, Ashleybury, WV 02470",Desktop,7212,Premium,Monthly
962,Anthony Kennedy,44,ptorres@example.org,"2505 Francis Parks Apt. 879, Gallowaytown, NV 37968",Mobile,8252,Family,Monthly
963,Jason Simpson,44,jessica00@example.com,"PSC 3479, Box 9022, APO AE 08887",Mobile,2819,Premium,3 Month
964,Eric Molina,68,josephspencer@example.net,"48724 Reynolds Squares Apt. 438, Jackton, PA 91517",Mobile,5869,Family,Yearly
965,Chad Calhoun,39,dgarrison@example.com,"13146 Kelley Pike Apt. 700, Logantown, GA 62949",Mobile,9713,Free,3 Month
966,Tracy Reynolds,25,heatherjohnston@example.org,"03822 Taylor Ranch, Port Joshua, NJ 20877",Desktop,3171,Premium,3 Month
967,Bryan Gardner,57,mooreapril@example.org,"9333 Gregory Points, Davidberg, OR 36082",Mobile,5059,Family,Monthly
968,Erika Hodges,44,hannah51@example.com,"557 Price Garden, Lynchburgh, NE 02817",Mobile,4654,Family,Monthly
969,Kelly Hicks,44,kimberlywilson@example.org,"35883 Sparks Alley Suite 803, South Andrea, IA 96288",Tablet,7435,Premium,Monthly
970,Heather Vazquez,44,tarashaffer@example.org,"086 Delgado Circles Apt. 737, Lisamouth, CT 84781",Desktop,2412,Family,3 Month
971,Shawn Church,26,vbrown@example.net,"USNS Walls, FPO AP 39417",Mobile,6685,Free,Yearly
972,Robert Miller,65,melissakhan@example.net,"97027 Candace Camp, North Justinport, NY 47193",Mobile,8228,Premium,3 Month
973,Lisa Schmidt,44,austingregory@example.net,"65922 Nancy Causeway, Nicholasville, WI 75557",Tablet,6582,Family,Yearly
974,Natasha Hayes,44,watkinsjoshua@example.org,"3212 Riddle Mills, Tabithabury, DC 95771",Desktop,3426,Free,Yearly
975,Katherine Ellis,44,dmoore@example.net,"135 Joy Villages Suite 906, Cowanport, AL 08234",Mobile,2278,Free,Monthly
976,Allison Richard,46,gtorres@example.org,"474 Cynthia Crescent Suite 315, North Benjaminchester, OK 28049",Desktop,6181,Family,Monthly
977,Christopher Jennings,44,sarahkramer@example.com,"Unit 5348 Box 7037, DPO AA 70939",Mobile,1898,Free,Monthly
978,Michael Ramirez,44,alvaradobrent@example.org,"9127 Wesley Lakes, Monicaburgh, DC 03270",Mobile,4015,Family,Monthly
979,Darryl Sanchez,32,ucrawford@example.com,"44477 Melissa Junctions, North Morgan, RI 64481",Mobile,1212,Free,Monthly
980,Charles Levy MD,29,ronald18@example.com,"5800 Matthew Summit Suite 868, Bradland, ME 93438",Mobile,8383,Family,3 Month
981,William Perez,41,nathan60@example.org,"66566 Heidi Port Apt. 272, Watsonburgh, UT 94753",Desktop,7661,Free,Yearly
982,Joan Valencia,35,pamelathompson@example.org,"7186 Timothy Views, Lake Frankbury, NH 16691",Mobile,518,Family,Yearly
983,Joshua Chase,19,njohnson@example.com,"24494 Pamela Orchard, Grossshire, TX 24961",Mobile,4260,Premium,Yearly
984,Amanda Bryan,48,morrismichael@example.org,"USS Evans, FPO AP 47212",Desktop,7461,Free,3 Month
985,Emily Davis,44,xjuarez@example.org,"32461 Anderson Green, Hollandchester, SC 10551",Mobile,2452,Family,Yearly
986,John Fowler,56,schroederjoseph@example.org,"6257 Mcdonald Courts Suite 905, East Zacharybury, OH 30101",Mobile,8043,Free,3 Month
987,David Porter,44,tonyaacosta@example.org,"0347 Erin Manors Suite 959, East Jessica, NJ 91690",Mobile,2350,Premium,Yearly
988,Sierra Moody,66,scottnicholas@example.org,"802 Spencer Common, Rubenhaven, MH 36279",Desktop,2076,Premium,Yearly
989,Olivia Logan,44,carpentermary@example.com,"3403 Tammy Creek, New Rita, WY 52136",Mobile,1622,Premium,Monthly
990,Jeffrey Allen,44,michaelgordon@example.net,"97825 Nicholas Parkway, Torresshire, SD 05211",Desktop,7455,Premium,Monthly
991,Kaitlyn Villarreal,67,danielle34@example.net,"PSC 7067, Box 5908, APO AP 63782",Tablet,2144,Premium,3 Month
992,Charles Zuniga,64,sarahhardy@example.com,"8539 Coleman Spurs Suite 145, New April, NH 90720",Desktop,1243,Premium,Monthly
993,Amanda Garner,31,imckinney@example.org,"4734 Spencer Shoal, South Paige, NJ 66712",Mobile,3547,Premium,Yearly
994,Jennifer Kirby,44,wsantiago@example.com,"881 Hardy Ranch Suite 940, South Sherry, AK 23762",Desktop,9523,Premium,Monthly
995,Linda Roberts,44,cynthia74@example.com,"PSC 8433, Box 4022, APO AP 65744",Desktop,4458,Free,Monthly
996,Debbie Tyler,44,tinapeters@example.org,"46931 Lowery Field, Anthonyland, GU 92505",Mobile,6745,Family,Monthly
997,William Anthony,35,jenkinsrobin@example.net,"9246 Lane Falls Apt. 462, Port Michaelmouth, PR 91800",Mobile,8894,Premium,Monthly
998,Dillon Scott,47,eatonjason@example.org,"351 Brittany Extension, Port Ryan, AK 51477",Desktop,7728,Premium,Yearly
999,Joshua Russell,44,uschwartz@example.com,"7590 Craig Lane, Byrdshire, VA 57506",Mobile,6574,Free,Monthly
1000,Lisa Ross,44,rharvey@example.com,"6383 Randy Circles Apt. 568, Michelletown, FM 58595",Desktop,7173,Free,Yearly
1001,Tina Harmon,32,michaelpatel@example.org,"70811 Walter Extension Suite 032, Howardport, RI 86583",Tablet,9265,Premium,Monthly
1002,Craig Martin,44,haleynicholas@example.com,"290 Pope Union Apt. 958, Pamelamouth, PA 28182",Mobile,7722,Family,3 Month
1003,Jennifer Cummings,60,ethan29@example.com,"Unit 3899 Box 0636, DPO AP 59661",Desktop,1311,Free,Yearly
1004,Bobby Fernandez,44,hernandezmichael@example.com,"0946 Martinez Lane Suite 013, South Tiffany, PA 86886",Mobile,9921,Family,Yearly
1005,Joseph Smith,44,austinfernandez@example.org,"941 Fleming Bypass, New Michaelchester, VA 05767",Tablet,5879,Premium,3 Month
1006,Kenneth Sanders,44,stevenslaura@example.com,"1775 Thompson Mountains, Kaiserborough, VT 29075",Desktop,7408,Premium,3 Month
1007,Nancy Little,63,jonathan95@example.org,"978 Williams Land, Lake Patricia, DC 38082",Mobile,5677,Free,3 Month
1008,Christopher Becker,44,meltonanthony@example.com,"Unit 5926 Box 9117, DPO AP 34780",Desktop,3078,Family,3 Month
1009,Travis Luna,44,georgejohnson@example.org,"2082 Jonathan Loaf, New Bradleychester, NH 63638",Desktop,8339,Family,Monthly
1010,Peter Koch,67,zkelly@example.org,"6230 Samuel Cliffs, Yolandaport, IN 58633",Mobile,1281,Premium,Monthly
1011,Jim Morris,44,hannahgomez@example.org,"8886 Alexa Flats Suite 657, Juanstad, MS 05866",Mobile,2942,Free,3 Month
1012,Matthew Gomez,44,tsutton@example.net,"186 Michael Trail, East Amy, TX 96954",Tablet,3583,Premium,Yearly
1013,Greg Ramsey,41,brianna08@example.com,"9715 Ramirez Corners Apt. 812, Camposborough, OR 77076",Mobile,9101,Family,Monthly
1014,Lisa Williams,59,morgan75@example.com,"01480 Clements Hollow, New Steve, WI 06126",Desktop,6510,Premium,Yearly
1015,Joshua Roach,56,suzannewallace@example.net,"561 Rogers Gateway Suite 256, Christopherborough, DC 94834",Mobile,8908,Premium,Yearly
1016,Thomas Gordon,44,roy71@example.com,"511 Jacqueline Center Suite 848, Lake Jeffreyberg, MP 12274",Mobile,9100,Family,Monthly
1017,Michael Garcia,44,cferguson@example.org,"2275 Rose Landing, South Josephbury, NC 00563",Desktop,2830,Premium,Yearly
1018,Stephanie Osborne,44,vincentreed@example.org,"271 Proctor Well Suite 873, West Christophermouth, ID 63495",Desktop,5650,Family,Monthly
1019,Travis Valenzuela,36,nperry@example.com,"58851 Tammy Stream Suite 115, East Stacey, NC 61657",Mobile,6433,Free,3 Month
1020,Michelle White,44,emilywells@example.net,"16453 Cory Station Suite 157, Lake Alyssaland, WI 29542",Desktop,6750,Premium,Yearly
1021,Justin Mckenzie,69,powellkaren@example.org,"021 Leonard Inlet Suite 228, Sanchezville, NE 38116",Mobile,554,Premium,3 Month
1022,Antonio Miller,44,glennmyers@example.com,"51236 Jasmine Islands, Erinton, NH 00555",Mobile,3401,Family,Yearly
1023,Jeremy Guerra,31,wanderson@example.com,"538 Kristen Common, Wadeberg, IN 69479",Tablet,7348,Free,Yearly
1024,Angela Rubio,44,lisavelasquez@example.com,"45532 Cameron Mount, Andersonchester, MD 84666",Mobile,6237,Premium,Monthly
1025,Andrea Horton,44,christinabyrd@example.net,"27757 Long Fall Apt. 644, Salashaven, NH 25933",Tablet,9637,Family,3 Month
1026,Kristen Neal,44,rodriguezshelley@example.org,"78035 Edwin Islands, North Lynn, AR 19510",Desktop,5927,Premium,Monthly
1027,Andrew Harris,48,dross@example.com,"1602 Keith Villages, South Rebecca, AR 75646",Mobile,977,Free,Monthly
1028,Shannon Cunningham,27,michael18@example.org,"19657 Pamela Islands Apt. 839, Jacobsfurt, MA 94848",Tablet,7261,Premium,3 Month
1029,Timothy Coffey,44,gjohnson@example.org,"896 Linda Hill Suite 376, Jacquelineview, OR 10054",Tablet,6544,Free,3 Month
1030,Jennifer Cherry,57,blankenshipjessica@example.net,"95542 Madison Ridges, Matthewborough, GA 62595",Mobile,1752,Premium,Monthly
1031,Gabriel Griffin,44,cmercado@example.net,"938 Pace Way, North Ryan, CA 93624",Desktop,4266,Family,3 Month
1032,Judy Richardson,44,william45@example.org,"63724 Burgess Fork Apt. 756, Lake Marchaven, WY 33063",Desktop,5817,Free,3 Month
1033,Christopher Alvarado,31,linda51@example.org,"8859 Kristy Stream, Port Autumn, CA 67833",Tablet,1308,Premium,Monthly
1034,Ashley Brown,37,burchmaxwell@example.net,"76721 Landry River Suite 355, Timothyberg, TX 52589",Mobile,2146,Premium,Monthly
1035,Robert Gallegos,44,nwolfe@example.com,"134 Brown Green, Martinport, ND 21618",Desktop,2405,Family,Monthly
1036,Ryan Cannon,19,smithmindy@example.net,"381 Benjamin Mall Apt. 651, Gilbertland, CO 41067",Tablet,3614,Premium,Yearly
1037,Shawn Liu,44,dschwartz@example.com,"06088 Krueger Court, Lake Jimbury, OH 34312",Tablet,6291,Premium,3 Month
1038,Dalton Brennan,59,cmcconnell@example.org,"09145 Isabella Camp, Freemanstad, FM 72814",Mobile,3842,Premium,Monthly
1039,Leslie Hull,62,adominguez@example.net,"15296 Jordan Vista, Lake Shawn, AZ 23229",Mobile,1161,Family,3 Month
1040,Jennifer Morton,70,andrew49@example.net,"1810 Tanner Summit, Robertashire, MP 02520",Mobile,7909,Premium,3 Month
1041,Maria Taylor,44,melissahernandez@example.com,"7439 Erika Mill, Lake Jocelynborough, PA 36437",Desktop,6351,Family,Monthly
1042,Maria Johnson,40,kfletcher@example.com,"71974 Emily Branch Apt. 773, Stevenchester, MS 43819",Tablet,4723,Free,3 Month
1043,Johnny Trujillo,44,pgarcia@example.net,"180 Rodriguez Parks, Buckchester, KS 41415",Tablet,7476,Free,Monthly
1044,Emily Ross,44,robertsjennifer@example.net,"477 Wright Port Apt. 570, Jasmineville, SD 24369",Mobile,2279,Premium,Monthly
1045,Jennifer Peters,21,elizabeth76@example.com,"3063 Lauren Light, North John, ME 40575",Mobile,870,Free,Monthly
1046,Hannah Ford,30,adamcobb@example.net,"968 Long Ridges, Tracyberg, IN 02220",Desktop,8537,Family,Yearly
1047,Christina Cherry,44,petersenkeith@example.net,"52596 Ryan Run, Blacktown, IN 56633",Mobile,9752,Family,3 Month
1048,Shannon Manning,66,lwilkinson@example.org,"93820 Angelica Inlet Suite 770, Ayalaville, RI 52465",Desktop,5715,Premium,Yearly
1049,Susan Lloyd,44,lammisty@example.net,"270 David Shoal Apt. 960, Lake Manuel, PR 50338",Mobile,7432,Premium,Yearly
1050,Lisa Castillo,44,rioscarol@example.org,"20385 Ramirez Fords, East Michaelport, OH 25487",Mobile,4670,Premium,Yearly
1051,Anthony Fox,44,vkim@example.com,"89356 Angela Key Suite 866, Port Sherryview, HI 05717",Tablet,2097,Premium,Yearly
1052,Tyler Lopez,21,johnsonthomas@example.net,"366 Pamela Crossroad Suite 654, Brownton, GA 84454",Mobile,6231,Premium,Monthly
1053,Shawn Guzman,36,gshaw@example.net,"1486 Elizabeth Squares Apt. 731, New Elizabethhaven, HI 01676",Mobile,4516,Family,Yearly
1054,Jerry Warner,65,salasrobert@example.org,"54032 Mahoney Highway, Port Jamie, FL 48724",Tablet,1677,Free,3 Month
1055,Edward Washington,58,rreid@example.com,"276 Hendricks Isle, North Brittanyborough, CA 51997",Desktop,1454,Premium,Yearly
1056,James Dominguez,38,uweaver@example.com,"83101 Henry Overpass, Danahaven, WV 62003",Desktop,3447,Free,Yearly
1057,William Travis,55,daniel92@example.net,"016 David Fork Suite 972, Davisland, LA 68272",Tablet,2431,Free,Monthly
1058,Jessica Cooper,47,chelseagonzalez@example.net,"7669 Brown Tunnel, East Monica, AZ 66969",Tablet,7260,Family,Monthly
1059,Louis Avila,44,cristian24@example.com,"9730 Katrina Junction, Lynchstad, NV 34694",Desktop,9306,Premium,Monthly
1060,Rebecca Marshall,35,rspencer@example.com,"30641 Dustin Court, West Julieville, CT 96554",Mobile,8784,Free,Yearly
1061,Justin Solomon,20,ronniecaldwell@example.net,"6810 Jensen Spur, Davismouth, MO 25578",Desktop,2027,Family,Monthly
1062,John Hayes,46,pwalker@example.com,Not Provided,Desktop,6322,Premium,3 Month
1063,Tammy Carney,26,vincent31@example.com,"9608 Melissa View Suite 310, Cunninghamfurt, KS 19093",Desktop,8877,Premium,Yearly
1064,Dawn Greene,69,brendalewis@example.net,"5389 Sara Loop Suite 487, Loveland, VT 74247",Mobile,7328,Family,3 Month
1065,Jason Martinez,62,kelsey43@example.org,"5512 Kevin Orchard, Langside, WI 80406",Mobile,9528,Premium,Yearly
1066,Shawn Castro,44,karlamorris@example.com,"3246 Rodney Fort, Fordberg, GA 25286",Mobile,9175,Family,Yearly
1067,George Robinson,44,jennifer11@example.org,"997 Leslie Mountain, South Courtney, MI 56719",Mobile,5491,Premium,Yearly
1068,Eric Benson,35,bennettmichael@example.net,"2852 Gabriela Turnpike Suite 023, Christopherland, IA 69780",Tablet,2913,Family,3 Month
1069,Kristin Cooley,34,robinvasquez@example.org,"4378 Carlos Locks, East Nathan, SC 51194",Desktop,6138,Premium,Yearly
1070,Katie Burns,44,spencermanning@example.com,"716 Walsh Meadows, Lisachester, FM 47474",Mobile,2294,Premium,Yearly
1071,Gary Ramsey,33,johnstonkenneth@example.org,"PSC 1985, Box 9252, APO AE 79086",Desktop,9635,Premium,Yearly
1072,Sharon Wong,21,maciasrodney@example.com,"62021 Melissa Views, Salinasland, MD 06656",Mobile,4702,Premium,Yearly
1073,Sarah Higgins,18,sheltonalyssa@example.net,"224 Richardson Ford Apt. 413, Evansmouth, WI 09405",Tablet,6960,Premium,Monthly
1074,Eric Ward,44,icobb@example.com,"76079 Martin Ford, Ericaburgh, HI 83233",Desktop,5996,Free,Monthly
1075,Ian Carlson,44,mark50@example.net,"87947 Stokes Circle, West Lisastad, ND 64712",Mobile,9467,Family,Monthly
1076,Jessica Knight,31,stanleynicholas@example.net,"6821 Young Fall, Scottbury, MP 81834",Mobile,3753,Premium,Yearly
1077,Matthew Brown,44,xrodriguez@example.org,"PSC 8290, Box 0945, APO AP 70477",Desktop,8846,Free,3 Month
1078,Kelly Smith,44,hornsheila@example.org,"692 Savage Cove, Hinesfort, HI 23347",Tablet,7028,Family,Yearly
1079,Justin Beck,69,epugh@example.org,"924 Brian Keys Apt. 528, Allenburgh, MA 87809",Desktop,6728,Free,3 Month
1080,Erin Castillo,44,jeffreyrogers@example.net,"751 Jessica Mountain Suite 075, Port Anthonyfort, RI 62516",Mobile,903,Family,3 Month
1081,Richard Martin,44,lisajoyce@example.com,"57185 Acevedo Light, Lake Hunterbury, DC 95891",Mobile,1235,Premium,Yearly
1082,Jeffrey Gordon,44,sarazimmerman@example.org,"710 Courtney Groves, Samanthaside, MT 62137",Desktop,2241,Free,Yearly
1083,Andrew Hernandez,44,jennifer50@example.com,"79144 Michael Lodge Suite 584, North Deborahton, NH 16155",Desktop,853,Premium,Yearly
1084,Joyce Andrews,35,glasslindsay@example.com,"9576 Cohen Loaf Apt. 218, Lake Clifford, GA 76077",Desktop,9259,Family,Yearly
1085,Christian Franco,59,margaretwalker@example.com,"61349 Kirk Harbors Suite 620, Port Robert, SD 71825",Mobile,5369,Premium,Monthly
1086,Raymond Sellers,44,scottkatelyn@example.org,"PSC 2896, Box 7399, APO AA 66061",Desktop,6634,Free,3 Month
1087,Jonathon Gregory,57,heathertaylor@example.net,"09656 Robert Corners Apt. 849, Lake Lorettabury, WY 88887",Desktop,2835,Premium,3 Month
1088,Jennifer Dean,68,pettyamy@example.org,"512 Colin Lodge Apt. 665, Timothymouth, VA 69850",Desktop,305,Free,3 Month
1089,David Castillo,30,reyesdylan@example.net,"65002 Davis Mall, Burkeburgh, CT 24960",Desktop,4449,Premium,3 Month
1090,Jerry Hunter,44,grahamlauren@example.net,"43012 Megan Spur, Jillianview, MD 13006",Tablet,7078,Family,3 Month
1091,Nathaniel Curry,44,vferguson@example.org,"094 Davis Wells, Craigburgh, ID 66387",Mobile,3688,Premium,Monthly
1092,Matthew Mcdowell,39,jennifer13@example.org,"6041 Justin Crossroad Apt. 125, South Adam, MS 34946",Desktop,9401,Free,Yearly
1093,Michelle Steele,60,michelle30@example.com,"182 Neal Ranch Suite 614, Hallland, RI 51122",Tablet,4782,Family,3 Month
1094,Kevin Rojas,29,kristenadams@example.com,"345 Massey Light, East Tina, ME 52546",Mobile,2672,Premium,Monthly
1095,Sandra Santos,34,vhopkins@example.com,"89107 Paul Turnpike Apt. 450, West Jameschester, AR 50017",Mobile,9193,Premium,Yearly
1096,Scott Rivera,44,david61@example.com,"848 Rosario Extension, Jeffreyport, MH 03745",Tablet,8281,Premium,3 Month
1097,Travis Castillo,44,cheryl14@example.com,"650 Kimberly Gardens Suite 664, Lake Kathyfurt, OK 37358",Tablet,9053,Family,Yearly
1098,Teresa Baker,44,david10@example.com,"48434 Adam Rapids, New Stevenberg, PA 97088",Mobile,8490,Free,Monthly
1099,Daniel Green,44,meganbruce@example.com,"6542 Martin Plains Suite 463, West Kylechester, AS 86545",Tablet,4436,Free,3 Month
1100,Maria Perez MD,60,robertbanks@example.com,"473 Jessica Falls, New Sarah, TX 80317",Desktop,1246,Family,3 Month
1101,Melissa Mcpherson,31,sanderschristopher@example.org,"5502 Ashley Lake Apt. 668, Colleenfurt, MP 83395",Desktop,6031,Free,Monthly
1102,James Moore,20,cherrybeverly@example.com,"2526 David Roads, West Patrickstad, WI 37257",Mobile,5792,Free,3 Month
1103,Edward Kemp,44,henryjennifer@example.net,"407 Chad Islands, South Samantha, MP 24862",Desktop,2894,Free,3 Month
1104,Anna Berry,44,jacobcrawford@example.net,"52632 Christine Ranch Suite 771, West Zachary, MP 67714",Tablet,3636,Family,Yearly
1105,William Larson,60,elizabeth44@example.org,"09959 Meghan Fields Suite 723, Lake Benjamin, OK 63974",Desktop,4909,Premium,Monthly
1106,Darren Barr,52,philip18@example.com,"281 Dougherty Points, Michelemouth, MN 08080",Desktop,8776,Premium,3 Month
1107,Brenda Bishop,44,scottramos@example.net,"1123 Paula Estates Apt. 767, Lake Austin, AL 82418",Tablet,6423,Family,Monthly
1108,Natasha Frye,44,tony78@example.net,"244 Bray Lock Apt. 256, Lake Beverly, AR 30698",Desktop,1397,Free,Monthly
1109,Jeffery Kennedy Jr.,61,wesley65@example.com,"2375 Morse Cliffs Suite 908, West Staceyton, MP 86369",Desktop,9434,Free,Yearly
1110,Jose Johnson,41,brentfox@example.com,"228 Charles Loaf Suite 048, South Bethanyfort, PW 78161",Mobile,6202,Premium,Yearly
1111,Mariah Harris,44,devongross@example.org,"69290 Tonya Terrace, East Jessicaberg, FM 08825",Desktop,467,Premium,3 Month
1112,Stephen Torres,70,yoderernest@example.com,"91517 Shaw Mall, West Deborahberg, DE 28953",Desktop,4133,Premium,Monthly
1113,Clarence Acosta,44,brownjames@example.net,"USNS Estrada, FPO AA 20062",Desktop,8240,Free,Yearly
1114,Kathleen Murphy PhD,55,vparker@example.org,"82102 Nash Hills, North James, AL 78965",Mobile,1375,Free,Monthly
1115,John Mora,65,littlenicholas@example.org,"2101 Macdonald Creek, Allisonshire, IA 21516",Desktop,5649,Family,Yearly
1116,Michele Webb,69,dmurray@example.org,"042 Shea Alley Suite 573, Port Scottport, ND 71209",Mobile,9648,Family,Monthly
1117,Megan Pineda,39,jonathonwagner@example.org,"060 Brooke Path, Weberchester, RI 21507",Mobile,2599,Premium,3 Month
1118,Laura Barnett,44,moralesanna@example.com,"22988 Baker Greens Suite 250, Taylorfurt, MA 23109",Mobile,8852,Free,Yearly
1119,Samuel Lawson,28,markscott@example.net,"33596 Bates Locks Suite 763, Kellyton, IL 35325",Desktop,2245,Premium,Yearly
1120,John Clayton,44,jillianunderwood@example.org,"Unit 3489 Box 0984, DPO AP 86064",Mobile,1928,Family,3 Month
1121,Brandon Gomez,34,johncharles@example.com,"0681 Hernandez Terrace Suite 803, Abigailmouth, KY 29955",Mobile,6293,Family,3 Month
1122,Jeffrey Blair,44,kevin31@example.net,"4868 Cole Canyon Suite 580, Robertberg, KS 23257",Mobile,6710,Premium,Yearly
1123,Ryan Lynn,66,evelynparker@example.org,"45807 Marcus Plain, West Johnmouth, MT 78392",Desktop,1620,Premium,Yearly
1124,Tiffany Howe,22,smithkelly@example.net,"886 Whitaker Forest Apt. 382, New Michaelshire, PA 59030",Desktop,8574,Premium,3 Month
1125,Julia Avery,44,zford@example.net,"61130 Scott Roads, Mariebury, VI 28346",Mobile,8046,Premium,Yearly
1126,Scott Kennedy,62,myersrichard@example.net,"88229 Walsh Locks Apt. 336, Ryanfurt, RI 05331",Desktop,9393,Family,Monthly
1127,Randy Sanchez,44,lewisjoel@example.org,"44752 Reynolds Course, Campbellberg, AL 22141",Desktop,7902,Premium,3 Month
1128,Chris Stanton,25,williamsjonathan@example.org,"64482 Wright Locks, Lewischester, AK 86351",Mobile,1169,Premium,Yearly
1129,Deanna Smith,44,qstevenson@example.com,"3355 Newton Fork Apt. 073, Kyleland, VT 21416",Tablet,7976,Free,Yearly
1130,Denise Eaton,58,danasantos@example.net,"353 Kathleen Squares Apt. 431, Jamesside, NE 30672",Tablet,9373,Premium,Monthly
1131,Jamie Glenn,69,uhayes@example.org,"98584 Simpson Loop, Port Alyssaborough, WI 09689",Desktop,5139,Premium,3 Month
1132,David Daniels,61,catherinegarcia@example.net,"972 Christina Canyon, Port Teresa, OR 81416",Desktop,7630,Premium,3 Month
1133,Matthew Yoder,44,jaredcampos@example.net,"6856 Abigail Burgs Apt. 341, North Ryan, TX 44781",Tablet,5676,Free,3 Month
1134,Peter Brown,65,campbelledward@example.org,"2963 Megan Mountain, Rebekahfurt, LA 02482",Mobile,2793,Free,3 Month
1135,Andrea Cook,44,christopherthomas@example.net,"5594 Tammy Mission, Jessicashire, AZ 98249",Desktop,8983,Premium,Yearly
1136,Christopher Edwards,27,miguel44@example.net,"231 House Isle, Smithfurt, MN 90140",Mobile,5213,Free,3 Month
1137,Laura Bullock,44,kevinwhite@example.com,"03131 May Haven, Port Ashleyview, MO 99602",Tablet,5201,Premium,Yearly
1138,Sherry Shelton,44,gmorris@example.com,"4461 Ann Plains Suite 204, Lake Kaylee, VA 78691",Mobile,5712,Premium,3 Month
1139,Margaret Melton,44,heather15@example.net,"251 Emily Center Suite 606, Lake Kendra, FM 99785",Desktop,7136,Premium,3 Month
1140,Ryan Horn,44,johnbullock@example.com,"09489 Woods Mission Apt. 806, North Charles, ID 43144",Mobile,1636,Premium,Yearly
1141,Steven Gray,44,uavery@example.org,"57224 Kenneth Brooks Apt. 204, Port Jeremy, FM 56671",Desktop,8889,Premium,Yearly
1142,Victor French,38,patriciacarter@example.org,"USS Mccullough, FPO AP 08901",Mobile,7121,Premium,Yearly
1143,Crystal Cardenas,41,richard34@example.net,"0955 Ochoa Wall, Richardtown, AR 15029",Desktop,1726,Premium,Yearly
1144,Alexis Gray,19,pharris@example.org,"511 Diaz Road Suite 254, Patriciaport, SD 16738",Mobile,4163,Family,3 Month
1145,Richard Hunter,44,brandon31@example.net,"185 Hernandez Falls Apt. 211, East Virginia, WY 02163",Desktop,2721,Family,Monthly
1146,Joshua Holloway,44,ashea@example.org,"6784 William Lodge, West Corey, MN 89013",Mobile,3817,Free,Monthly
1147,Jimmy Williams,23,qmathis@example.org,"42284 Sharon Union, Danielbury, AK 58593",Desktop,9219,Premium,Yearly
1148,Andrew Jenkins,53,elizabethlee@example.org,"5638 Stephen Radial, Patrickfort, UT 85262",Desktop,2472,Premium,Monthly
1149,Matthew Rodriguez,19,mcknightamber@example.net,"155 Brown Crescent Apt. 291, Cynthiafurt, CT 05845",Desktop,240,Premium,3 Month
1150,Darren Nguyen,39,michael85@example.net,"85079 Young Junctions, Millerview, PR 62146",Mobile,1212,Premium,Yearly
1151,Gary Sanders,23,sararobertson@example.org,"967 Rivera Fort, Rogersburgh, IA 12284",Tablet,8251,Premium,Yearly
1152,Scott Gilmore,66,smithtravis@example.org,"Unit 6872 Box 1522, DPO AE 81535",Mobile,1703,Free,3 Month
1153,Jack Vance,44,rmartinez@example.net,"5774 Lowery Mountains, West Stacy, MI 39977",Tablet,4749,Premium,3 Month
1154,Jessica Obrien,45,tracyquinn@example.net,"061 Romero Plains Suite 072, Nguyentown, MI 48778",Tablet,9491,Premium,3 Month
1155,Melissa Monroe,44,chad91@example.net,"729 Ramirez Crossing, South Karlhaven, FL 93230",Tablet,4250,Premium,3 Month
1156,Derrick Casey,44,dawsonwilliam@example.org,"2247 Michael Heights, Port Elizabeth, HI 99687",Mobile,3420,Family,Monthly
1157,Rebecca Galvan,44,mitchellbrown@example.com,"14674 Dale Burg, Johnstad, MO 28558",Mobile,3853,Premium,Monthly
1158,Mark Lopez,44,jenniferthompson@example.org,"3079 Lisa Cape Apt. 168, Reyesbury, WV 57469",Tablet,1023,Family,Yearly
1159,Anne Bryan,50,abigail22@example.org,"3167 Amy Underpass, Sharonberg, NM 77628",Mobile,6103,Family,3 Month
1160,Jon Wilson,31,rachel09@example.net,"660 Taylor Squares, Jenniferland, ND 44395",Desktop,572,Family,Yearly
1161,Melissa Clark,44,joneschase@example.org,"87318 Frank Ferry Apt. 718, South Amanda, MP 66989",Mobile,8147,Free,Monthly
1162,Gerald Fisher,65,skent@example.net,"98419 Garcia Forge, Johnhaven, AK 74623",Mobile,3815,Premium,3 Month
1163,Lynn Martinez,44,amandadyer@example.net,"908 Bruce Inlet Apt. 493, Hamiltonburgh, LA 27101",Mobile,5596,Premium,Monthly
1164,Maria Ramos,18,josephkatherine@example.com,"095 Ashley Route Apt. 728, Haasport, WI 03467",Desktop,9415,Free,3 Month
1165,Juan Fletcher,40,thomasnguyen@example.net,"USNS Hayes, FPO AE 35880",Desktop,3786,Premium,Monthly
1166,Daniel Bennett,44,nlawrence@example.com,"Unit 2299 Box 5702, DPO AE 25111",Mobile,8790,Family,3 Month
1167,Clarence Green,44,jwagner@example.org,"26237 James Mall, Alexanderfurt, UT 90356",Desktop,1720,Premium,Yearly
1168,James Burton,51,kimberlyrusso@example.net,"79412 Ramirez Corners, New Anna, AR 46574",Mobile,5768,Family,Monthly
1169,Veronica Young,47,brayanna@example.com,"2049 John View, West Jesusborough, AS 92288",Desktop,7805,Free,Monthly
1170,Aaron Stevens,44,vjackson@example.com,"26680 Rachel Mount Suite 732, East Danaside, MH 60601",Tablet,9303,Premium,Monthly
1171,Sharon Mills,26,melissabutler@example.com,"9962 Randall Oval, Smithstad, HI 86465",Mobile,9320,Family,Yearly
1172,Gabrielle Bell,44,markmiller@example.org,"060 Crawford Hills Apt. 222, Smithmouth, CT 96149",Mobile,7627,Free,Monthly
1173,Andrew Adams,44,benjaminhicks@example.net,"06502 Hill Well Apt. 531, Staffordport, NC 40537",Desktop,3909,Free,3 Month
1174,Theresa Blackwell,41,carriereed@example.net,"75428 Gabriella Fords Suite 688, Saraland, SC 30845",Desktop,4495,Free,3 Month
1175,Rebecca Turner,44,johnstonjanet@example.com,"60898 Gray Hills Apt. 265, West Jamesside, AK 10926",Tablet,3574,Family,Yearly
1176,Amanda Allen,27,qblackwell@example.org,"243 Christy Meadows Apt. 108, North Alexa, HI 30600",Tablet,9626,Premium,Yearly
1177,Willie Flores,44,pinedajeffrey@example.net,"4993 Samantha Pike, East Jenniferborough, NC 00819",Mobile,6600,Premium,Monthly
1178,Randy Sparks,44,diana33@example.net,"945 Oneal Pass, Clarkville, AL 14519",Desktop,9254,Premium,Yearly
1179,Laura Ramirez,41,batesamanda@example.net,"617 Bill Court, Melissatown, AL 41828",Mobile,4701,Premium,Yearly
1180,Lisa Chandler,20,mblackburn@example.com,"0542 Richmond Viaduct Suite 896, Leslieport, NE 25772",Desktop,903,Free,Monthly
1181,Mark Cohen MD,44,mcgeestephanie@example.net,"10827 Brendan Walks Apt. 255, Port Anthony, MI 05096",Desktop,8033,Free,Yearly
1182,Hannah Adams,44,kellyburns@example.net,"PSC 5686, Box 1303, APO AE 51572",Mobile,2284,Premium,Yearly
1183,Madison Sandoval,44,nalvarado@example.com,"57312 Fields View, Port Lindsay, NH 79789",Mobile,9253,Family,Monthly
1184,Renee Long,26,smithmichael@example.org,"56995 Gina Overpass Suite 090, Leslieton, TX 37654",Tablet,7887,Premium,Monthly
1185,Martin Mitchell,36,william92@example.net,"392 Holland Hill, Donnashire, NE 46340",Desktop,1060,Premium,Monthly
1186,Victoria Weber,44,vpowell@example.com,"6305 Tammy Estate Suite 737, South Frank, WY 52130",Mobile,8577,Premium,3 Month
1187,Ashley Walker,66,bryan@example.com,"6095 Ashley Pass, Sullivanshire, MA 45331",Desktop,6445,Premium,Yearly
1188,Meghan Oneal,44,gainesjoshua@example.com,"197 Joy Fields, Port Christopherton, NH 51510",Desktop,2733,Premium,Yearly
1189,Evan Thomas,70,vgeorge@example.com,"1818 Walker Stream, Port Jamesburgh, PW 42920",Tablet,9816,Premium,Yearly
1190,Laura Rose,58,mcdanielangel@example.net,"021 Mitchell Greens Suite 515, Port Kevin, MP 61647",Desktop,6376,Family,3 Month
1191,Jon Watkins,64,paige49@example.net,"548 Williams Burgs Apt. 245, Greeneborough, MA 03766",Tablet,6528,Free,3 Month
1192,Philip Gomez,44,mooretina@example.com,"810 Jonathan Course Apt. 403, North Brianfurt, PA 35651",Mobile,3779,Premium,3 Month
1193,Helen Berry,59,turnermichael@example.net,"9319 Carter Ridge, North Joannatown, DC 56995",Desktop,6141,Premium,Monthly
1194,Nancy Cohen,38,dsanchez@example.org,"62994 Katherine Spur, South Keithstad, MA 20139",Desktop,2301,Free,Monthly
1195,Roger Morton,44,kcastro@example.net,"65468 Daniel Cove Suite 406, Lake Virginia, NM 72179",Tablet,1326,Premium,3 Month
1196,Danielle Carpenter,44,vfrey@example.net,"1480 Cynthia Lights, Lake Mariachester, RI 42273",Desktop,6898,Free,3 Month
1197,Anthony Arnold,44,olsoncolton@example.com,"94207 Kevin Field, West Timothystad, NE 06075",Desktop,4864,Premium,3 Month
1198,James Brown,44,stephaniedavis@example.com,"67872 Kelly Cliff, South Ronaldbury, MS 80605",Tablet,183,Free,Monthly
1199,Trevor Sandoval,44,kathleenmiller@example.com,"596 Shannon Views Apt. 912, South Brandonchester, SD 20315",Mobile,6159,Premium,Monthly
1200,Michael Russo,46,ogonzalez@example.net,"8665 Jennifer Roads Suite 056, Lake Jessicafurt, CT 61301",Desktop,4807,Free,Monthly
1201,Angel Martinez,20,martineznatalie@example.org,"86647 Smith Springs, Stokesborough, OR 74355",Desktop,5746,Family,Monthly
1202,Christopher Fuller,20,carrstanley@example.com,"3269 Kayla Circle Suite 456, Laurentown, AS 17935",Mobile,9510,Premium,Yearly
1203,Kevin Rojas,44,angelagill@example.com,"69512 Morris Hill Suite 450, Janicehaven, TN 98449",Desktop,1278,Premium,Monthly
1204,Michael Wilson,44,briannacohen@example.net,"159 Mendoza Villages, Rushborough, OR 46945",Desktop,1465,Premium,3 Month
1205,Brooke Madden,44,millermichael@example.net,"31904 Austin Plaza, West Joyce, CT 39791",Desktop,5723,Premium,3 Month
1206,Dawn Hoover,66,yjackson@example.net,"10284 Jamie Port, Donnabury, DC 31710",Mobile,5988,Premium,Yearly
1207,Anthony Washington,44,christopher80@example.org,"2050 Dickerson Island Suite 702, Edwardberg, MN 57134",Mobile,3057,Free,3 Month
1208,Jason Burch,44,simmonschristopher@example.com,"4221 Alex Parks, Madisonchester, CO 60995",Mobile,3390,Free,Yearly
1209,Natalie Oconnell,37,marshalljordan@example.org,"70324 Casey Oval Suite 782, Gregoryland, TN 66787",Desktop,1103,Premium,3 Month
1210,Michael Sandoval,54,michael77@example.com,"23217 Kathryn Junction Suite 592, North Tonya, SD 06598",Tablet,7748,Premium,Yearly
1211,Anita Odom,44,arnoldemma@example.com,"035 Johnson Stravenue Apt. 163, Olsenfort, OK 88297",Desktop,4117,Premium,Monthly
1212,John Walters,44,meganvargas@example.com,"475 Katherine Terrace, North Jamesbury, GU 22243",Mobile,7308,Premium,Monthly
1213,Lauren Richardson,44,mbrown@example.com,"76020 Acevedo Locks Apt. 564, South Amandaburgh, NM 47105",Desktop,1538,Family,Monthly
1214,Jessica Miller,18,bondamy@example.org,"2302 Taylor Station, Theresafurt, IA 81108",Desktop,2581,Premium,3 Month
1215,Kelsey Jenkins,44,christy59@example.net,"832 Steele Valley Apt. 881, West Davidfort, PA 90045",Mobile,1224,Family,Yearly
1216,Sarah Ayala,44,iwest@example.com,"9163 Andrea Rest, New Elizabethshire, NM 54420",Mobile,9757,Premium,Yearly
1217,Brandon Peterson,44,russell07@example.org,"933 Margaret Common, Williamsstad, GA 02016",Desktop,3188,Free,Monthly
1218,Jason Jones,29,hwhite@example.com,"3750 Johnson Brook, West Kristenmouth, MO 22408",Desktop,6187,Family,Monthly
1219,Breanna Stanley,42,duffykathleen@example.net,"637 Jessica Extension Suite 203, West Michellehaven, GA 91724",Desktop,5321,Premium,Yearly
1220,Christina Palmer,44,emily94@example.com,"36520 Mckenzie Glen, Lake Andrewside, AK 98964",Mobile,9580,Free,Yearly
1221,Caitlin Harris,44,fwhite@example.com,"273 Nelson Islands, Snydermouth, IA 78212",Desktop,1913,Premium,Monthly
1222,Donald Barnett,36,mhansen@example.org,"33003 Oliver Brooks Apt. 495, Lake Nicholas, OR 54688",Mobile,5054,Family,Monthly
1223,Jennifer Hall,44,smithangela@example.net,"7510 Sandra Prairie Suite 077, West Jamesville, NE 32165",Mobile,1020,Free,3 Month
1224,Kenneth Charles,44,tsimpson@example.net,"700 Cohen Fort, Port Walterton, WI 56203",Mobile,8502,Premium,Monthly
1225,Kelly Johnson,20,johnsonheather@example.org,"47180 Cummings Creek, South Danielle, NM 48087",Desktop,2794,Premium,3 Month
1226,Paul Miller,44,michael86@example.net,"81811 Larry Extension Apt. 257, Brooksburgh, FM 91022",Desktop,4925,Premium,3 Month
1227,Herbert Carpenter,69,steven85@example.net,"5791 Hayes View, North Rubenland, PW 24289",Mobile,470,Premium,3 Month
1228,John Benitez,44,thomaskimberly@example.org,"04429 Ramirez Vista, West Lindafort, MH 36605",Desktop,1474,Free,Yearly
1229,Theresa Osborn,68,danieljimenez@example.net,"4269 Nguyen Rue Apt. 275, West Jennifer, NV 68744",Desktop,3828,Premium,Yearly
1230,Jenna Lucero,50,xcampbell@example.net,"026 James Dale Apt. 357, Ianshire, AL 34170",Desktop,5213,Premium,3 Month
1231,Linda Pruitt,60,amberjohnson@example.net,"64647 Hunter Keys Apt. 519, Klineview, ME 13775",Mobile,6199,Free,Yearly
1232,Wayne Roberson,44,dianemiller@example.org,"864 Hicks Corners Suite 836, Lake Stephenfurt, OK 10894",Mobile,9506,Family,Yearly
1233,Cheryl Frank,30,mckenzie67@example.com,"4610 Cheryl Villages, East Dennis, OR 82964",Desktop,2696,Premium,3 Month
1234,Valerie Bailey,37,robertsalazar@example.org,"944 Hendricks Pines Suite 821, Marychester, IA 13527",Desktop,8428,Premium,Yearly
1235,Rachel Li,58,ianwheeler@example.com,"Unit 7370 Box 3897, DPO AA 76141",Mobile,892,Free,Monthly
1236,Peter Jackson,44,iowen@example.com,"1652 Alexis Walks, Lake Nicholasview, GU 64632",Mobile,1909,Premium,Monthly
1237,Laura Martinez,44,angelamontgomery@example.org,"86605 Jordan Corner Suite 548, Christopherberg, SD 84974",Mobile,2608,Family,3 Month
1238,Steven Perkins,50,dianagutierrez@example.org,"268 Conner Centers Apt. 913, Hughesport, NV 13116",Desktop,2759,Premium,Yearly
1239,Robert Johnson,54,anna94@example.org,"656 Lawrence Orchard Suite 854, Mcphersontown, VA 16671",Desktop,4945,Free,Yearly
1240,Tommy Richmond,44,donna90@example.com,"622 Hickman Radial, Katherinechester, TX 74148",Desktop,5830,Free,Yearly
1241,Kelsey Kelley,44,johnrocha@example.org,"659 Jefferson Pines Suite 150, South Kenneth, WY 48179",Desktop,1776,Free,Yearly
1242,Brittany Holder,44,moralesjacob@example.net,"790 Holland Crescent, South Cheyenne, VT 29030",Mobile,1951,Premium,3 Month
1243,Jonathon Diaz,18,jmanning@example.com,"9806 Rivera Camp Apt. 670, East Lynnhaven, MN 74698",Mobile,3002,Premium,3 Month
1244,Mary Ryan,26,allisonburton@example.org,"652 Johnson Glen Apt. 229, Stevenside, OK 10858",Mobile,6974,Family,3 Month
1245,Daniel Wright,44,umcknight@example.com,"Unit 6595 Box 4484, DPO AP 36178",Mobile,4916,Free,Monthly
1246,Suzanne Cooley,44,qfigueroa@example.com,"133 Hurst Overpass, Port Kimberly, VT 69708",Tablet,9462,Family,Monthly
1247,Margaret Erickson,44,brandon14@example.net,"55955 Tanya Trail Apt. 065, West Alexis, FL 96363",Mobile,2909,Premium,3 Month
1248,Gary Oliver,44,joannemclaughlin@example.com,"14430 King Stravenue Apt. 572, East Audreyberg, AK 19374",Mobile,3950,Family,Yearly
1249,Tammy Wright,37,austinharris@example.org,"Unit 1060 Box 2239, DPO AE 85222",Mobile,4633,Premium,Monthly
1250,Lauren Norman,44,curtisthomas@example.org,"449 Claudia Turnpike Apt. 134, East Marie, NE 08739",Desktop,5269,Family,Monthly
1251,Nicholas Powell,44,brownjohn@example.org,"89282 Rita Isle, North Jamesberg, MP 16645",Desktop,2664,Free,Yearly
1252,Gail Kline,61,laracrystal@example.org,"33740 Brandon Throughway, New Annmouth, SC 33137",Desktop,3189,Premium,Yearly
1253,Tanya Singh,44,gary82@example.org,"7018 Pitts Circle, Robertview, WA 91669",Desktop,7082,Free,Monthly
1254,John Perry,44,jason25@example.net,"890 Jade Center Suite 680, Lyonsburgh, TN 59424",Desktop,8509,Premium,Yearly
1255,Jared Rodriguez,52,rosariorhonda@example.com,"48220 Beth Mountains Suite 054, Adammouth, CO 97700",Mobile,9860,Family,3 Month
1256,Melissa Allen,44,megan61@example.com,"35687 Martin Streets Suite 629, South Christinaview, NC 72025",Mobile,4027,Free,Monthly
1257,Stephanie Howard,44,heather71@example.net,"3516 Smith Summit Apt. 188, Leslietown, MO 62062",Tablet,1057,Premium,Yearly
1258,Kenneth Mitchell,70,mwilson@example.com,"651 Garcia Mill, West David, TX 66625",Tablet,4464,Free,3 Month
1259,Timothy Bright,44,susanstephens@example.org,"472 Michael Vista, New Larry, VT 15454",Desktop,3758,Premium,Yearly
1260,Kimberly Foster,25,bdodson@example.net,"55469 Anne Club Apt. 791, Sandramouth, DE 10466",Desktop,3849,Premium,Yearly
1261,Zachary Jackson,44,efuller@example.com,"791 Tony Knolls, New Ronaldbury, VT 71974",Desktop,2993,Free,3 Month
1262,Joseph Rios,44,thomas30@example.net,"96926 Nicholas Overpass Apt. 353, Hullside, PA 95994",Mobile,272,Premium,Monthly
1263,Kayla Evans,44,parkerfrederick@example.com,"02522 Espinoza Islands Suite 494, East Jeffreyport, CA 31264",Mobile,778,Free,3 Month
1264,Kimberly Johnson,50,clarkjames@example.com,"1237 Gordon Trail, Port Bonnieside, VT 79777",Tablet,2005,Premium,Yearly
1265,Troy Bartlett,21,uortiz@example.com,"17430 Paul Circle Apt. 425, Heatherburgh, AS 23728",Mobile,9277,Free,3 Month
1266,Brandon Smith,44,lperez@example.net,"2766 Michael Common, New Jamesmouth, HI 12741",Mobile,9235,Premium,Yearly
1267,Jennifer Wagner,44,rshepard@example.com,"40431 Jones Parks Apt. 041, Marioview, GA 01450",Desktop,2040,Free,Monthly
1268,Amber Torres MD,70,zwilliams@example.org,"045 Knox Turnpike Apt. 255, Kingport, DC 06871",Desktop,242,Free,Yearly
1269,James Wilkinson,69,robert02@example.net,"31312 James Fall, North Ann, GA 63674",Desktop,2504,Family,Yearly
1270,Robert Sanders,58,linda16@example.org,"0286 Flowers Park, Davisburgh, MO 96644",Desktop,7867,Premium,3 Month
1271,Sharon Ramirez,44,mclaughlinkurt@example.net,"5624 Desiree Falls Suite 027, New Sarahtown, NV 84838",Mobile,7815,Family,3 Month
1272,Keith Jennings,44,danielphillips@example.com,"254 Gregory Mount Apt. 487, Patriciamouth, FL 19323",Desktop,1539,Free,3 Month
1273,Julie Saunders,44,martinezthomas@example.org,"932 Jackson Freeway Apt. 345, Micheleberg, PR 51318",Tablet,5123,Premium,Yearly
1274,Marcus Contreras,44,vpotter@example.com,"311 Julian Lakes Suite 736, East Sarah, CO 90192",Mobile,3265,Family,3 Month
1275,Angela Gomez,28,ghobbs@example.org,"PSC 0271, Box 2735, APO AA 04179",Mobile,2089,Family,3 Month
1276,Joshua Mccullough,62,garciakaitlin@example.com,"28019 Craig Island, Johnsonshire, NV 80096",Tablet,7295,Premium,Monthly
1277,Mark Evans DDS,44,eshannon@example.com,"332 Espinoza Rapids, Morrisfurt, WA 49162",Desktop,2884,Premium,Monthly
1278,Diana White,23,gcarroll@example.org,"6262 Bush Lakes, East Georgefort, OH 34681",Tablet,292,Premium,3 Month
1279,Jennifer Estrada,67,betty52@example.net,"8143 Lori Trace Suite 680, North Lisa, ME 75127",Mobile,718,Premium,Monthly
1280,Donna Salazar,50,michelle33@example.org,"36639 Heidi Trafficway, New Michelehaven, UT 39266",Mobile,9959,Free,Yearly
1281,Colleen Parks,59,rachel10@example.com,"991 Robert Grove, West Michelle, KS 91700",Mobile,4818,Premium,3 Month
1282,Jerry Mercado,44,steinerin@example.net,"834 Joseph Points, Benjaminchester, WV 89441",Desktop,7442,Free,Monthly
1283,Kimberly Price,25,perezanthony@example.net,"9347 Daniel Row Suite 473, East Matthew, ND 25075",Mobile,4003,Premium,3 Month
1284,Allison Mitchell,21,robertsellers@example.net,"50189 Christopher Club, Port Danielbury, VA 27969",Mobile,6698,Family,3 Month
1285,Cheryl Duran,44,pamela76@example.net,"12219 Hernandez Islands, West Scottport, PW 95517",Tablet,7067,Premium,3 Month
1286,Brian Hendrix,44,phillipharris@example.com,"012 Johnson Groves Suite 029, Port Katherineville, HI 05837",Desktop,8205,Premium,Monthly
1287,James Miller,44,tmorales@example.net,"454 Welch Ridges Apt. 015, Meganland, DE 86795",Mobile,890,Premium,Yearly
1288,Elizabeth Mcdonald,34,davidcruz@example.org,"8390 Weber Ford, New Billyborough, PA 30792",Mobile,6620,Free,Monthly
1289,Wendy Lopez,22,petersonchristopher@example.com,"27878 Rodney Mall Suite 198, Bryantmouth, DE 54617",Desktop,7380,Premium,Monthly
1290,Marissa Allen,21,leemargaret@example.com,"43557 Shelia Via Apt. 073, Cassandramouth, NE 51108",Desktop,414,Premium,3 Month
1291,Marc Richardson,21,ebrown@example.org,"95774 Emily Squares Apt. 867, Michaelland, DE 49834",Desktop,4211,Premium,Yearly
1292,Timothy Jensen,44,ricky73@example.net,"72192 Sean Junctions, Valdezhaven, TN 27354",Desktop,3433,Family,Monthly
1293,Allison Mcfarland,44,thomasluis@example.org,"57463 Thomas Drives, Lake Shane, NH 78724",Tablet,4437,Free,Monthly
1294,Stacey Davis,35,janegeorge@example.com,"577 Bryant Club, New Edwardview, OK 97459",Desktop,3600,Family,Monthly
1295,Joshua Wallace,44,ryan58@example.org,"PSC 5956, Box 1116, APO AP 88037",Mobile,4604,Premium,3 Month
1296,Daniel Wright,29,nelsonkeith@example.org,"PSC 8521, Box 6962, APO AA 03368",Tablet,7662,Free,Yearly
1297,Stacy Davis,44,samanthabrown@example.com,"7432 Lee Fork Suite 269, Crystalborough, SD 91495",Mobile,9889,Premium,Yearly
1298,John Herrera,44,rodriguezbrenda@example.com,"Unit 6966 Box 6556, DPO AE 99749",Desktop,3098,Free,Monthly
1299,Gary Page,29,griffithbrooke@example.net,"5296 Jacob Shores Suite 123, East Charlesport, WI 25954",Mobile,3597,Free,3 Month
1300,Amanda Mitchell,44,lori56@example.com,"49172 Johnson Port, East Anthony, ID 11714",Mobile,6768,Premium,Monthly
1301,Richard Martinez,32,mark88@example.com,"7552 James Radial, Samanthafurt, OK 94490",Tablet,547,Free,3 Month
1302,Henry Morrison,34,terriayala@example.net,"Unit 4941 Box 2545, DPO AE 79037",Mobile,3153,Premium,Monthly
1303,Brian Stout,40,martincody@example.com,"179 Nicholas Port Apt. 788, New Howardshire, MH 64775",Tablet,222,Free,Yearly
1304,Mark Crawford,44,johnsonmichael@example.org,"006 Thompson Street Suite 209, Lake Michaelafurt, CT 67597",Desktop,3849,Family,Monthly
1305,Julie Miller,37,ericahaas@example.org,"3448 Adams Rapid Suite 162, South Davidburgh, IA 59097",Desktop,4454,Family,Monthly
1306,Brian Morris,29,phelpswendy@example.org,"86436 Peter Via Suite 930, North Dennis, AS 23272",Desktop,2372,Family,Yearly
1307,Dana Turner,49,patrick85@example.org,"0793 Debra Stream, Shieldshaven, AR 35896",Tablet,7594,Premium,Monthly
1308,Matthew Williams,56,qcarson@example.net,"PSC 6155, Box 4999, APO AP 34834",Desktop,2249,Premium,3 Month
1309,Stacey Castaneda,44,misty85@example.com,"715 Yolanda Plains Suite 916, Angelaview, GU 87184",Mobile,4589,Premium,3 Month
1310,Kaylee Robles,44,sabrina26@example.net,"5180 Wade Mall Suite 214, North Andrewfort, AS 04903",Desktop,2063,Family,Yearly
1311,Gregory Johnson,44,ortegasara@example.org,"100 Craig Motorway, West David, ND 50838",Mobile,7867,Premium,Yearly
1312,Kenneth Roberts,44,james15@example.com,"713 Rojas Cove, Port Johnbury, IL 42313",Tablet,7272,Free,Monthly
1313,Jennifer Horton,44,andrew57@example.com,"435 Zachary Unions, West Crystalton, NE 09904",Desktop,3704,Family,Yearly
1314,Jason Taylor,44,justin62@example.com,"585 Jeanne Estates, Mooremouth, ND 34537",Mobile,9602,Free,Monthly
1315,Jeff Potter,44,rodrigueznatasha@example.org,"17643 Escobar Curve, Stephenfort, FM 02111",Desktop,1151,Family,3 Month
1316,John Thompson,63,jerrycarpenter@example.org,"35842 Micheal Rapid, Lake Jackstad, IA 50552",Mobile,6956,Premium,Yearly
1317,Sarah Oneill,44,shieldsnathaniel@example.net,"59154 Liu Cove, Lake Derrickfurt, OK 49748",Mobile,833,Premium,3 Month
1318,Andrew Taylor,44,singletonmelissa@example.com,"076 Bauer Way, Port Miguelfurt, LA 33877",Mobile,7633,Family,Yearly
1319,Jennifer Taylor,33,heidigeorge@example.com,"3608 Cody Junctions, East Steven, KS 53939",Mobile,474,Family,Monthly
1320,David Mendoza,44,hthomas@example.org,"USS West, FPO AE 87717",Desktop,9797,Free,3 Month
1321,Jessica Bowman,43,reneeerickson@example.net,"058 Shannon Orchard, Jeremyton, IA 25730",Mobile,6923,Premium,Yearly
1322,Steven Smith,44,justinedwards@example.net,"0685 Barnett Islands, Boydfurt, NH 42154",Desktop,803,Premium,Yearly
1323,Michelle Gomez,70,patrickdavis@example.net,"21239 Zachary Plains, Stephanieberg, OK 95089",Mobile,7394,Family,Monthly
1324,Maureen Hayes,19,christopher89@example.com,"2075 Richard Branch Apt. 124, Walkerfort, PA 75858",Tablet,6608,Family,3 Month
1325,Brent Vaughn,55,meganestrada@example.org,"05329 Lori Ports, New Kevinmouth, VI 87799",Mobile,1892,Premium,Monthly
1326,Carla Cole,64,libarra@example.net,"398 Hernandez Forest Apt. 230, Lisashire, SC 55937",Desktop,5156,Free,3 Month
1327,Timothy Harrington,44,williamrich@example.net,"86598 Harris Dale Apt. 336, Washingtonland, NM 77803",Mobile,9831,Premium,Yearly
1328,Jill Hill,37,clindsey@example.org,"PSC 4930, Box 0472, APO AE 81819",Tablet,3193,Premium,3 Month
1329,Kelly Ryan,66,xrangel@example.com,"Unit 7220 Box 1586, DPO AP 97107",Desktop,5345,Premium,Yearly
1330,Diane Larson,44,kclark@example.net,"PSC 5315, Box 5771, APO AA 37364",Desktop,2688,Family,Monthly
1331,Melanie Sanders MD,48,michellestafford@example.net,"4582 Kelly Harbors, New David, PA 62175",Tablet,6838,Premium,Monthly
1332,Anthony Mendoza,44,iwade@example.com,"234 Patricia Mountains, South Melanie, NJ 86960",Desktop,5605,Premium,Yearly
1333,Jessica Robinson,30,aaronhoward@example.net,"859 Reed Radial Suite 437, East Susanberg, AS 24653",Mobile,8257,Free,Yearly
1334,Thomas Walker,44,kellywilson@example.net,"0421 Jake Turnpike Apt. 761, Amberbury, MN 88646",Mobile,2938,Premium,3 Month
1335,Roy Clark,44,nwilliamson@example.com,"Unit 1394 Box 7927, DPO AE 72952",Desktop,1304,Premium,3 Month
1336,Jessica Chen,44,joshuabrown@example.org,"1086 Jones Hollow, Port Cody, MA 02391",Desktop,9484,Premium,3 Month
1337,Monique Best,49,heatherroberts@example.org,"USNS Walker, FPO AP 58982",Desktop,1291,Premium,3 Month
1338,Cameron Richardson,44,ronald30@example.net,"506 Mary Cape, South Jennifer, ME 97574",Desktop,3909,Premium,Monthly
1339,Maria Valencia,44,chelseaross@example.net,"866 Stewart Corners, East Michael, ME 28204",Tablet,9194,Family,Monthly
1340,Elizabeth Anderson,35,bturner@example.net,"7543 Brenda Walk Suite 067, New Amandabury, MD 08658",Mobile,350,Premium,3 Month
1341,Shawn Black,44,jesusdiaz@example.net,"8047 Ellis Locks Suite 073, Port Ashley, CA 49244",Desktop,9215,Family,Yearly
1342,Mary Stevens,43,cobbjennifer@example.net,"3377 Stephens Island Suite 816, Thompsonside, AR 17750",Mobile,6186,Family,Monthly
1343,Keith Robinson,30,roy23@example.net,"483 Adriana Squares, Howardberg, VT 85336",Mobile,779,Premium,Monthly
1344,Jennifer Hunter,44,thompsondiana@example.net,"13787 Anne Inlet, Elizabethmouth, CT 40534",Mobile,4957,Free,Yearly
1345,Kaitlyn Taylor,29,rprice@example.com,"824 Katie Lane, West Caitlyn, OK 99064",Tablet,9663,Premium,3 Month
1346,Leslie Garcia,44,heatherwilson@example.com,"942 Amanda Orchard, Lawrenceview, TX 98059",Tablet,4932,Family,Yearly
1347,Brian Zuniga,28,taylorgarcia@example.com,"38142 Stephanie Tunnel, Kimberlyview, OH 25896",Tablet,3948,Premium,Yearly
1348,Manuel Tate,46,pamela67@example.org,"913 Roberts Hollow Suite 685, Port Sarahfurt, WY 70052",Desktop,7029,Premium,3 Month
1349,Tracy Mclaughlin,44,bellkathy@example.org,"203 Wang Inlet, Bakerberg, HI 11460",Tablet,1396,Premium,3 Month
1350,Kimberly Higgins,64,heather50@example.com,"5232 Becker Bridge, New Laura, WV 23178",Desktop,8556,Free,3 Month
1351,Jamie Beck,44,nicholashatfield@example.org,"023 Ford Row, Jessicaborough, HI 91962",Mobile,1812,Premium,3 Month
1352,Alicia Valdez,44,whitemegan@example.net,"3645 Phillips River, Wrightbury, OR 80847",Desktop,8020,Premium,Monthly
1353,Matthew King,68,halljeffrey@example.net,"5736 Amanda Extensions Suite 698, North Nicole, SD 86751",Desktop,5511,Family,Monthly
1354,Amanda Williams,52,veronica23@example.net,"9784 Hayley Alley, South Amy, AK 37519",Tablet,1731,Free,3 Month
1355,Jessica King,59,bakerdave@example.com,"1131 Fletcher Squares, Lake Cindybury, GU 62215",Tablet,4085,Family,Monthly
1356,Christina Little,44,alexanderking@example.com,"28972 Reginald Route, Lisaland, MA 61769",Mobile,2986,Premium,3 Month
1357,Lisa Andrews,44,nsmith@example.net,"87833 Anthony Field Suite 792, West Theresaside, TX 01469",Mobile,7068,Free,3 Month
1358,Katherine Mccormick,44,mitchellmakayla@example.com,"47015 Joseph Freeway, Griffithshire, FL 61881",Desktop,7792,Premium,Yearly
1359,Levi Murphy,44,rsmith@example.net,"9451 Robert Ford Suite 422, Meghanton, KS 40429",Mobile,9354,Family,3 Month
1360,Stuart Cunningham DVM,44,uoconnell@example.net,"680 Calhoun Burg, Lake Emilymouth, MD 43271",Tablet,1226,Free,Yearly
1361,Rodney Adams,50,gregoryford@example.net,"21126 Sandra Dale Suite 065, East Shannon, PA 58481",Desktop,1944,Premium,Monthly
1362,Mallory Griffin,65,ggomez@example.net,"875 Moss Villages Apt. 760, Sanchezfort, SD 55727",Desktop,677,Free,Monthly
1363,Nicholas Wheeler,44,josehernandez@example.net,"930 Ryan Garden, Port Tracyborough, MA 94060",Tablet,1214,Free,Yearly
1364,Gina Smith,59,louis48@example.com,"920 Mendoza Motorway, Myersfurt, ME 91603",Desktop,2318,Family,Monthly
1365,Adrian Bennett,44,hrodriguez@example.org,"1414 Bridget Heights Suite 515, Elliottside, OH 45340",Mobile,8332,Free,3 Month
1366,Mary Winters,44,watkinsbeth@example.net,"797 Todd Ramp, Lake Lisaberg, MH 06836",Desktop,3193,Free,3 Month
1367,Isaac Cook,44,davidvalenzuela@example.com,"842 Jay Village, Lake Josephmouth, IL 07817",Mobile,5158,Family,Yearly
1368,Richard Booker,44,jasonpittman@example.net,"68598 Sarah Cape Apt. 078, Nelsonbury, WA 36026",Mobile,5066,Premium,3 Month
1369,Crystal James,32,thompsoncarrie@example.org,"536 Anita Drives Suite 329, West Julie, MH 67721",Desktop,8062,Premium,3 Month
1370,Brian Ramirez,44,moorematthew@example.net,"77316 Richards Flats Suite 381, Taylormouth, NH 72840",Tablet,1551,Premium,3 Month
1371,Diane Mendez,24,dunnstephanie@example.com,"991 Matthew Ville, Villarrealmouth, SD 48530",Desktop,1287,Family,Yearly
1372,Beth Mcgee,52,smithheather@example.org,"5959 Griffin Extension, Danielview, MA 89867",Desktop,7580,Premium,Yearly
1373,Douglas Carr,44,kelly35@example.net,"9216 Sanders Garden, Port Ericshire, NJ 01127",Tablet,8987,Premium,3 Month
1374,Michelle Allen,44,paul45@example.com,"18241 Stephanie Landing Suite 756, Phelpsburgh, UT 80353",Tablet,5728,Premium,Monthly
1375,Scott Richardson,25,lopeznicole@example.net,"469 David Forest, Lake Katherineborough, PW 20449",Desktop,5156,Family,3 Month
1376,Jacob Smith,44,reyessarah@example.com,"43366 Jeffery Crest, Waltonborough, RI 29746",Mobile,3542,Family,3 Month
1377,Christina Burns,44,rduran@example.com,"39020 Holmes Walks Suite 924, Brianside, WV 47701",Tablet,7545,Free,Yearly
1378,Tina White,44,kelseyzimmerman@example.org,"08382 Barbara Lane, Port Carolineport, SC 58606",Mobile,8393,Family,3 Month
1379,Edward Ortiz,44,judith31@example.com,"813 Thomas Extensions, South John, FL 10917",Mobile,6262,Family,3 Month
1380,Sarah Saunders,33,sjimenez@example.com,"PSC 3040, Box 7601, APO AE 40694",Tablet,3042,Free,Yearly
1381,Amy Suarez,44,elizabeth71@example.com,"98668 Stephanie Vista, Toddstad, WA 66166",Tablet,2705,Free,3 Month
1382,Richard Brown,42,brianhodges@example.org,"PSC 7719, Box 3703, APO AP 85872",Tablet,483,Family,Yearly
1383,Kenneth Jones,26,nicholas29@example.org,"397 Soto Bypass Suite 423, Harperview, ID 87958",Tablet,2715,Premium,Monthly
1384,Pamela Freeman,44,arichardson@example.net,"350 Hodges Ramp Apt. 751, Lake Sarashire, GA 46480",Mobile,6715,Free,3 Month
1385,Ronald Horton,44,mary10@example.org,"03975 Tracey Fork Apt. 106, East Heidi, ME 58498",Tablet,2666,Premium,3 Month
1386,Brandi Little,52,vincentrebecca@example.com,"31918 Matthew Springs, Trevorborough, UT 79800",Mobile,4376,Free,3 Month
1387,John Boyer,65,charlesjacobson@example.com,"729 Webb Village, Emilymouth, TX 77940",Desktop,3853,Free,Yearly
1388,Stephanie Barker,44,christopherstewart@example.net,"141 Romero Tunnel, Jamestown, DE 83542",Mobile,6667,Premium,Monthly
1389,Brittany Powers,44,hamiltonpeter@example.org,"15884 Anderson Squares, Jacksonton, CO 68325",Desktop,2187,Premium,3 Month
1390,Jessica Wilson,19,lopezalison@example.org,"1335 Jordan Villages, Reynoldston, MA 31486",Desktop,9190,Family,3 Month
1391,Elizabeth Fuller,56,michaelgilbert@example.com,"Unit 1704 Box 4368, DPO AA 12215",Tablet,8932,Free,3 Month
1392,Brianna Mcbride,44,qromero@example.com,"656 Bowers Neck, East Stephanie, NH 07149",Mobile,8093,Family,3 Month
1393,Christopher Brown,68,nicolemartin@example.com,"9987 Garcia Parkways Apt. 348, New Thomasbury, NC 62055",Mobile,5924,Free,Yearly
1394,Amanda Boyle,67,thomas19@example.com,"52429 Barrett Valleys, West Christophershire, AR 74304",Desktop,8563,Premium,3 Month
1395,Christian Jones,44,michelle47@example.net,"Unit 9042 Box 9601, DPO AP 81455",Tablet,6038,Family,Yearly
1396,Jennifer Brown,44,smann@example.net,"527 Angela Estates Suite 629, Lake Kelsey, WY 55598",Mobile,150,Free,Yearly
1397,Miranda Reyes,41,bgrant@example.com,"Unit 6330 Box 8417, DPO AP 27593",Desktop,2362,Premium,Yearly
1398,Christopher Baker,44,ryan24@example.org,"38656 Hill Forges, Martinezville, IA 67132",Mobile,2498,Family,Yearly
1399,Haley Garcia,66,aklein@example.net,"58580 Laurie Road Apt. 531, West Sophia, CT 26601",Desktop,5592,Family,3 Month
1400,Anthony Ortega,35,hallmatthew@example.net,"PSC 5703, Box 1030, APO AP 10961",Mobile,1304,Premium,Yearly
1401,Jessica Brown MD,44,adamsthomas@example.net,"46930 Christina Throughway Apt. 301, Staceyside, SC 59909",Mobile,2646,Premium,Yearly
1402,Curtis Cooley,44,lewiscatherine@example.org,"89447 Sabrina Ports Suite 296, Davidmouth, VT 11470",Tablet,658,Premium,Monthly
1403,Sandra Richard,55,jerry43@example.org,"2639 Monroe Trail, Lake Heather, TX 11209",Desktop,2602,Premium,3 Month
1404,John Wilson,44,kim25@example.net,"32610 Small Field, West Roberta, WA 16630",Tablet,9004,Free,3 Month
1405,Matthew Pittman,44,clarkjustin@example.net,"132 Rojas Junction, Samuelview, IL 90763",Desktop,7561,Premium,Monthly
1406,Seth Nelson,44,rachael58@example.org,"802 Walter Square Suite 992, Pricechester, VT 44278",Mobile,9904,Free,3 Month
1407,James Mendoza,32,roweerin@example.net,"26958 Hardy Green, Port Kathrynmouth, LA 24033",Tablet,4290,Free,3 Month
1408,Nathaniel Greene,44,eugenewalker@example.org,"23051 Doris View Suite 203, Barbaraland, VI 05468",Desktop,4400,Premium,Yearly
1409,Robert Schwartz,44,qwaters@example.com,"58250 Reed Loaf Suite 959, Lake Debra, WY 89064",Tablet,7982,Family,3 Month
1410,Anthony Ruiz,44,janice62@example.org,"2386 Kelly Ferry Apt. 582, Mitchellview, OR 54541",Desktop,1273,Premium,Yearly
1411,Brandon Crawford IV,44,osbornebryan@example.com,"679 Barrett Radial Suite 746, Thomasside, CT 52785",Desktop,9565,Free,Yearly
1412,Brad Lewis,59,lindsaywagner@example.com,"836 Allen Greens, Gallaghermouth, NY 82454",Desktop,7369,Free,Monthly
1413,Mary Owens,44,amandarodriguez@example.com,"39245 Johnston Village, South Jameshaven, AR 25960",Desktop,642,Family,Yearly
1414,Daniel Ayers,69,wjohnson@example.com,"662 Webster Plains Apt. 358, Samanthafurt, OR 72231",Mobile,4191,Premium,3 Month
1415,Alexis Crosby,48,whiteanna@example.org,"940 Mason Inlet, North Christopher, VA 24332",Mobile,2790,Premium,Monthly
1416,Caleb Avery,24,karen07@example.net,"PSC 8467, Box 0248, APO AA 28330",Mobile,4590,Free,Monthly
1417,Matthew Hartman,30,christina76@example.net,"9082 Paul Via Suite 191, Staffordton, MT 69038",Desktop,4044,Free,Monthly
1418,Molly May,65,jasonsims@example.org,"739 Rios Cove Apt. 901, Michaeltown, NY 94621",Tablet,738,Free,Yearly
1419,Jeffrey Todd,44,seth63@example.com,"PSC 5058, Box 4384, APO AE 66529",Desktop,8896,Premium,Yearly
1420,Paul Brown,44,davismatthew@example.net,"USNV Frederick, FPO AA 86682",Mobile,3625,Free,3 Month
1421,Seth Wallace,27,williamsamanda@example.org,"48512 Rachael Road, Kingberg, CA 72934",Mobile,7587,Family,Yearly
1422,Cynthia Rich,44,sandra81@example.org,"USNV Anderson, FPO AA 18226",Tablet,2789,Family,Yearly
1423,Sydney Castro DDS,33,gabriellegibson@example.net,"7235 Gardner Trail Apt. 651, Williamstad, WI 67714",Desktop,7000,Family,3 Month
1424,Dawn Gallagher,26,wpowell@example.com,"92989 Rogers Ports, Jenniferberg, AZ 69477",Desktop,5073,Premium,Yearly
1425,Erika Daugherty,44,jacob81@example.net,"759 Emily Point Suite 065, West Gabriella, NY 79810",Mobile,5440,Premium,3 Month
1426,Michelle Cook,47,vcampbell@example.org,"1172 Richard Forest, South Ashleyborough, GU 30889",Mobile,2325,Free,Yearly
1427,Christopher Mcintyre,37,gordonpaula@example.org,"PSC 3847, Box 2440, APO AE 67302",Tablet,4643,Premium,Yearly
1428,Jennifer Roberson,41,christopherobrien@example.net,"2733 Mariah Street, Huynhland, KY 82964",Desktop,2397,Free,3 Month
1429,Steven Berry,44,amandashepard@example.org,"3292 William Hill Suite 202, South Christian, OH 58118",Mobile,8964,Premium,3 Month
1430,Kerry Cook,30,campbelljill@example.org,"36554 Stacy Drive, Clarkview, OH 22238",Mobile,7331,Free,3 Month
1431,James Werner,44,lovemaria@example.net,"09755 Smith Cliffs, West Richardville, DE 25095",Mobile,2790,Free,3 Month
1432,David Conner,54,wolftodd@example.org,"PSC 4925, Box 5162, APO AA 02540",Mobile,2027,Premium,3 Month
1433,Anthony Campbell,44,patriciathomas@example.net,"PSC 7827, Box 5501, APO AA 24467",Desktop,4918,Family,Yearly
1434,Traci Bradley,44,aaron72@example.org,"6063 Sandra Stravenue, West Kevinfurt, AL 83844",Tablet,5031,Family,Yearly
1435,Laurie Mora,38,briancochran@example.net,"846 Steve Streets Apt. 659, Meyersland, PA 24119",Tablet,3536,Family,Monthly
1436,Scott Silva,44,cynthia43@example.org,"840 Griffith Meadow Apt. 043, South Raymond, MD 88885",Mobile,4980,Premium,3 Month
1437,Vanessa Roth,44,zhangalyssa@example.net,"70044 Wilson Landing Apt. 566, Andreafurt, FM 88319",Desktop,534,Premium,3 Month
1438,Blake Russell DVM,52,rodriguezoscar@example.com,"77781 May Land, Orozcoside, AS 29972",Desktop,377,Premium,3 Month
1439,Kenneth Foster,49,joshua60@example.com,"48423 Kevin Common, Kingchester, MN 11816",Mobile,1842,Premium,Monthly
1440,Wendy Alexander,39,melaniehernandez@example.com,"060 Steele Common, Woodwardborough, NM 23220",Mobile,3351,Premium,Monthly
1441,Amanda Hall,28,stephanie24@example.org,"76773 Veronica Hills Suite 271, West Bradleyberg, FM 31178",Desktop,1143,Premium,Yearly
1442,Samuel Smith,21,ndavis@example.org,"4031 Skinner Pines Apt. 089, North Rhondaville, ND 35809",Mobile,7545,Family,Yearly
1443,Eddie Hall,44,qmurphy@example.net,"82622 Allen Pass, Bridgestown, ID 63863",Tablet,7748,Free,Yearly
1444,Alfred Perkins,44,mike98@example.net,"407 Griffin Locks Apt. 075, East Sean, PA 29894",Tablet,6296,Premium,Monthly
1445,Joshua Armstrong,44,thomasreynolds@example.com,"47843 Cassandra Inlet, West Danaland, GU 72519",Tablet,2852,Family,Yearly
1446,Marie Lane,44,jeffreydawson@example.com,"49548 Poole Flat, Jacksonbury, NM 04614",Mobile,6767,Family,3 Month
1447,Lonnie Moore,27,pearsonjacob@example.com,"138 Anderson Port, Port Adambury, MO 67341",Mobile,2474,Family,3 Month
1448,Brian Walton,44,samanthamiles@example.com,"185 Ryan Ferry Suite 338, Carlhaven, VI 82916",Desktop,1798,Family,Yearly
1449,John Blanchard,70,vshelton@example.com,"5613 Mcfarland Pike, Walshborough, MS 62522",Tablet,5174,Free,3 Month
1450,Michael Bradley,44,carrie31@example.net,"009 Gibson Lodge Suite 009, Stephaniehaven, HI 75189",Mobile,7028,Free,3 Month
1451,Tiffany Reeves,44,andradeashley@example.org,"464 Dyer Harbors, East Johnnymouth, AK 46653",Tablet,7782,Premium,Yearly
1452,Steven Rogers,40,amybecker@example.net,"8129 Tucker Junction Suite 911, Hunterfort, MD 50607",Tablet,3379,Premium,Yearly
1453,Wendy Lambert,63,travis21@example.org,"09842 Melissa Fords Suite 174, West Lisa, TN 60666",Tablet,6503,Free,Monthly
1454,Denise Perez,39,littlejohn@example.net,"2208 Melissa Stream Suite 038, New George, OK 30076",Mobile,8204,Premium,Yearly
1455,Stacey Bradley,44,nicholas71@example.org,"09286 Bailey Divide, Michaelview, MT 65696",Mobile,6036,Family,Yearly
1456,Wendy Gonzalez,66,jeffrey49@example.net,"49340 Dalton Rue, Roberthaven, MP 99559",Desktop,3325,Free,3 Month
1457,Kevin Bailey,37,smithwendy@example.net,"87089 Tiffany Falls Suite 074, Walltown, OR 94378",Tablet,7876,Family,Yearly
1458,Curtis English,44,davisjoshua@example.net,"2436 Kathleen Extensions Apt. 736, North Amandahaven, DE 12835",Mobile,1415,Premium,Monthly
1459,Aaron Davis,44,dferguson@example.net,"7636 Valerie Orchard, North Andrew, SC 29125",Desktop,7294,Premium,Monthly
1460,Rebecca Flores,44,martinezashley@example.com,"465 Nicole Spur, Port Samanthaview, DC 60229",Tablet,2123,Family,3 Month
1461,Emily Harrison MD,66,pricejessica@example.net,"288 Crystal Harbors, Erikchester, TX 56652",Tablet,6810,Premium,Yearly
1462,Denise Cooper,35,richardsonjennifer@example.org,"01268 Peterson Ville Suite 195, East Rubenchester, MD 84155",Desktop,9903,Premium,3 Month
1463,Patricia Dunn MD,40,donna10@example.net,"5355 Jason Path, Port Robert, NH 14568",Desktop,8913,Premium,3 Month
1464,Kristy Burgess,60,gregoryfrederick@example.net,"125 Harris Station Suite 234, Smithville, MP 20624",Tablet,2447,Free,3 Month
1465,Nathan Thompson,44,joshuacraig@example.net,"21336 Taylor Ports, Port Crystalfurt, CT 06898",Desktop,4586,Premium,Monthly
1466,James Gonzalez,43,nelsonglenn@example.net,"7920 Jessica Points Suite 579, Lake Davidland, OK 21630",Mobile,6852,Premium,Yearly
1467,Maria Pruitt,29,tony16@example.org,"Unit 7104 Box 8930, DPO AP 99869",Mobile,8121,Family,3 Month
1468,Lynn Taylor,44,tuckerzachary@example.com,"83181 Yoder Shoal, Beckerfurt, PA 24863",Desktop,5633,Family,Monthly
1469,Jessica Foster,44,anthony27@example.com,"773 Mann Field, North Zacharymouth, DC 94684",Mobile,2429,Family,Yearly
1470,Darrell Martin,44,caroline98@example.net,"52899 Jordan Wall, South David, DE 56705",Tablet,6391,Premium,Yearly
1471,Steven Wang,48,orodriguez@example.org,"040 Jose Glens Suite 943, Fritzfurt, VA 50524",Tablet,2739,Premium,3 Month
1472,Richard Barker,44,stephaniethompson@example.net,"23340 Jordan Rest Apt. 769, Port Pamelafort, NV 48790",Mobile,7603,Premium,3 Month
1473,Douglas Perry,18,bethbrown@example.org,"USNV Archer, FPO AE 87395",Tablet,2898,Free,3 Month
1474,Charles Ritter,57,rfrazier@example.com,"12448 Vargas Union Suite 210, North Jennifer, NM 67953",Desktop,4479,Family,3 Month
1475,Bridget Smith,19,swalker@example.org,"USS Mcmahon, FPO AP 38646",Tablet,1635,Family,Monthly
1476,Shane Richard,39,danny25@example.org,"9899 Carter Circles Apt. 386, West Amber, VT 72294",Desktop,3127,Family,Monthly
1477,Jeffrey Cortez,49,uparks@example.org,"20241 Potter Trafficway Apt. 831, Ruizburgh, NC 20927",Desktop,5165,Family,Yearly
1478,Anne Ryan,29,mnelson@example.com,"15813 Justin Trace Suite 639, Zacharyhaven, OH 26971",Desktop,2500,Free,3 Month
1479,Sandra Sanchez,44,cole71@example.net,"6883 Christine Court Apt. 284, Michelleside, OH 70567",Desktop,7554,Premium,Monthly
1480,Kristine Daniels,44,robert03@example.org,"2332 Nash Fields Suite 334, West Jimmyburgh, AL 43367",Tablet,6212,Premium,Yearly
1481,Dana Allen,51,jennifer51@example.org,"215 Christian Loop, Stevenmouth, RI 59853",Mobile,5069,Free,Yearly
1482,Daniel Griffith,44,schneiderkelsey@example.org,"USNS Gibson, FPO AE 04302",Desktop,998,Premium,Yearly
1483,Timothy Ward,22,annette42@example.com,"Unit 6450 Box 0130, DPO AA 90296",Desktop,5596,Premium,Yearly
1484,Bradley Rojas,44,andrew23@example.com,"1495 Ashley Bridge Apt. 544, Griffinbury, AR 46183",Mobile,2301,Premium,Monthly
1485,Christopher Ibarra,58,rebecca68@example.net,"USNS Nguyen, FPO AE 88251",Desktop,2446,Free,3 Month
1486,Michelle Garcia,57,michaelsmith@example.org,"8600 Bauer Bypass, New Blake, MN 11550",Mobile,1252,Premium,Yearly
1487,Adam Ross,44,lmorgan@example.com,"55148 Leslie Row Apt. 376, Sierramouth, CT 68761",Desktop,9108,Free,3 Month
1488,Aaron Aguilar,44,whitneymorris@example.org,"55275 Daryl Forest Apt. 031, Whiteburgh, SC 92029",Desktop,6918,Free,Yearly
1489,Joanna Brown,44,cordovaaustin@example.net,"76612 Moran Burgs, Tiffanyton, NV 31031",Mobile,4323,Family,Monthly
1490,Michael Oneill,44,laurenporter@example.net,"787 Amanda Viaduct, Lake Rebeccahaven, PW 13498",Mobile,764,Premium,Yearly
1491,Eric Thomas,44,apadilla@example.org,"7530 Good Wells, Andrewbury, VT 91462",Tablet,8415,Premium,3 Month
1492,Juan Garrison,44,ronaldboyd@example.net,"73556 Gonzales Prairie, North Michaelbury, GU 34155",Tablet,3662,Free,Yearly
1493,James Wilson,59,mflowers@example.org,"498 Lloyd Extensions, Bartonburgh, SD 91780",Desktop,776,Family,Monthly
1494,Luis Kim,44,sheilaparks@example.net,"4843 Mary Underpass, Tannerstad, MT 72923",Mobile,4289,Family,Yearly
1495,Patricia Solomon,44,zburch@example.com,"651 Kristina Island Apt. 775, South Thomas, MA 71631",Mobile,3831,Free,Monthly
1496,Cameron Savage,44,ylyons@example.net,"146 Joshua Club Suite 314, New Sarahmouth, VA 49303",Tablet,335,Premium,Yearly
1497,Clarence Griffin,44,dean92@example.org,"394 Gregg Lane, Paulburgh, CO 21942",Mobile,7180,Family,Yearly
1498,James Casey,44,morrismichael@example.net,"944 Velez Via Apt. 567, Sextonfurt, PW 73646",Tablet,5432,Premium,Monthly
1499,Bruce Manning,44,pcox@example.com,"0900 Kyle Mill Suite 912, Valenzuelatown, MT 24236",Desktop,1418,Premium,Yearly
1500,Brandon Foster,39,kyle04@example.com,"7897 Jodi Trace, New Lori, PA 52014",Desktop,2775,Family,3 Month
1501,Cory Nguyen,29,phillipstyler@example.org,"525 Jennifer Village Suite 403, New Dianebury, AS 59027",Mobile,7697,Premium,Monthly
1502,Jonathan Patel,44,xsims@example.net,"185 Raven Falls, Christopherbury, NC 75062",Mobile,2112,Free,Yearly
1503,Kristin Lee,68,plee@example.com,"71632 Kristopher Burgs, North Stanleymouth, IL 04517",Tablet,7608,Free,Yearly
1504,Devin Brown,44,martinezdaniel@example.com,"83256 Warren Stream Suite 789, Port Blakebury, PR 13683",Mobile,6325,Free,Yearly
1505,Tyler Miller,44,skinnervanessa@example.net,"9884 Walker Rapid Apt. 247, East Brittany, MO 93465",Tablet,3460,Premium,Yearly
1506,David Johnson MD,68,gainescharles@example.net,"1812 Taylor Port, Bobville, SD 94750",Mobile,493,Free,Yearly
1507,Andrea Kelley,25,shannoncollins@example.com,"5404 Michael Cape, North Ronald, OR 60342",Desktop,9530,Premium,Yearly
1508,Dustin Brown,50,allisondavid@example.net,"63180 Thompson Cliff Suite 422, Martintown, GA 39965",Desktop,6353,Premium,Monthly
1509,Alexis Mueller,44,cynthiaknight@example.org,"941 David Mills, Samuelberg, MD 60527",Desktop,6680,Premium,Yearly
1510,Charlene Ross,44,todd56@example.org,"PSC 6622, Box 5861, APO AP 43086",Mobile,6674,Premium,Monthly
1511,Aaron Hanna,48,martinezwillie@example.net,"2118 Harvey Road, Port Kelly, OR 74525",Tablet,9042,Premium,Yearly
1512,Jeremy Baker,52,mshields@example.com,"183 Shannon Rest, South Danielchester, NE 07390",Desktop,5934,Free,3 Month
1513,Mario Ward,18,lovekevin@example.net,"584 Lee Spring, Jeanneborough, MP 58331",Tablet,856,Premium,3 Month
1514,April Wilkerson,63,kimberly20@example.org,"0546 Bennett Orchard, Danielletown, PW 14387",Desktop,6826,Free,3 Month
1515,Brenda Lynch,18,hullkelly@example.com,"449 Maria Burgs Apt. 873, Port Dawn, NE 05605",Tablet,7443,Free,3 Month
1516,Susan Perez,44,christywoods@example.com,"7161 Christopher Fords, New Jasmine, KS 66580",Tablet,5605,Family,Monthly
1517,Lee Odom,33,shermanjohn@example.org,"3190 Rosales Flat Suite 946, East Kristen, NV 20692",Desktop,9303,Premium,Monthly
1518,Samuel Rowe,48,operez@example.org,"51095 Archer Parkway Suite 493, Turnerfurt, OK 81302",Desktop,7015,Family,Monthly
1519,Savannah Mitchell,44,lbrown@example.net,"93870 Gonzalez Stream Suite 243, East Kayla, SD 89483",Tablet,6436,Family,Yearly
1520,Lauren Alexander,24,hollymartin@example.org,"Unit 3715 Box 9856, DPO AP 05925",Desktop,208,Family,3 Month
1521,Tiffany Coleman,47,tina12@example.com,"7074 Jeanette Via, New Marissafurt, AZ 86501",Desktop,4091,Free,Monthly
1522,Barbara Shelton,44,lkelly@example.org,"2211 Susan Centers, North Julie, MT 69116",Tablet,6352,Free,Monthly
1523,Mary Jordan,44,phillipskayla@example.net,"475 Christopher Haven, West Joannashire, GA 51472",Desktop,8573,Family,Monthly
1524,Daniel Deleon,45,zgreen@example.net,"Unit 2453 Box 0739, DPO AP 30404",Desktop,6376,Premium,3 Month
1525,Sara Taylor,44,wblair@example.com,"USNV Reyes, FPO AP 29034",Desktop,8406,Free,Monthly
1526,Gary Mcneil,67,petersontodd@example.com,"97422 Graham Lakes, Peterfurt, OK 42530",Tablet,2291,Family,3 Month
1527,Rebecca Lopez,52,bryantsean@example.net,"786 Delacruz Lodge, Kramerview, FM 77458",Desktop,711,Free,3 Month
1528,Amy Hobbs,44,victoriaandrade@example.com,"5408 Donovan Ridges Apt. 678, Williamsmouth, AS 84084",Tablet,3521,Premium,3 Month
1529,Calvin Pruitt,59,watersbrad@example.org,"14113 Christopher Falls Apt. 090, Owenstown, PW 26124",Mobile,7572,Premium,Yearly
1530,Frank Valdez,49,alexanderfreeman@example.org,"6072 Keith Crossroad, Melanieborough, WI 70368",Desktop,1854,Premium,Yearly
1531,Brittany Buckley,53,paulrowe@example.com,"5377 Lauren Parks Apt. 972, Lake Jennifertown, MA 86608",Desktop,1455,Free,3 Month
1532,Jack Clarke,24,solson@example.com,"97863 Tiffany Oval Apt. 767, Frankbury, NJ 13431",Desktop,986,Premium,Yearly
1533,Matthew Boyd,44,jack07@example.com,"94062 Medina Divide, Davisview, MH 32557",Desktop,6278,Family,Monthly
1534,Nicolas Dalton,44,yangcasey@example.org,"471 Johnson Green Apt. 050, Martinport, NM 50879",Desktop,3319,Family,Monthly
1535,Angela Hernandez,46,fischersarah@example.com,"550 Sanders Avenue Suite 718, Deniseside, WV 64993",Mobile,3550,Premium,Monthly
1536,Christina Ramos,44,carlsonbryan@example.net,"54385 Amber Divide Apt. 250, Mackside, WI 57680",Mobile,7421,Premium,Yearly
1537,Jared Jones,44,chaneyandrea@example.org,"72719 Shane Trace, Marshallmouth, NV 47202",Mobile,8179,Premium,Monthly
1538,Chase Padilla,44,jamesfrancis@example.com,"59748 Shawn Spurs, Jessicafurt, WV 60889",Desktop,696,Premium,3 Month
1539,Daniel Ball,44,alexanderalejandro@example.net,"52212 John Row, Charleschester, CT 32952",Mobile,5937,Free,Yearly
1540,Kimberly Griffin,70,sandracunningham@example.org,"USNV Jones, FPO AE 02614",Desktop,4410,Premium,Monthly
1541,Alexis Andrews,44,ecampbell@example.org,"9882 Ho Station, New Bryan, MH 09851",Desktop,7178,Premium,Yearly
1542,Mark Boyd,44,xharmon@example.org,"23544 Morris Lake, Melissaborough, IN 58604",Desktop,6354,Family,Monthly
1543,Jason Quinn,44,torresbradley@example.com,"PSC 6972, Box 3010, APO AP 86980",Mobile,7773,Free,3 Month
1544,Shane Sawyer,63,jenniferprice@example.net,"158 Robertson Land, Cochranside, MP 09383",Desktop,9423,Family,Yearly
1545,Christopher Gilbert,44,ayersrebecca@example.com,"378 Campbell Lane Suite 529, Hendersonfurt, PW 85074",Tablet,8086,Family,Monthly
1546,Thomas Fischer,44,theresabrown@example.org,"0959 Johnson Hill, South Judyshire, MO 88586",Desktop,4582,Premium,3 Month
1547,Kathryn Jackson,41,schmidtrussell@example.net,"5143 Michele Extensions Apt. 509, Lake Scottside, FM 70981",Desktop,788,Family,Monthly
1548,Rachel Cox,31,fowlersteven@example.com,"779 Morris Extension Suite 706, New Stacyberg, NH 12429",Desktop,153,Premium,Yearly
1549,Colleen Michael,44,rebeccadickson@example.org,"102 Hannah Tunnel Suite 269, Lake Victoriamouth, DC 21954",Mobile,8022,Free,Monthly
1550,Gregory Matthews,44,umyers@example.net,"4319 Cervantes Views, Jessicastad, AZ 43159",Mobile,5104,Premium,3 Month
1551,Donald Wilson,44,oolson@example.com,"7409 Maldonado Inlet Apt. 445, Bonniebury, PA 55999",Tablet,672,Family,Yearly
1552,Julie Barrett,66,teresa98@example.org,"456 Leslie Islands Suite 122, South Diana, NY 49625",Desktop,3896,Premium,Yearly
1553,Allison Summers,44,brandi57@example.org,"4323 Walters Corner, West Ryan, MT 13924",Desktop,1991,Premium,Monthly
1554,Brooke Sparks,44,blacksamuel@example.org,"742 Kelly Camp Suite 611, Taraside, TN 66579",Desktop,6932,Premium,3 Month
1555,Nicholas Jones,31,williamsvincent@example.com,"7625 Davidson Centers, Davidberg, ME 36860",Desktop,6784,Family,Monthly
1556,Brian Moody,44,george88@example.org,"75136 Rich Place Apt. 379, East Brian, UT 09368",Desktop,8357,Free,Monthly
1557,Daniel Simpson,44,victoriabaird@example.net,"38589 Anthony Canyon, Fisherhaven, WY 86550",Tablet,5529,Premium,Monthly
1558,Debra Thomas,19,nealscott@example.com,"85154 Jones Lakes, Hernandezland, WY 99033",Desktop,9755,Premium,Yearly
1559,Melinda Wright,44,christopherandrews@example.com,"809 Tara Points, Michaelton, GA 69065",Desktop,5497,Family,3 Month
1560,Maria Smith,47,wattssabrina@example.com,"71484 Anna Ferry Apt. 800, New Brentport, AL 02945",Mobile,4123,Family,Yearly
1561,Catherine Robinson,34,carlos65@example.com,"917 Holder Spur, Thomasburgh, MT 03780",Tablet,571,Premium,Yearly
1562,Deborah Garcia,44,fmoore@example.net,"66898 Jonathan Islands, South Elizabethchester, AK 53775",Mobile,912,Premium,Yearly
1563,Ethan Roman,49,kim60@example.com,"333 Green Common Suite 292, North Andrew, ID 75938",Mobile,4427,Premium,3 Month
1564,Christian Armstrong,64,kristinjordan@example.com,"672 Reed Turnpike, Watsonmouth, GU 94338",Desktop,9592,Premium,Monthly
1565,Trevor Ross,22,nrogers@example.com,"PSC 5794, Box 8056, APO AA 67538",Desktop,2445,Family,Yearly
1566,Gregory Roy,44,joshuamorrow@example.org,"44030 Rodriguez Mountain, New Jeffrey, PW 31792",Mobile,8549,Premium,3 Month
1567,Jeffrey Clark II,44,marthacollier@example.org,"95915 Rowe Corners Apt. 298, Lake Alanland, IL 67382",Tablet,5222,Family,Yearly
1568,Bailey Thomas,44,scampbell@example.com,"0334 Robles Cliffs Apt. 709, West Markmouth, IA 72217",Desktop,5841,Family,Monthly
1569,Diane Spears,44,michael17@example.com,"5158 Vanessa Summit Apt. 422, West Teresaton, NH 34910",Mobile,4084,Family,Yearly
1570,Alan Hensley,37,craig71@example.net,"1494 Maria Branch Suite 036, Lake Vincent, NY 09917",Desktop,9616,Premium,3 Month
1571,Reginald Mcguire,44,nina33@example.org,"49115 Laura Dam Suite 578, South Christopher, TX 74681",Mobile,3680,Premium,Monthly
1572,Brenda Davis,45,kaitlyn90@example.com,"2470 Zachary Fork, Loriton, VA 60523",Desktop,436,Premium,3 Month
1573,Francisco Lewis,49,zacharyday@example.com,"8218 Mary Creek, Antonioborough, OH 62683",Desktop,4801,Free,Yearly
1574,Amanda Sawyer,44,millermichael@example.net,"57357 Haney Lodge, South Mitchellbury, WA 40922",Desktop,1636,Free,3 Month
1575,Anthony Collins,44,collinskenneth@example.org,"Unit 7327 Box 0173, DPO AP 24999",Mobile,811,Free,Monthly
1576,Louis Fitzpatrick,44,rharrison@example.net,"7623 Susan Drive Apt. 928, West Jamesview, OK 96584",Desktop,9178,Premium,Monthly
1577,Jason Smith,44,cbruce@example.net,"1694 Lucas Trace, Joehaven, VT 68881",Desktop,9251,Free,Monthly
1578,Steven Gonzalez,44,steeleerin@example.org,"988 Stephanie Fields Suite 895, New Thomaschester, ID 66378",Desktop,6404,Premium,Yearly
1579,Shelly Franklin,32,pevans@example.com,"17514 Berry Trail Apt. 278, New Susan, TX 54605",Desktop,7561,Premium,Monthly
1580,Justin Ayers,67,arthuranderson@example.com,"58650 Joseph Inlet, West Allisonberg, MI 76438",Desktop,7700,Premium,3 Month
1581,Chelsea Perry,31,vasquezcaitlin@example.net,"53757 Thompson Mill, East Kevinfort, CA 26374",Mobile,9806,Premium,Monthly
1582,Matthew Cervantes,56,ccole@example.com,"130 Morgan Route, Bradshawtown, KY 92584",Desktop,6447,Free,3 Month
1583,Morgan Romero,44,arichards@example.net,"6816 Fuller Shores Apt. 986, Patriciaburgh, OR 43410",Mobile,9607,Premium,Yearly
1584,Christina Burke,44,amandawright@example.org,"60952 Zavala Points, New Elizabeth, MT 43402",Mobile,1959,Family,Yearly
1585,Jocelyn Winters,44,melissa25@example.net,"40276 Casey Walk, Baileyton, MT 32799",Desktop,8442,Premium,Yearly
1586,Kelly Gordon,44,pbarnett@example.net,"421 Taylor Lake Suite 227, Joneschester, MA 48459",Mobile,4803,Free,Monthly
1587,Crystal Aguirre,27,summerfowler@example.net,"0757 Harper Heights, Wangborough, HI 98436",Desktop,2544,Family,3 Month
1588,Sharon Warren,63,chloelopez@example.org,"8616 Michelle Estates Apt. 472, Port Michael, OH 54022",Desktop,4049,Premium,Yearly
1589,Stacie Huffman,44,vperry@example.com,"3497 Anderson Grove Suite 592, Port Heather, NY 45003",Mobile,940,Premium,Yearly
1590,Christine Reed,44,hmunoz@example.net,"420 Burton Pike Suite 846, Port Alyssa, IA 05427",Mobile,6133,Premium,Yearly
1591,Faith Kelly,58,daviswanda@example.net,"46130 Jasmine Lake Apt. 750, West Jameschester, AL 42681",Mobile,6265,Free,Yearly
1592,William Ellis MD,70,obrienkirsten@example.net,"96492 Flores Meadow Apt. 320, Brandontown, IL 64249",Desktop,8317,Premium,Yearly
1593,Denise Carter,44,imueller@example.org,"472 Daniel Divide, North Jessicachester, WY 74098",Mobile,767,Premium,Yearly
1594,Ashley Morales,44,zjones@example.org,"1600 Michael Circle Suite 304, Wheelerburgh, OK 00940",Desktop,6970,Premium,3 Month
1595,Justin Phillips,49,jrobinson@example.org,"80321 Shawn Port, East Gary, OH 53277",Mobile,2998,Premium,Yearly
1596,Gregory Bradley,44,youngjustin@example.net,"3129 Melissa Estates Apt. 887, Smithville, ID 32202",Desktop,7711,Family,Yearly
1597,Jacqueline Williams,44,tpeters@example.net,"00488 Maldonado Stream, Port Yolanda, PA 13921",Mobile,2475,Premium,Monthly
1598,Matthew Curry,57,lisasullivan@example.org,"75711 Martin Ports, Port Natashafurt, VT 33590",Desktop,8817,Premium,Monthly
1599,Teresa Mason,54,kristigeorge@example.com,"USCGC Hubbard, FPO AP 51751",Mobile,6677,Free,Yearly
1600,Robert Wilson,53,robertschroeder@example.org,"USNV Leonard, FPO AA 68650",Desktop,2304,Free,Monthly
1601,Heather Cruz,44,matthew98@example.com,"19822 Michelle Walk, Stephanieburgh, KS 88925",Mobile,5923,Free,Yearly
1602,Kevin Griffin,44,stephaniegarrett@example.net,"93880 Ryan Prairie Apt. 196, Christophershire, VA 48627",Desktop,8923,Free,Yearly
1603,Julia Jones,44,roberthampton@example.com,"7933 Oconnor Oval, Larsonbury, OH 19123",Desktop,6392,Premium,3 Month
1604,Jennifer Harper,46,erikbridges@example.com,"Unit 8261 Box 4746, DPO AP 60145",Desktop,481,Premium,Monthly
1605,Robert Santiago,44,kerrchristian@example.org,"Unit 3590 Box 1760, DPO AP 96430",Mobile,8967,Premium,Yearly
1606,Cheryl Porter,64,kevincollier@example.net,"250 Jasmine Shoal, Amyfurt, CA 29057",Tablet,2620,Free,3 Month
1607,Vanessa Harrison,44,elijahlyons@example.com,"91410 Robert Flat, Higginston, DC 66133",Mobile,9625,Premium,3 Month
1608,Austin Ward,44,qjimenez@example.net,"8771 Emily Drive Suite 556, New Jeffreyfurt, IA 73770",Mobile,7692,Family,Monthly
1609,Amanda Barker,44,kaiserdenise@example.net,"PSC 4323, Box 9953, APO AP 06364",Desktop,8288,Free,Yearly
1610,Cathy Summers,44,alexisthompson@example.net,"5846 Katherine Plains, Pollardstad, VT 27875",Desktop,7223,Premium,Yearly
1611,Timothy Blake,38,rachelcarter@example.com,"9871 Kristin Views Suite 448, Sarahville, UT 68573",Desktop,1228,Free,Monthly
1612,Jason Austin,38,christina40@example.org,"41707 Wilson Road Apt. 015, Lake Daniel, MI 62366",Desktop,1555,Free,Yearly
1613,Vicki Miranda,39,rbarnes@example.org,"176 Hicks Estates, Welchfurt, VI 92588",Mobile,2097,Family,Yearly
1614,Lee Baker,49,christopherpalmer@example.com,"Unit 5271 Box 8930, DPO AE 52694",Desktop,4392,Free,Monthly
1615,Andrew York,59,boltonsylvia@example.net,"25743 Barbara Streets, Amandastad, MT 19522",Desktop,9356,Premium,3 Month
1616,Joseph Green,44,keith09@example.com,"6254 Melissa View Suite 020, Morganbury, DE 60734",Tablet,3485,Premium,Yearly
1617,Brandon Sweeney,44,brian70@example.org,"302 Timothy Track Apt. 932, Gibbsview, NY 13614",Desktop,7667,Free,Monthly
1618,Scott Sullivan,44,martinmichael@example.net,"0929 Teresa Key, New Vincentfurt, ID 72687",Desktop,2239,Free,Monthly
1619,Tyrone Dennis,21,davidbarrett@example.org,"769 Mark Streets Apt. 053, Lake Angelicatown, GA 68945",Mobile,7533,Premium,3 Month
1620,Samantha Gonzales,33,nrobertson@example.org,"67435 Judith Center Suite 867, New Michelleland, IL 28151",Tablet,1942,Family,Yearly
1621,Erik Holmes,44,robbinswilliam@example.org,"469 Eric Fall Apt. 146, East Colleen, VI 47063",Tablet,5427,Premium,3 Month
1622,Jennifer Williams,44,keithjohnson@example.com,"1754 Kelly Hills Suite 786, East Scott, NY 94653",Tablet,3568,Premium,3 Month
1623,Bailey Alexander,49,mford@example.com,"9780 Diaz Port, Toddchester, OH 37200",Desktop,6663,Premium,3 Month
1624,Jonathan Smith,44,marilynellis@example.org,"8227 Bradshaw Estate Apt. 788, Lake Victoria, NE 24380",Mobile,2147,Family,3 Month
1625,Jason Graham,68,ronaldfoster@example.org,"16803 Matthew Hill Suite 216, Jacksonbury, DC 59565",Desktop,5410,Premium,Monthly
1626,David Miranda,44,ghouse@example.com,"30872 Brown Shores Suite 453, New Crystal, MT 73783",Tablet,3391,Premium,Yearly
1627,Stephanie Shaw,44,jonathan04@example.org,"69221 Richard Throughway, Port William, MD 73512",Desktop,905,Family,3 Month
1628,Katrina Sellers,50,brittanybridges@example.net,"96360 Johnson Locks, North Donna, NE 39454",Mobile,6453,Free,Monthly
1629,Jennifer Mendez,23,carrie03@example.com,"55620 Mitchell Squares Suite 361, East Keithland, MD 20984",Mobile,6564,Premium,Yearly
1630,Patricia Rogers,44,victoriadixon@example.com,"99373 Fox Stream, Patrickburgh, AZ 03538",Tablet,8629,Free,Monthly
1631,Aaron Lopez,44,nataliehill@example.com,"55262 Banks Center Apt. 365, Port Monicaborough, GU 75531",Mobile,4122,Premium,3 Month
1632,Samuel Hill,61,megan96@example.net,"326 Hall Land Apt. 372, Spencerfurt, MS 56650",Desktop,8454,Family,3 Month
1633,Pamela Rodriguez,44,marystewart@example.net,"173 Stephen Corners Apt. 495, Chapmantown, RI 52865",Mobile,4900,Free,Monthly
1634,Joann Jones,44,taylorduke@example.com,"USNS Avila, FPO AA 66266",Desktop,7662,Premium,3 Month
1635,Curtis Miller,69,rscott@example.net,"62935 Sarah Grove Apt. 594, North William, PA 51465",Desktop,5388,Family,3 Month
1636,Christopher Flowers,29,rhonda16@example.net,"57174 Stone Walks, South Michael, CA 81691",Desktop,9011,Family,Yearly
1637,Wendy Harris,44,bryan19@example.org,"79086 Flores Lakes Apt. 608, Blairview, PW 18697",Mobile,8246,Premium,Yearly
1638,Paula Zimmerman,62,ricardosmith@example.net,"44975 Brittany Heights, New Christopher, IN 56963",Tablet,6924,Free,3 Month
1639,Gregory Bishop,44,michael25@example.net,"26616 Angie Landing, Port Paula, KY 91306",Desktop,1654,Premium,3 Month
1640,Amy Perez,36,deborah02@example.com,"3227 Stephanie Rest Apt. 236, New Williamport, TX 10517",Desktop,8612,Free,3 Month
1641,Paul Bass,58,warnerronald@example.net,"834 Brooks Highway, Cisneroston, OK 70921",Tablet,4639,Premium,Yearly
1642,Alisha Sherman,44,deborah36@example.net,"7002 Chaney Highway, Meganmouth, NC 58679",Desktop,3192,Premium,Yearly
1643,Virginia Singh,44,vazquezpaula@example.com,"PSC 3069, Box 6893, APO AP 38393",Mobile,5919,Premium,3 Month
1644,Shawn Freeman,66,walshlynn@example.com,"1442 Adams Parkway, Lake David, DC 29001",Desktop,1316,Family,3 Month
1645,Tyler Wood,44,ronaldthomas@example.org,"0937 Justin Meadow, West David, OR 51402",Tablet,689,Family,Yearly
1646,Lori Bryant,44,jasonwilson@example.org,"761 Sandra Overpass Suite 731, Harrisborough, DE 30206",Mobile,4821,Free,Yearly
1647,Amy Vazquez,42,alicia00@example.com,"86679 Courtney Branch, East Kellie, MI 90598",Mobile,4784,Free,Yearly
1648,Margaret Oconnor,44,jsmith@example.com,"68342 Chase Flats, Sanchezmouth, MH 77265",Mobile,4927,Premium,Yearly
1649,William Harrington,44,jason82@example.com,"5412 Stephen Camp Suite 238, Fisherborough, WI 72610",Mobile,2283,Family,3 Month
1650,Heather Sullivan DVM,44,jeffrey50@example.org,"3965 Kurt Stravenue, East Ashleybury, PR 19293",Mobile,5323,Family,Yearly
1651,Dawn Barnes,44,amanda20@example.net,"720 Lisa Lock Apt. 371, New Rebeccaville, AR 64230",Desktop,5408,Free,Monthly
1652,Jaclyn Miller,44,becky16@example.com,"802 Johnson Meadows Suite 961, Simonbury, DE 42128",Tablet,3561,Premium,Monthly
1653,Rhonda Kim,44,robert35@example.net,"78363 Kathryn Harbor Suite 215, Lopezchester, MS 07056",Tablet,5161,Premium,3 Month
1654,Michael Parker,27,mary80@example.org,"08688 Shepard Junction Apt. 837, Port Sheena, CT 44271",Mobile,7700,Premium,Yearly
1655,Amber Ochoa,22,tamara61@example.org,"3373 Brian Village Apt. 757, Ronnieton, KY 49758",Desktop,9680,Free,3 Month
1656,Kelly Raymond,44,bking@example.net,"978 Valerie Trail Suite 666, Singhton, HI 36189",Desktop,2369,Free,Monthly
1657,Zachary Drake,48,benjaminsara@example.net,"305 Holly Creek, Powellshire, KY 35101",Desktop,5340,Family,3 Month
1658,Keith Hogan,50,nicolemyers@example.org,"63166 Patrick Cliff, Knightshire, MN 83602",Mobile,865,Free,Monthly
1659,Scott Morris,44,thomaswiggins@example.net,"2415 Peter Branch, Jessicaport, MD 65342",Desktop,4669,Premium,3 Month
1660,Michelle Hobbs,52,johnny49@example.net,"226 Kara Rue, Micheletown, ID 52065",Tablet,9086,Premium,Yearly
1661,Angela Wilkins,44,traci72@example.net,"Unit 1485 Box 8267, DPO AE 10166",Mobile,4507,Premium,Yearly
1662,Keith Doyle,53,melodynelson@example.org,"9659 Michael Dale Apt. 433, Thomasborough, FL 43904",Mobile,8964,Premium,3 Month
1663,Jennifer Tucker,44,joshuamiller@example.com,"8839 Alexandra Route Apt. 650, Melissachester, NM 19484",Desktop,6059,Family,Yearly
1664,Elizabeth Young,44,gomezdawn@example.com,"418 Lisa Corners Apt. 397, Harrellhaven, WV 31983",Mobile,9329,Family,3 Month
1665,Jennifer Edwards,56,mbaker@example.org,"0933 Joshua Roads Suite 689, Port Tammyburgh, NE 61861",Desktop,2673,Free,3 Month
1666,Shannon Ruiz,44,suttontravis@example.com,"2315 Melanie Extensions Apt. 993, Port Norman, DE 90280",Desktop,8956,Premium,3 Month
1667,Mary Quinn,44,zimmermansherry@example.net,"384 Tanya Unions Suite 830, Jacquelinetown, FL 27714",Desktop,3768,Family,3 Month
1668,Joseph Moore,56,annacarter@example.net,"2582 Steven Lodge, Hernandezside, VA 57714",Mobile,7244,Premium,3 Month
1669,Marc Gonzalez,44,aprilchambers@example.com,"911 Moreno Lake, Merrittborough, NY 60665",Tablet,599,Premium,Yearly
1670,Katherine Gonzales,68,derek99@example.com,"22577 Benjamin Neck Suite 460, Tuckerburgh, WI 37993",Desktop,6423,Family,Monthly
1671,Kevin Phillips,70,sharonfitzgerald@example.net,"678 Lisa Trace Apt. 210, Andersonburgh, NY 22383",Desktop,9426,Premium,Monthly
1672,Evelyn Key,44,elizabeth54@example.com,"0477 Wright Port, Amandaside, AS 71713",Mobile,1657,Premium,Monthly
1673,Laura Torres,44,contreraskimberly@example.net,"Unit 4636 Box 0621, DPO AA 72572",Desktop,9032,Premium,Yearly
1674,John Gonzalez,36,lopezrachel@example.net,"929 Fields Orchard, New Russell, MN 27903",Tablet,4154,Free,Monthly
1675,Krista Schaefer,44,kjones@example.net,"67807 Ward Loaf, New Matthewland, VA 74635",Mobile,8018,Premium,Yearly
1676,Jeremy Parks,44,hortontyler@example.com,"81546 Rodriguez Passage Suite 767, New Alexanderside, HI 51159",Desktop,4711,Premium,3 Month
1677,Jonathan Morrow,44,johnstein@example.com,"33837 Huerta Parkway Suite 783, Jeffreyshire, CT 67535",Desktop,6055,Premium,Yearly
1678,Jeremy Howard,56,rlee@example.org,"9334 Robert Haven, Lisaview, MA 98071",Mobile,9105,Premium,Monthly
1679,Lauren Luna,22,pittskristin@example.com,"5827 Teresa Extension, New Carloshaven, OR 21636",Mobile,9506,Premium,3 Month
1680,Daniel Henson,32,joseph23@example.org,"80289 Charles Manors Suite 817, North Thomashaven, IN 32158",Desktop,4884,Premium,Monthly
1681,Veronica Gonzalez,38,sherrigarza@example.com,"899 Candace Stravenue Apt. 119, South Michelle, WA 43851",Desktop,9832,Premium,3 Month
1682,Andrew Martin,26,uferguson@example.net,"PSC 8313, Box 1157, APO AA 23631",Mobile,2432,Premium,Yearly
1683,Stephen Yang,26,goldentravis@example.net,"888 Cameron Manors, Lake Randall, SC 37676",Desktop,3069,Family,Yearly
1684,John Lopez,44,scottjohnston@example.org,"6650 David Inlet, Smithville, NY 15295",Desktop,246,Free,Monthly
1685,Katrina Dean,44,christophernichols@example.net,"205 Kim Cliff, Kendraburgh, OH 87086",Desktop,6727,Premium,Yearly
1686,Ryan Dalton,41,ryansutton@example.org,"406 Corey Lodge Suite 468, Aaronview, NV 54148",Tablet,9648,Free,Yearly
1687,Nicole Smith,44,armstrongreginald@example.net,"0690 Powell Lights Suite 137, Mcleanstad, PW 62389",Desktop,2456,Family,Yearly
1688,Brian Jackson,68,qwhite@example.net,"201 Luis Villages, East Johnny, MT 20338",Mobile,5741,Premium,Monthly
1689,Robyn Holloway,54,deansherry@example.com,"86079 Williamson Manor, South Carmenville, NV 64957",Mobile,4052,Family,Yearly
1690,Martin Mccarthy,58,randallcooley@example.com,"0835 Williams Port Apt. 742, Ryanberg, FM 74058",Mobile,7769,Free,Monthly
1691,Lee Underwood,44,nicole34@example.net,"175 Martinez Loop, Schultzville, WA 86746",Desktop,6849,Family,Yearly
1692,Jill Hoffman,60,haroldthomas@example.org,"1473 Chandler Coves Apt. 600, New Shannonfort, ID 61852",Tablet,9055,Family,Yearly
1693,Laura Fernandez,69,amandamoore@example.net,"81450 Ford Forks, Madelineburgh, PR 71899",Desktop,8318,Premium,3 Month
1694,Rhonda Mcgee,70,james26@example.com,"97007 Kristin Hills Apt. 271, Holmesport, AK 59939",Desktop,2923,Free,Yearly
1695,Karen Harper,68,bradleybrittany@example.net,"PSC 0328, Box 3509, APO AE 07687",Mobile,281,Premium,Monthly
1696,Jordan Martinez,46,nealchristopher@example.org,"92719 Wright Trail, Herringstad, SC 15219",Tablet,3255,Premium,Monthly
1697,Michael Brown,44,ywalters@example.org,"992 Hernandez Junctions, West Katrinachester, ME 07827",Tablet,5813,Premium,3 Month
1698,Gail Krueger,44,vsims@example.net,"065 Stacy Throughway, Brownborough, VT 58210",Mobile,6401,Premium,Monthly
1699,Peter Ramsey,44,richardfisher@example.org,"6866 Morris Alley, Perezland, KS 98474",Mobile,9989,Free,Monthly
1700,Jerome Lewis,21,qjimenez@example.org,"56097 Jennifer Mill, Christopherfurt, WA 28359",Mobile,5046,Premium,Yearly
1701,Angelica Reyes,44,justinpeters@example.net,"46085 Sylvia Common, Lake Kariside, ME 51047",Mobile,4466,Free,Yearly
1702,Roger Davis,44,feverett@example.org,"8130 Roger Mount, South Hollyborough, MN 89402",Mobile,1907,Family,Yearly
1703,Yolanda Thompson,44,teresabradley@example.net,"38014 Andrew Viaduct Suite 201, Kennethstad, CT 87110",Mobile,5781,Premium,Monthly
1704,Catherine Hart,28,johncarson@example.com,"695 Keller Trail Apt. 053, Meganmouth, NC 72448",Desktop,638,Premium,Monthly
1705,Melinda Keller,34,trobinson@example.org,"5212 Joanna Stream, West Robertberg, AL 30448",Desktop,5619,Free,Monthly
1706,Sara Hernandez,34,carlos75@example.net,"43199 Wiley Islands Suite 982, Tinaview, SD 28780",Desktop,1348,Premium,Yearly
1707,Sherry Walker,63,masonstephanie@example.com,"77893 Emily Extension Apt. 364, Crawfordchester, OR 75630",Tablet,7567,Premium,3 Month
1708,Samantha Martinez,48,hayesdawn@example.org,"084 Thomas Knoll, New Andre, HI 29082",Mobile,6595,Free,3 Month
1709,Connor Jackson,44,tsmith@example.net,"2197 Erin Landing Apt. 513, Port Sara, ME 91818",Mobile,3479,Family,3 Month
1710,Kimberly Kelly,44,jamesware@example.org,"20923 Miranda Loop Apt. 148, Ryanstad, MT 91203",Mobile,5071,Premium,3 Month
1711,Richard Ferguson,45,rickyweeks@example.net,"33657 Roberto Inlet, Johnville, NE 28001",Mobile,7988,Free,Yearly
1712,Allen Sexton,44,yadams@example.org,"7287 Munoz Burgs, Danielleview, HI 12455",Mobile,2326,Free,Monthly
1713,Kelsey Chung,24,jonescalvin@example.org,"80782 Natalie Inlet, East Marystad, VI 00690",Tablet,8030,Family,Monthly
1714,Robert Stevens,68,lsalas@example.org,"28237 Hart Trafficway, New Kevinville, AZ 68108",Mobile,6146,Premium,Monthly
1715,Rebecca Jordan,68,deniseflores@example.net,"3562 Parker Mall, Phamfort, LA 59005",Mobile,8322,Premium,Yearly
1716,Timothy Reeves,61,hayeselizabeth@example.org,"1984 Hall Land Apt. 922, Wolfebury, DE 46251",Desktop,701,Premium,Yearly
1717,James Gonzalez,58,alan73@example.org,"60708 Fowler Prairie, Port Ashleyland, KS 63148",Desktop,2311,Free,3 Month
1718,Jonathan Hanson,44,nicholasdiaz@example.net,"56519 Parker Pine, West Mario, MN 12330",Mobile,4509,Free,Yearly
1719,Kyle Bryant,44,qwhite@example.com,"63839 Thomas Square, North Christopher, ND 16987",Desktop,9359,Free,Monthly
1720,David Oconnor,42,qhodges@example.com,"USS Warner, FPO AP 55330",Desktop,7302,Premium,Yearly
1721,Juan Garcia,44,lori94@example.net,"054 Lee Meadow Suite 926, Ochoaside, GU 98749",Mobile,8922,Family,3 Month
1722,Lonnie Bryant,61,martindavid@example.net,"4995 Mitchell Trail Suite 772, Heatherfurt, MD 21971",Tablet,5474,Free,Monthly
1723,Steve Bray,44,caseedgar@example.com,"4491 Marshall Divide Suite 003, Charlesstad, KY 63171",Mobile,5441,Family,Yearly
1724,Michelle Graves,44,nicholasterry@example.org,"PSC 7205, Box 0742, APO AP 21839",Mobile,8794,Premium,Monthly
1725,Savannah James,44,jeffrey15@example.org,"94456 Michele Cape, South Randyfort, VI 07015",Mobile,1692,Family,Yearly
1726,Aaron Smith,21,ameyer@example.net,"702 Barbara Fall, Port Joseph, NH 16827",Desktop,3519,Family,3 Month
1727,Adam Ellis,40,scottsantiago@example.com,"45653 Jackson Course Apt. 685, West Tina, VI 34940",Tablet,9829,Premium,Yearly
1728,Patrick Sutton,44,amanda75@example.net,"7717 Reyes Point, West Ericaborough, RI 19847",Mobile,2605,Premium,3 Month
1729,Andrew Myers,37,jonathan27@example.com,"184 Woodard Street Suite 111, New Sonyaville, MA 72826",Desktop,9279,Family,3 Month
1730,Adam Ross,44,john12@example.org,"1490 Paul Ways Suite 536, Port Michelle, MS 01074",Desktop,6123,Free,3 Month
1731,Bob Bryant,44,ihoward@example.com,"344 Lauren Unions Apt. 331, Grantton, IL 88990",Tablet,1808,Family,Yearly
1732,Pamela Rowe,36,janetstout@example.net,"14475 Martin Roads, South Kristinamouth, MP 93812",Mobile,1246,Free,3 Month
1733,Christine Mcneil,44,jasonjackson@example.com,"59060 Allen Manor, Bernardfort, CA 37884",Desktop,1741,Premium,3 Month
1734,Tracy Mcknight,44,yangerin@example.com,"5626 Chapman Ports, Lake Ricky, AR 18159",Tablet,6020,Family,Monthly
1735,Michael Decker,51,dknapp@example.com,"2273 Melissa Terrace, West Duane, DC 98783",Mobile,1055,Family,3 Month
1736,Kenneth Flores,41,nlogan@example.org,"USCGC Byrd, FPO AP 31361",Mobile,5413,Premium,Yearly
1737,Randy Payne,44,laurie14@example.com,"8827 Jennifer Streets Suite 865, South Lisa, HI 86240",Tablet,9970,Premium,3 Month
1738,Cameron Lamb,44,lking@example.com,"601 Cassandra Squares, Mahoneyville, NJ 82804",Desktop,6295,Premium,3 Month
1739,Ruth Benton,44,whiteashley@example.org,"96920 Joshua Hill Suite 957, Lake Josephshire, AL 11985",Desktop,2964,Free,Monthly
1740,Jeremy Rodgers,44,jwallace@example.net,"37304 Garcia Stream Suite 529, Walkermouth, FL 94940",Tablet,2758,Family,3 Month
1741,Jason Sheppard,44,john06@example.com,"8730 Jessica Fork Suite 695, New Bobby, SC 91355",Desktop,5277,Premium,3 Month
1742,Gina Ford,44,robertwoodard@example.com,"52032 Anderson Mountain, Cindytown, VT 13108",Mobile,523,Premium,Monthly
1743,Tina Smith,37,jbrown@example.net,"6674 Lee Harbors, Bryanchester, FM 76830",Desktop,9122,Premium,Monthly
1744,Matthew Hanna,69,melissahoward@example.com,"2714 Katherine Orchard, Port Gabriel, WA 41682",Mobile,2970,Premium,3 Month
1745,Julian Morris,44,jason38@example.net,"4502 Kevin Fort, Griffinmouth, OH 39121",Desktop,1592,Free,3 Month
1746,Michelle Hernandez,44,jdonovan@example.org,"074 Daniel Cape Suite 416, West Clinton, NH 12701",Mobile,3608,Premium,3 Month
1747,Jesse Parks,44,nlarson@example.com,"74525 Mccullough Burg Apt. 234, Higginsburgh, GU 86511",Mobile,4276,Premium,3 Month
1748,Robert Jones,44,yulisa@example.com,"1717 Davis Harbors, North Hannah, VI 78673",Mobile,440,Free,Yearly
1749,Deanna Robinson,44,lindsay84@example.net,"2312 James Views Apt. 311, Port Brooke, NY 77866",Mobile,2777,Premium,Monthly
1750,Christopher Santos,50,marclara@example.com,"82181 Lara Ways, Emilyland, GU 84381",Mobile,6988,Premium,3 Month
1751,Elizabeth Greene,56,april29@example.net,"944 Coleman Vista, Port Jamesfort, WA 11397",Tablet,7514,Free,Yearly
1752,Alex Tanner,44,jason95@example.net,"22056 Priscilla Valley, Hallshire, WA 66580",Tablet,1244,Premium,3 Month
1753,Edgar Williams,44,twashington@example.org,"52322 Heather Oval Apt. 149, Jessefort, UT 71620",Tablet,2895,Premium,Yearly
1754,Laura Gonzalez,44,balljohn@example.com,"499 Gonzales Station, North Mary, MS 80709",Desktop,7253,Family,Yearly
1755,Matthew Yates,44,davidjoseph@example.net,"34856 Weaver Forge, New Jeremy, ND 41066",Mobile,3551,Premium,Monthly
1756,Oscar Young,62,narmstrong@example.com,"USNS Santiago, FPO AE 22095",Desktop,3566,Premium,Monthly
1757,Philip Gibson,46,burkelisa@example.com,"3162 Charles Course Suite 727, Port Brianside, MP 44477",Desktop,5336,Free,3 Month
1758,David Gaines,21,andrea41@example.org,"91528 Sutton Stream, South Tiffany, GU 59135",Mobile,7919,Free,Monthly
1759,Evan Acosta,31,thomasjodi@example.com,"0729 Page Mission Suite 092, Tiffanytown, PW 95499",Mobile,9866,Premium,3 Month
1760,Lauren Jones,44,frichardson@example.org,"6289 Nichole Keys, Kimberlyland, VA 14162",Mobile,2455,Family,Yearly
1761,Justin Odonnell,44,erika97@example.com,"18850 Laura Pass, South Shannonbury, CA 91272",Tablet,6936,Premium,Monthly
1762,Sandra Shaw,69,christina27@example.com,"4624 Charles Shoals Apt. 531, Merritthaven, NM 41026",Desktop,6008,Premium,Monthly
1763,Elaine Craig,63,amanda49@example.net,"79193 Carey Village Apt. 556, East Chelseaton, WY 18454",Desktop,5665,Family,3 Month
1764,Randy Harris,53,beckerclifford@example.org,"50135 Gray Shores, Tiffanyburgh, KS 37657",Tablet,5728,Premium,3 Month
1765,Jill Evans,44,kimberly42@example.net,"1187 Miles Highway Suite 741, Smithmouth, GU 32505",Tablet,8098,Premium,Yearly
1766,Angela Moses,35,smithmargaret@example.com,"4678 Carter Shores Suite 967, North Edwinhaven, TX 54492",Desktop,8097,Free,3 Month
1767,Thomas Morrison,44,karen32@example.net,"432 Lauren Mill, Nicolestad, AR 65783",Tablet,608,Premium,Yearly
1768,Patricia Hopkins,55,jerryross@example.org,"161 Sarah Rest Suite 782, East Melissafort, OK 47874",Tablet,8051,Family,3 Month
1769,Elizabeth Garrett,28,patelsonya@example.net,"52926 Scott Forges Suite 146, Flowersmouth, ND 78378",Desktop,7525,Free,3 Month
1770,Phillip Anderson,44,dennisfarley@example.org,"2374 Nancy Radial, North Raymond, WA 49693",Desktop,2274,Family,3 Month
1771,Sara Klein,30,steven68@example.com,"20601 Farley Inlet, Craigfort, MP 72767",Desktop,3838,Premium,Yearly
1772,Jessica Day,49,millerthomas@example.com,"07684 Taylor Terrace, Carpentermouth, KY 81818",Mobile,2629,Premium,Monthly
1773,Sara Lutz DVM,44,vcollier@example.com,"9845 Jenna Manor, East Ernesttown, CT 86852",Desktop,4479,Premium,Monthly
1774,Angela Sullivan,22,uhogan@example.com,"351 John Mall Apt. 343, Hansenberg, FL 87991",Mobile,8494,Premium,3 Month
1775,Trevor Gonzalez,32,trandustin@example.com,"646 Brandi Mill, Port Alisha, UT 72769",Desktop,2227,Premium,3 Month
1776,Kimberly Martin,64,bradleyclayton@example.com,"97166 Morgan Flat, Danielfort, NY 33102",Desktop,228,Family,Monthly
1777,Daniel Charles,53,aboyd@example.org,"14800 Robinson Fort Apt. 709, Cruzport, KY 99861",Desktop,1325,Premium,Monthly
1778,Priscilla Smith,32,brandon44@example.net,"8739 Jessica Highway, Port Jeremy, PR 17397",Desktop,5002,Free,Monthly
1779,Kimberly Rogers,44,victoria19@example.org,"5484 Cooper Lights Apt. 966, North Maria, AL 58149",Mobile,5147,Family,Yearly
1780,Kenneth Wallace,42,vellis@example.org,"49753 David Harbors Suite 428, Castillobury, AZ 03699",Desktop,5996,Premium,Yearly
1781,Sherry Shah,44,kathleenmitchell@example.net,"936 Gilbert Lakes, South Rebecca, VT 73449",Tablet,9826,Premium,3 Month
1782,Cheryl Nelson,44,zfoster@example.net,"PSC 4779, Box 5460, APO AE 25682",Mobile,7375,Premium,3 Month
1783,Robert Lynn,68,hhaley@example.net,"Unit 5955 Box 7507, DPO AE 07056",Mobile,3058,Free,3 Month
1784,Michael Allen,44,xgarcia@example.org,"377 Carroll Lane, North Susan, ND 22495",Tablet,3662,Premium,Yearly
1785,Philip Colon,44,allisonkent@example.com,"691 Scott Vista Suite 384, Port Jeffrey, PA 25550",Mobile,8205,Free,3 Month
1786,Andrew Black,44,slopez@example.com,"3414 Jenna Well Suite 579, Carlsonborough, MP 02489",Desktop,1933,Premium,Monthly
1787,Mary Norton,44,hbennett@example.com,"6099 Edwin Glens, Lake Christinachester, MH 02563",Tablet,1045,Premium,Yearly
1788,Anthony Moreno,44,lisamartinez@example.net,"11472 Newman Track Suite 592, Ortizfurt, CT 56049",Desktop,5485,Premium,Yearly
1789,David Harrison,64,harry12@example.com,"025 Gonzalez Club, Rogerberg, MD 05946",Desktop,6650,Premium,3 Month
1790,Michael Bean,53,matthewkelly@example.org,"11826 Kathryn Parkways Apt. 731, Sarahside, NY 47804",Mobile,8703,Free,Monthly
1791,Erin Lopez,44,crystaldavenport@example.com,"5701 Patrick Mill, East Michael, HI 24829",Mobile,6303,Premium,Monthly
1792,Joshua Todd,69,andrewskelli@example.com,"484 Sullivan Ways, Ortizton, NC 77070",Desktop,8630,Free,Yearly
1793,Justin Jones,34,olsenkevin@example.com,"4423 Jonathan Crescent, Byrdchester, IL 14520",Desktop,7701,Premium,Yearly
1794,Joshua Wright,28,williamvelazquez@example.net,"PSC 5366, Box 5644, APO AA 38008",Desktop,5946,Family,Yearly
1795,Dana Chapman,44,hbrown@example.net,"04650 Fowler Estate Suite 139, Jonesfurt, MT 65838",Desktop,4218,Free,Yearly
1796,Alicia Vaughan,44,kimberly25@example.net,"Unit 9708 Box 3931, DPO AP 18082",Mobile,2836,Free,Yearly
1797,Paul Harris DDS,21,richard78@example.net,"1536 Richard Rue Suite 793, Virginiafurt, CO 21527",Mobile,9589,Premium,3 Month
1798,Jeffrey Guzman,54,hwoods@example.com,"2038 Wiggins Plains Apt. 372, Port Christopher, AK 06165",Mobile,6829,Family,Yearly
1799,Michelle Rogers,40,allisoneaton@example.net,"233 Hancock Station, Hardychester, LA 03320",Desktop,3304,Family,3 Month
1800,Charles Lee,44,zsmith@example.org,"91777 Amy Manors, Ericchester, PW 66156",Tablet,8881,Free,Monthly
1801,Rebecca Sullivan,44,cheryl88@example.net,"521 Velazquez Track Apt. 502, North Denise, MP 37030",Desktop,2190,Free,3 Month
1802,Taylor Hughes,44,booneallison@example.com,"USS Pruitt, FPO AA 84691",Mobile,6300,Premium,3 Month
1803,Gregory Walker,35,deborahowen@example.com,"4780 William Plaza, North Justin, IA 07055",Tablet,3561,Free,3 Month
1804,Daniel Aguilar,36,morganjoseph@example.net,"0255 Ricky Vista Apt. 887, North Amandachester, NM 44416",Mobile,6906,Family,3 Month
1805,Colleen Bryant,24,david09@example.net,"4904 Shawn Harbor, Alexamouth, AZ 69167",Mobile,480,Family,Monthly
1806,Kyle Hernandez,44,sharonhoward@example.com,"644 Pitts Tunnel, New Jennifer, IN 95324",Mobile,1095,Premium,Yearly
1807,Craig Cooper,44,bmosley@example.org,"7857 Smith Fords Suite 215, Katrinaside, WA 74887",Tablet,5403,Premium,Monthly
1808,Edwin Martin,70,jonesjeremy@example.org,"0564 Kristi Turnpike, Lindatown, MI 20191",Desktop,6156,Free,3 Month
1809,James Davis,66,janetstout@example.com,"078 Rhonda Passage, Johnsonside, WY 27482",Tablet,3921,Free,3 Month
1810,Ryan Moran,32,atkinsonsonya@example.org,"3754 Bryant Parkways, Warrenside, CO 12135",Desktop,5460,Family,Monthly
1811,Sandra Rodriguez,20,carrillojeremiah@example.net,"8604 Ellis Unions, Sabrinaton, PW 68282",Mobile,9938,Premium,Monthly
1812,Stefanie Blackburn,40,dawn27@example.com,"119 Leah Gateway, Steeleport, IL 47816",Mobile,2764,Premium,3 Month
1813,John Sampson,44,meyeraaron@example.org,"USNV Lucero, FPO AA 54166",Mobile,6070,Premium,Yearly
1814,Spencer Jenkins,62,barrywilson@example.org,"0309 Karen Place, Port Dawnton, PW 38260",Desktop,5179,Premium,Monthly
1815,Michael Dudley,44,zbrown@example.com,Not Provided,Tablet,6624,Premium,Yearly
1816,Jonathan Lewis,44,jerry54@example.com,"USCGC Garrett, FPO AP 95040",Tablet,3362,Premium,Yearly
1817,Sherri Hall,44,wshelton@example.net,"73054 Ashley Loaf, West Sandrahaven, VA 70278",Tablet,3707,Premium,Monthly
1818,Ashley Wade,46,ksimpson@example.org,"465 Hawkins Squares Apt. 343, North Diana, IL 38645",Desktop,1267,Family,Monthly
1819,Susan Black,47,spreston@example.net,"103 William Plain Apt. 296, Jessicaville, IL 40101",Tablet,5279,Premium,Yearly
1820,Kristy Morse,59,samantha78@example.net,"9419 Ashley Mills, Jesusberg, ME 31010",Tablet,5460,Free,3 Month
1821,Brandon Nicholson,44,allenhaley@example.net,"42884 Jennifer Walk, Seantown, SC 48826",Mobile,4344,Premium,Monthly
1822,Kimberly Leach,24,glawson@example.net,"69204 Gibson Pass, West Travismouth, UT 70808",Mobile,1213,Premium,3 Month
1823,Aaron Medina,44,loririchmond@example.net,"Unit 6705 Box 6866, DPO AP 91724",Mobile,5072,Family,Yearly
1824,Mary Lopez,33,kwheeler@example.com,"762 Timothy Overpass Apt. 958, West Mariamouth, PR 92145",Mobile,9735,Free,Monthly
1825,Matthew Thomas,19,hpeterson@example.org,"5638 Janice Isle Suite 406, Hernandezside, PA 70472",Tablet,8187,Premium,Monthly
1826,Catherine Castro,44,xferguson@example.org,"679 Hansen Canyon, East Tiffany, NV 71674",Desktop,3589,Free,Monthly
1827,Thomas Green,44,williamsabigail@example.org,"0818 Shelly Points, Port Christina, KS 93562",Mobile,7343,Free,Monthly
1828,Kevin Velez,44,murrayrose@example.org,"40055 Robbins Bridge Apt. 190, East Andrewview, OR 05599",Tablet,4551,Premium,Monthly
1829,Joseph Montgomery,39,lyonsjulie@example.org,"64433 Bautista Garden Apt. 470, Davisland, SD 88526",Mobile,6542,Free,Monthly
1830,Tammy Wells,66,ecastillo@example.org,"135 Gregory Courts Suite 343, New Brandonstad, PA 74278",Desktop,4511,Premium,Monthly
1831,Aaron James,50,xdiaz@example.com,"809 Stephanie Hill Apt. 279, Jenniferburgh, MS 09929",Desktop,2250,Premium,Monthly
1832,James Cox,58,lynnking@example.com,"6528 Sonya Causeway Apt. 084, East Teresa, VA 30038",Desktop,6094,Premium,Yearly
1833,David Valenzuela,44,michelle11@example.net,"PSC 3206, Box 9510, APO AE 73576",Desktop,4874,Free,Yearly
1834,Gwendolyn Allen,28,ogaines@example.net,"502 Romero Locks Apt. 433, New Shaneborough, CT 25641",Mobile,8524,Premium,Yearly
1835,Rebecca Chambers,48,hardyerika@example.com,"8783 Jackson Motorway, West Joshuachester, HI 52225",Tablet,713,Premium,Monthly
1836,William Clark,66,hughesjoshua@example.org,"680 Arellano Circle, Angelashire, MI 28657",Mobile,3420,Free,Monthly
1837,Stephanie Delgado,33,ambersanchez@example.net,"Unit 8225 Box 3709, DPO AA 07919",Tablet,9832,Family,Yearly
1838,Dillon Fowler MD,40,kyle34@example.org,"136 Aguilar Stravenue, Melendezhaven, NH 59929",Desktop,7825,Free,Yearly
1839,Karen Andrews,48,franklinmiguel@example.com,"55543 Williams Turnpike Apt. 382, Sosaberg, DC 05936",Mobile,9111,Premium,Monthly
1840,Jeremy Mcdowell,36,cmadden@example.org,"3286 Clayton Lodge Suite 104, East Eric, CT 78956",Mobile,6448,Family,Monthly
1841,Melissa Allen,44,marissa38@example.net,"262 Russell Port, Ellisfort, MN 60662",Mobile,5047,Free,Monthly
1842,Austin Hernandez,66,davidoliver@example.com,"43871 Lee Springs, East Brookemouth, DE 70632",Desktop,9527,Premium,Monthly
1843,Cassandra Munoz,26,barneskelly@example.com,"2730 Kevin Shoals Apt. 105, Taylorview, GU 32301",Mobile,8662,Free,Yearly
1844,James Edwards,52,james26@example.org,"21111 Bright Well Suite 703, Gomezmouth, WY 37908",Mobile,3923,Family,3 Month
1845,Tammy Joseph,29,pparker@example.net,"480 James Light Suite 235, South Mary, PR 22280",Desktop,1714,Free,Monthly
1846,Thomas Banks,18,kelli90@example.net,"25904 Huynh Highway Apt. 639, Pearsonstad, FL 16589",Mobile,1803,Free,3 Month
1847,Shelly Ramos,27,patricia93@example.com,"1068 Isaac Lane, Floresborough, IA 26792",Desktop,1822,Premium,Yearly
1848,Rebecca Clarke,44,hollandrebecca@example.org,"1099 Scott Grove, Greenland, HI 35021",Tablet,6365,Premium,Yearly
1849,Jack Clark,44,baileyhelen@example.org,"27676 Ward Extension, Marcuston, PR 60853",Desktop,9841,Premium,3 Month
1850,Michele Edwards,44,davidmiddleton@example.com,"44178 Amy Cliff Apt. 236, South Patricia, MO 20414",Desktop,9972,Free,Monthly
1851,Laura Thomas,70,devin40@example.net,"920 Guerrero Lakes, South Juliechester, PW 72105",Tablet,4402,Premium,3 Month
1852,Jennifer Ramirez,44,jennifer58@example.com,"53342 Miller Mountain Suite 480, Dawnton, MA 80381",Mobile,3769,Premium,Monthly
1853,Michael Murphy,44,michelewarner@example.net,"35938 Brown Hill, Michaelstad, CO 89115",Desktop,980,Premium,Monthly
1854,Sandra Smith,44,baileyleah@example.net,"5347 Sophia Fords, South Angelicashire, OH 84989",Desktop,2543,Premium,Yearly
1855,Michael Duarte,29,anna03@example.com,"9058 Stewart Plaza, Port Carlosburgh, AK 65798",Desktop,3332,Premium,3 Month
1856,Tyler Moore,56,qmunoz@example.org,"5011 Chad Square, Markville, TX 31877",Tablet,1859,Premium,Yearly
1857,Nicole Clark,36,meganmartin@example.net,"PSC 6679, Box 4493, APO AA 19488",Desktop,8195,Free,3 Month
1858,Kevin Matthews,44,abbottdavid@example.net,"1721 Christian Harbor Suite 110, North Ryan, HI 96691",Tablet,2172,Premium,Monthly
1859,David Wheeler,44,erodriguez@example.com,"55719 Julie Port, New Matthewshire, HI 18650",Mobile,5532,Premium,Yearly
1860,Pamela Herrera,37,meganrubio@example.net,"615 Greg Trace, Lake Kimberlyberg, AS 95341",Mobile,4289,Premium,3 Month
1861,Andrea Pierce,44,rogersjoseph@example.com,"93897 Silva Shoal Suite 724, West Kristina, AK 56048",Desktop,4453,Free,3 Month
1862,Kaitlin May,44,brayrobert@example.com,"335 Thompson Field, South Karen, ND 81407",Mobile,4492,Free,Monthly
1863,Dana Escobar,44,millseric@example.org,"25358 Jonathan Bypass, Austinchester, IN 74897",Tablet,3685,Premium,Monthly
1864,Craig Beasley,38,barnettlarry@example.org,"7023 Maria Turnpike, Port Shelbyfort, AS 52650",Tablet,563,Premium,Monthly
1865,Terrance Williamson,44,aprilfuentes@example.org,"4476 Karen Fall Apt. 276, Kristinport, KY 60323",Mobile,8741,Family,Yearly
1866,Jeffery Robinson,21,andrewhamilton@example.com,"9371 Dean Village Suite 707, Farmerstad, MP 30220",Tablet,8714,Premium,Monthly
1867,Brenda Bonilla,38,gloriaknight@example.org,"1045 Vargas Dam Suite 816, New Lawrence, TX 18860",Tablet,6569,Family,Monthly
1868,Ruth Taylor,35,seanbanks@example.net,"79588 Jennifer Forest, Ronaldmouth, MN 94272",Mobile,6224,Family,Yearly
1869,Adriana Lutz,44,moralessara@example.com,"2588 Cynthia Branch, South Jared, NY 19591",Mobile,7680,Premium,Monthly
1871,Jonathan Cook,44,dean53@example.com,"532 Bass Greens, Port Andrew, CT 04178",Desktop,7224,Premium,Yearly
1872,Clarence Mitchell,44,abigail23@example.org,"2954 Robert Bypass, Roberttown, TX 08024",Tablet,1110,Premium,Monthly
1873,Shaun Rhodes,31,swilliams@example.org,"956 Scott Stravenue, Karenchester, NY 32915",Desktop,4717,Free,3 Month
1874,Kimberly Olsen,51,kimberly43@example.net,"89196 Jeremy Pines, Dannybury, MD 16754",Mobile,4279,Premium,Monthly
1875,Ashley Chan,70,molinatheresa@example.net,"90347 Scott Crescent Suite 551, Barbaraborough, NM 45274",Tablet,461,Free,Monthly
1876,Stacey Mccall,44,nicholas29@example.com,"PSC 5552, Box 1474, APO AE 58309",Desktop,8536,Premium,Yearly
1877,Monica Herrera,44,tracy17@example.net,"986 Thomas Lodge, South Joshuatown, KY 34210",Desktop,6519,Premium,3 Month
1878,James Berry,44,njohnson@example.net,"78960 Bryant Flat Suite 856, Wellsborough, RI 55098",Mobile,2776,Free,Yearly
1879,Elizabeth Bradley,44,mellis@example.net,"1262 Ronald Street, New Natalie, MO 34131",Desktop,1092,Premium,Monthly
1880,Tracey Hopkins,44,mvega@example.net,"040 Martin Hollow, Port Angelica, PW 96862",Mobile,8080,Premium,Yearly
1881,Katherine Davenport,27,michellegarcia@example.net,"97771 Nicole Knolls, Millerfort, PW 71327",Desktop,2690,Premium,Monthly
1882,Timothy Davis,44,iwhitaker@example.org,"53695 Rodney Manor, Wolfeberg, NC 03559",Mobile,6928,Free,3 Month
1883,Dawn Taylor,36,jonespatricia@example.net,"980 Moses Mission Suite 196, North Martha, SD 73444",Desktop,2961,Premium,3 Month
1884,Amy Raymond,35,boydbrandon@example.org,"11954 Richard Rapids Suite 239, Gregorystad, WA 33019",Mobile,1416,Premium,Yearly
1885,Kristina Swanson,44,vrobinson@example.org,"554 Kim Dale Apt. 886, Lake Gail, OR 08822",Desktop,3075,Premium,3 Month
1886,Gabriella Banks,36,dlevy@example.org,"25856 Ashley Row Suite 501, Port Rebeccamouth, NJ 93773",Desktop,4827,Premium,Monthly
1887,Andrew Williams,44,frank15@example.net,"9449 Daniel Burgs, Danielleville, PW 92810",Mobile,8832,Premium,3 Month
1888,Matthew Burch PhD,50,millerchloe@example.net,"3630 Green Estate Suite 003, Shermanfurt, ME 47135",Tablet,8316,Premium,Monthly
1889,Zachary Lucas,44,floresjohn@example.org,"655 Williams Oval, Mariaborough, NE 71466",Mobile,8247,Family,Yearly
1890,Kyle Vargas,53,kristingoodwin@example.com,"13100 Brown Mountains Suite 471, Deniseshire, SC 67475",Mobile,9719,Free,Monthly
1891,Timothy Sampson,44,wpotter@example.com,"USS Larson, FPO AA 44886",Mobile,1764,Premium,Monthly
1892,Kayla Gibson,44,william05@example.com,"14551 Dennis Points Suite 141, North David, VA 50016",Mobile,7087,Premium,Monthly
1893,Randy Park,39,shannon20@example.net,"919 Davis Bypass, Leeton, TN 87426",Tablet,3818,Family,Yearly
1894,Seth Taylor,48,dweaver@example.org,"11507 Hannah Green Apt. 437, Mosesshire, MI 60844",Desktop,2877,Premium,Monthly
1895,Veronica Bowers,44,alishaholder@example.net,"75796 Laura Locks, Ericfort, SD 38215",Tablet,5385,Premium,Yearly
1896,Lauren Mccormick,44,wturner@example.org,"50846 Gerald Via Suite 606, West Michelleland, AS 44086",Tablet,4819,Premium,Monthly
1897,Joseph Robinson,44,edwardolsen@example.com,"621 Carson Bypass, Alyssaport, PR 29736",Desktop,9264,Family,3 Month
1898,John Green,44,elliottdiane@example.com,"12163 Woodard Streets, Parkerville, VT 16017",Mobile,7107,Family,3 Month
1899,Mark Thomas,44,hherman@example.net,"USNV Smith, FPO AP 87549",Desktop,6325,Premium,3 Month
1900,Jacob Mayer,61,loriward@example.net,"862 Tucker Village Suite 112, West Brooke, NH 46784",Mobile,6366,Free,3 Month
1901,Jason Hayes,25,michael78@example.net,"6434 Robert Valleys Apt. 363, South Natalie, SC 97935",Desktop,5630,Free,Yearly
1902,Corey Washington,44,edward46@example.org,"070 Wilson Springs, North Jamesberg, ME 57926",Tablet,9000,Premium,3 Month
1903,Nathaniel Garcia,44,katie34@example.net,"74318 Tyrone Plaza Suite 996, West Michael, MO 56842",Desktop,1474,Free,Yearly
1904,Sarah Lozano,44,brent55@example.net,"98879 Julie Valley, Donaldshire, LA 10812",Desktop,6706,Family,3 Month
1905,Bryan Stanley,44,ejohnson@example.com,"98982 Green Crossing Suite 471, Simonview, WI 14857",Mobile,2777,Free,Monthly
1906,Jonathan Williams,35,morenoandrea@example.org,"2306 Alexis Pass Suite 614, South Jessicaville, AR 07917",Desktop,549,Premium,Monthly
1907,Jillian Brown,44,karenbarnes@example.com,"USS Tucker, FPO AP 20341",Desktop,2122,Free,Yearly
1908,Tracy Greene,44,alexandriagalvan@example.org,"61580 John Branch Suite 046, Port Peterside, NJ 11628",Mobile,4892,Free,Monthly
1909,Derek Ramirez,44,ibarraalbert@example.net,"USNV Williams, FPO AA 13337",Desktop,789,Premium,Yearly
1910,Leslie York,60,sanchezjennifer@example.org,"05379 Lowe Turnpike, Lake Stephanie, MD 33459",Mobile,1530,Free,Monthly
1911,Kristin Williamson,21,morganwilliam@example.net,"5332 Maxwell Turnpike Suite 940, Tinaview, NH 13901",Tablet,3905,Premium,3 Month
1912,Jorge Ward,68,michelle85@example.net,"30431 Tina Bypass Apt. 877, Amandastad, AS 41489",Desktop,3882,Premium,3 Month
1913,Brian Chavez,44,josephnewman@example.com,"404 Carlos Lakes, Nicoleville, ND 95190",Tablet,7176,Free,Yearly
1914,Cheryl Lopez,65,gloria86@example.org,"48955 Jason Port Suite 983, Richardside, CA 27305",Desktop,6598,Free,Monthly
1915,Matthew Chandler,44,pricedavid@example.com,"0675 Gina Expressway Apt. 280, Maryport, AL 52565",Tablet,6434,Premium,3 Month
1916,Manuel Maldonado,19,rebeccawyatt@example.com,"8980 Virginia Causeway, Port Annefort, WI 62878",Mobile,2197,Family,Yearly
1917,Tiffany Rush,32,mary10@example.net,"445 Alicia Tunnel, New Tiffany, NJ 82910",Desktop,3809,Family,Monthly
1918,Wayne Hernandez,58,mccormickcarla@example.org,"003 Hernandez Track, Phillipsland, PR 75075",Desktop,8554,Free,Yearly
1919,Kevin Williamson,25,glen92@example.org,"USS Pitts, FPO AP 71766",Desktop,6728,Premium,Monthly
1920,Eric Welch,44,jonessharon@example.com,"250 Cooper Turnpike Suite 335, South Dalechester, WI 53060",Desktop,4866,Family,Monthly
1921,Ashley Diaz,44,ashleyanderson@example.com,"489 Jessica Creek Apt. 502, North Thomasberg, MT 18232",Mobile,2996,Free,Yearly
1922,Joshua Chambers,44,robert90@example.com,"123 Kelly Island, New Danielshire, MN 10802",Desktop,4558,Free,Monthly
1923,Matthew Sosa PhD,63,jesuslopez@example.org,"251 Lindsey Key Suite 085, New James, AS 26515",Mobile,3401,Family,3 Month
1924,Michael Park,44,christyjacobson@example.net,"0430 Norris Stream Suite 698, North Carolyn, GA 38221",Desktop,513,Free,Monthly
1925,Eric Valenzuela,44,carolyncurtis@example.com,"1126 Callahan Forge Apt. 460, Kevinchester, NM 60047",Desktop,6116,Family,Monthly
1926,James Calderon,22,gibbskevin@example.org,"69325 Jennifer Knolls Apt. 064, Sergioshire, IL 34976",Mobile,5405,Free,3 Month
1927,Kristi Solomon,32,tamaragarner@example.net,"8847 Aguilar Extensions Apt. 033, North Anthonyborough, CA 80943",Mobile,372,Free,3 Month
1928,Wendy Butler,44,scottwise@example.net,"46584 Brenda Pass Suite 023, Stephaniefort, CT 05967",Mobile,2854,Premium,Monthly
1929,Heather Moore,38,gloversarah@example.com,"1005 Thomas Drive, New Barbarachester, ME 20168",Mobile,2973,Family,Monthly
1930,Stacey Bradshaw,44,thomas99@example.org,"PSC 1555, Box 4749, APO AP 39229",Mobile,6777,Premium,Yearly
1931,Gina Walker,44,sgonzalez@example.org,"91372 Dixon Harbors Suite 841, Travisview, NJ 82682",Desktop,3082,Premium,Yearly
1932,Veronica Hernandez,44,timothyrodriguez@example.net,"0407 Wanda Brooks Suite 643, Wrightfort, VA 48782",Desktop,362,Premium,3 Month
1933,Paul Harrington,19,jaredbates@example.org,"074 Cynthia Haven Apt. 518, North Henryshire, MD 95115",Desktop,9997,Premium,Yearly
1934,Anna Gilbert,21,xross@example.com,"13948 Frye Forest Suite 303, New Bethany, NE 72729",Desktop,3576,Family,Monthly
1935,Vanessa Kennedy,44,beverlyreyes@example.com,"508 Michael Parkway Apt. 820, Joneston, FM 67374",Mobile,8273,Premium,Monthly
1936,Rachel Lang,44,ubowman@example.org,"117 Olson Plains, Port Sydney, AL 69239",Desktop,8852,Premium,Monthly
1937,Jason Smith,44,brandoncarrillo@example.com,"21906 Hill Loop, Frazierbury, MI 79733",Mobile,1730,Family,Monthly
1938,Stephanie Walker,44,mitchelljeremy@example.net,"957 David Village Apt. 060, Williamfurt, TX 28818",Mobile,6428,Premium,Yearly
1939,Brian Edwards,44,jordan85@example.org,"21060 Christopher Cliffs, Williamsborough, MS 85739",Mobile,7431,Premium,3 Month
1940,Steven Dominguez,29,michael19@example.net,"0599 Miller Island Apt. 857, Brianside, MA 18004",Desktop,6079,Premium,Monthly
1941,Matthew Smith MD,64,abrown@example.com,"7463 Lopez Drive, South Steven, ME 22092",Mobile,612,Premium,Monthly
1942,Anna Powell,31,sharpdavid@example.net,"540 Werner Points Apt. 299, Reedport, TX 46546",Mobile,6572,Premium,3 Month
1943,Brad Vega,27,nielsenkaren@example.net,"3000 Todd Parkways Apt. 321, South Monica, FM 21195",Mobile,6782,Premium,Yearly
1944,Shannon King,20,churchmax@example.com,"30129 Wanda Track Apt. 360, Byrdfort, GA 21731",Tablet,3543,Premium,Yearly
1945,Danielle Edwards,44,xjohnson@example.com,"4402 Oneill Parkway, South Cassandra, PA 47751",Desktop,7652,Free,Monthly
1946,Abigail Butler,26,douglas46@example.net,"6015 Reilly Path, Rodriguezton, UT 25047",Mobile,6712,Premium,3 Month
1947,Jennifer Taylor,44,nathancrawford@example.org,"82879 John Path Apt. 439, Simsfort, OK 01628",Desktop,5229,Family,3 Month
1948,John Moreno,45,hallheidi@example.org,"903 Bell Avenue, Jonesmouth, MA 54167",Desktop,7786,Family,Yearly
1949,Victoria Velez,67,thomas18@example.net,"05272 Salazar Park, Allenside, LA 42580",Desktop,5673,Free,Yearly
1950,Monica Malone,44,smithdavid@example.com,"Unit 9979 Box 1485, DPO AA 58076",Mobile,1152,Free,Yearly
1951,Julie Spears PhD,44,tim24@example.org,"18861 Juan Glens, West Michaelfurt, OH 67337",Desktop,4348,Family,Monthly
1952,Stephanie Black,44,murphylaura@example.com,"07074 Cobb Green, West Monique, LA 44120",Mobile,7401,Premium,3 Month
1953,Melanie Bell,44,deborah90@example.net,"9060 Cheryl Inlet, Andersonville, MH 28690",Mobile,2260,Family,Yearly
1954,Sarah Smith,64,clarkjeff@example.org,"273 Stein Light, Roblestown, AZ 73219",Desktop,2327,Premium,3 Month
1955,Krystal Harris,44,vcervantes@example.org,"45728 Joshua Centers, East Paigeton, ME 09722",Desktop,2256,Premium,Yearly
1956,Courtney Jones,44,gyoung@example.com,"07229 Kristy Dale, West Jenniferport, MH 32446",Desktop,3304,Premium,Yearly
1957,Douglas Decker,44,vaughnashley@example.net,"6741 Teresa Islands, Ashleystad, KS 49899",Tablet,4702,Premium,3 Month
1958,Jennifer Santana,69,mnovak@example.org,"70594 Gardner Passage, Lake Christophermouth, AZ 83807",Desktop,1501,Family,Monthly
1959,Andrew Cline,53,julian24@example.org,"USCGC Spence, FPO AA 96113",Tablet,5278,Premium,Yearly
1960,Courtney Thomas,43,courtney07@example.com,"0267 Marc Valley Apt. 360, Robinsonland, CT 65363",Mobile,5520,Family,3 Month
1961,Susan King,40,dhawkins@example.com,"521 Steven Shoal, North Sandra, MD 78889",Desktop,8318,Free,Yearly
1962,Edwin Jones,44,fischeramanda@example.org,"PSC 1443, Box 9564, APO AE 06938",Desktop,9280,Premium,3 Month
1963,John Wheeler,44,zyoung@example.com,"85831 Barbara Crossing, East Pamela, KS 80434",Tablet,1401,Premium,3 Month
1964,Kimberly Hudson,67,marshalljustin@example.net,"703 Nicholas Shore Suite 850, Kellershire, WY 74124",Desktop,868,Free,3 Month
1965,Amber Baker,33,ellissherry@example.org,"775 Tara Valleys, Jacksonfurt, NE 96202",Mobile,2387,Premium,Yearly
1966,Robert Delgado,51,sallydaniel@example.org,"722 Sanders Land Apt. 121, Charlestown, MA 76472",Tablet,4250,Free,3 Month
1967,Miguel Davis,44,hooperstephanie@example.net,"5897 Derek Crossing, Kennedyshire, VT 70418",Desktop,6258,Premium,Yearly
1968,Karen Gutierrez,32,tylerwalton@example.org,"8570 Johnson Garden Suite 910, New Danielton, AZ 85271",Mobile,3932,Free,Yearly
1969,Nancy Jones,44,qmcgee@example.com,"9433 Lee Keys Suite 633, Nicholasport, WV 07814",Mobile,4486,Premium,3 Month
1970,Julie Rosales,66,dana80@example.com,"8753 Morales Estates Apt. 817, South Gabrielle, FM 40818",Mobile,9743,Premium,3 Month
1971,Tracy Diaz,44,wjackson@example.org,"59605 Shelby Ports, East Amber, AR 04911",Desktop,444,Premium,3 Month
1972,Jennifer White,44,rebecca21@example.net,"9171 Smith Light, Richardfort, KY 48631",Tablet,5665,Premium,Monthly
1973,Kelly Brown,44,barnesjoseph@example.net,"17418 Cook Square Apt. 270, Lake Daisyville, NV 95429",Mobile,6292,Premium,Yearly
1974,Garrett Steele,44,hahndonna@example.com,"537 Rogers Glen Suite 396, West Kennethstad, AL 49988",Desktop,4715,Premium,3 Month
1975,Jason Mahoney,44,byrdjessica@example.com,"50719 Jennifer Crest Apt. 484, Jeffstad, SC 73798",Mobile,5589,Family,Yearly
1976,Wesley Mendez,65,allisonclark@example.org,"37951 Jordan Drive Suite 616, New Richardville, SC 19166",Mobile,6435,Free,3 Month
1977,Elizabeth Ward,18,goodwinjay@example.com,"54755 Kirk Gateway Apt. 352, Port Russellchester, MA 61807",Mobile,5648,Premium,Yearly
1978,Natasha Larson,29,russell00@example.net,"993 Justin Locks Suite 244, Ambermouth, MH 37065",Tablet,5118,Free,Monthly
1979,Vanessa Cook,44,brian37@example.net,"PSC 4563, Box 6498, APO AP 92159",Tablet,767,Free,Yearly
1980,Brian Compton,37,mcdonaldlori@example.com,"4674 Oconnor Squares, East Ralph, SD 69335",Mobile,4389,Free,Yearly
1981,Kaitlin Watts,67,dhorton@example.com,"624 Martin Estates, Michaelhaven, NM 87138",Tablet,4125,Free,3 Month
1982,William Gomez,49,adam11@example.net,"4463 Ponce Radial, Marieburgh, TN 88838",Mobile,4736,Premium,Monthly
1983,Christine Andrews,59,rogersashley@example.net,"71296 Turner Square, Annport, IL 89764",Tablet,9908,Family,3 Month
1984,Amy Santiago,44,popejoseph@example.net,"3721 Owen Underpass Suite 203, Paulaberg, MS 76417",Mobile,2180,Family,3 Month
1985,Jessica Smith,44,rmccarthy@example.org,"289 Scott Fort Apt. 033, Smithside, NJ 94575",Mobile,5190,Premium,3 Month
1986,Nicholas Smith,44,rodriguezmary@example.org,"75150 Kathleen Glens Apt. 442, South Robertshire, WI 25126",Desktop,7906,Premium,3 Month
1987,Sierra Johnson,44,cgordon@example.net,"80772 Hill Vista, Wilsonborough, GA 57595",Mobile,9122,Premium,3 Month
1988,Carmen Velasquez,35,claudiascott@example.org,"018 Davis Greens Apt. 387, Susanview, SD 24206",Desktop,5633,Free,Monthly
1989,Ronald Kim,44,sanchezchristina@example.org,"975 Nathaniel Junctions Suite 697, West Jimberg, MO 66575",Tablet,3108,Free,Monthly
1990,David Lane,44,stacy69@example.org,"721 Alexandra Forges, South Anthony, OR 94313",Desktop,6275,Family,Yearly
1991,Tyler Dixon,44,dturner@example.net,"3721 Ryan Bridge Suite 030, North Marcusstad, AK 77482",Desktop,3439,Premium,Monthly
1992,Jeff Gordon,44,erika38@example.org,"002 Smith Summit Suite 587, East Jonathanhaven, WA 14999",Tablet,2978,Family,3 Month
1993,Patricia Love DDS,44,juliahenry@example.net,"7356 Elizabeth Stream, Christianside, AZ 66424",Mobile,4576,Free,Yearly
1994,Jesse Hays,45,amandascott@example.com,"82739 Mitchell Walks, East Lucas, NC 15747",Desktop,8411,Family,3 Month
1995,Walter Juarez,31,youngmegan@example.com,"294 Padilla Isle, Colinview, MN 08253",Mobile,4422,Free,Yearly
1996,Chelsea Harris,44,traci11@example.net,"USCGC Pena, FPO AE 74166",Mobile,8754,Premium,3 Month
1997,Terry Foster,44,austin31@example.org,"71033 Soto Shores, Williamsmouth, HI 47248",Mobile,5183,Premium,Yearly
1998,Angela Matthews,44,smithrobert@example.com,"Unit 0403 Box 1602, DPO AE 51151",Desktop,9691,Premium,Monthly
1999,Ralph Edwards,60,coltonhawkins@example.com,"040 Deborah Ports Apt. 032, West Jennifer, SC 45676",Mobile,6969,Family,Monthly
2000,Kelly Acosta,53,james76@example.net,"7727 Roberta Lights, Lake Melissaview, CT 10526",Desktop,4582,Free,3 Month
2001,Omar Holt,44,ibarrajoshua@example.org,"2957 Jeremy Causeway, Chambersmouth, AS 18004",Tablet,1419,Free,Yearly
2002,Kevin Williams,62,russellnicole@example.com,"6711 Stewart Groves Apt. 576, East Donaldhaven, PR 90179",Mobile,266,Family,Monthly
2003,April Gonzales,27,charlesgary@example.org,"0778 Collins Knoll, Deannaborough, SC 11871",Tablet,637,Premium,Yearly
2004,Carla Burnett,22,ajohnson@example.com,"92603 Sloan Drive Suite 708, Port Michelle, MN 65026",Mobile,8038,Family,Monthly
2005,Susan Nguyen,61,fosterwendy@example.com,"736 Meagan Unions Apt. 636, Alexandermouth, GU 45353",Desktop,1030,Family,3 Month
2006,Emily Hernandez,18,barryhoffman@example.com,"754 Sandoval Land Suite 141, North Julieville, UT 06734",Desktop,353,Premium,3 Month
2007,Debbie Barnett,44,francisco03@example.com,"3848 Weaver Station, Kellytown, MH 78013",Desktop,7199,Premium,Yearly
2008,David Anderson,51,gonzalezroger@example.com,"Unit 5177 Box 3373, DPO AP 66457",Mobile,3450,Family,3 Month
2009,Alicia Martinez,44,jwilliams@example.org,"46121 Nicholas Drives Apt. 189, West Coreyburgh, PR 18060",Mobile,2007,Premium,3 Month
2010,Emily Gray,44,joshuabrown@example.net,"344 Diaz Viaduct, North Mariashire, MT 55959",Desktop,1549,Premium,3 Month
2011,Nicole Lambert,21,pwest@example.org,"2492 Gill Alley, South Bradley, LA 08183",Desktop,4094,Free,Yearly
2012,Leslie White,43,todd24@example.org,"591 Davis Drive, North Diane, VI 76257",Desktop,2183,Premium,Monthly
2013,Devon Davis,51,tanderson@example.net,"6637 Gomez Course Suite 825, North Jenniferside, UT 55828",Mobile,7734,Free,3 Month
2014,Veronica Hunt,44,smithheather@example.net,"1827 Richard Brook Apt. 824, Port Alicia, GU 56974",Desktop,4009,Free,3 Month
2015,Darrell Fleming,44,kelly21@example.net,"132 Manning Ridges, Tiffanyside, TN 94251",Mobile,7595,Premium,3 Month
2016,Sharon Perez,44,tony93@example.org,"7775 Garcia Locks Suite 367, Julieshire, HI 33958",Tablet,5669,Free,Yearly
2017,Craig Shaw MD,64,elizabeth66@example.org,"955 Rangel Ports Apt. 507, East Debra, KY 73158",Mobile,1260,Family,Yearly
2018,Michael Harmon,22,danielstephens@example.net,"475 Alexander Brook Suite 992, Heathview, MO 85299",Desktop,2158,Premium,Monthly
2019,Dennis Evans,56,todd45@example.net,"52061 Jason Creek, Lesliehaven, MP 13114",Mobile,2876,Free,Yearly
2020,Ethan Thomas,44,proberts@example.org,"05470 Thompson Glen Suite 985, Danielmouth, MT 80419",Desktop,6943,Free,3 Month
2021,Jaclyn Reid DDS,44,nathaniel43@example.net,"9040 Michele Motorway, Sandrachester, CO 46418",Tablet,4749,Premium,Yearly
2022,Carol Schultz,44,ericwalker@example.org,"8028 Williams Land Suite 349, North Rebecca, MN 17006",Mobile,3424,Free,3 Month
2023,Thomas Walker,31,garcialaura@example.org,"2122 Lori Ridges, Stevenshire, WV 75114",Tablet,6565,Family,Yearly
2024,Jordan Kelly,44,nancysmith@example.net,"37095 Ronald Flat Apt. 755, Tracihaven, LA 44261",Mobile,3068,Premium,Monthly
2025,Daniel Porter,44,phelpsmallory@example.com,"095 Daniel Lodge, Matthewshire, IN 26755",Desktop,158,Family,3 Month
2026,Henry Carpenter,56,susanbryan@example.org,"21700 Lopez Wall, Lake Jacqueline, IL 05204",Desktop,2859,Premium,3 Month
2027,James Blair,47,garciabrenda@example.net,"36208 Martin Center, Jameston, FM 18493",Mobile,5213,Premium,Monthly
2028,Amanda Crawford,34,natashaowens@example.com,"7116 Jacobs Haven, Port Jacquelineton, VT 04327",Desktop,7432,Premium,3 Month
2029,Patricia Greer,44,garciajoshua@example.com,"2472 Gould Neck, New Brittany, IA 13014",Desktop,779,Family,Yearly
2030,Jo Martin,44,jessicamartin@example.com,"799 Stephenson Burg, Sandrastad, LA 87092",Desktop,3630,Family,3 Month
2031,Kaitlyn Oconnor,50,markgardner@example.org,"06287 Fritz Heights, Port Emilytown, CO 80765",Desktop,1345,Free,3 Month
2032,Albert Hernandez,44,ryanhunter@example.com,"557 Manuel Wells Apt. 690, Lake Christine, ID 12252",Tablet,3038,Premium,Monthly
2033,Tristan Morgan,64,tiffany63@example.com,"181 Seth Drive, South Kimberlyburgh, CO 48276",Desktop,7674,Premium,Yearly
2034,Johnny Taylor,44,sherilong@example.net,"7990 West Viaduct Apt. 105, East Susanview, VT 94233",Mobile,1503,Premium,Yearly
2035,Patricia Christensen,45,imathews@example.org,"6142 Roberts Knolls Apt. 160, South Kaitlyn, NC 73458",Mobile,2649,Family,Yearly
2036,Rachel Avila,42,jesse46@example.net,"1224 Bullock Roads Apt. 032, Andersonland, SD 27593",Mobile,8094,Family,Monthly
2037,Christopher Garcia,44,jacksonlori@example.net,"45951 Benton Meadow Suite 456, Daystad, FM 83853",Tablet,8855,Family,Yearly
2038,John King,70,cdaniel@example.org,"38373 Jeffrey Lights, Ashleyburgh, WY 69267",Tablet,4988,Premium,3 Month
2039,Sharon Potter,44,ubrown@example.com,"2103 Moon Burgs Apt. 261, Edwardborough, NM 59312",Mobile,1250,Free,3 Month
2040,Renee Braun,44,sullivanbeverly@example.org,"29652 Owens Extensions, New Rodney, WA 52323",Mobile,2249,Premium,Monthly
2041,Matthew Fitzpatrick Jr.,24,derrickwhitehead@example.net,"9166 Michael Greens, Griffinbury, MH 18865",Desktop,5714,Premium,3 Month
2042,Jennifer Cox,24,bestjackson@example.org,"1758 Young Cliff, West Jamestown, WA 44677",Desktop,1319,Premium,Monthly
2043,Joan Patterson,44,jane77@example.com,"028 Annette Causeway Suite 084, West Shaunton, TN 05718",Mobile,829,Premium,Yearly
2044,Charles Valencia,19,gmarshall@example.org,"1832 Brandon Port Suite 319, Thomaston, NE 97157",Tablet,3605,Family,3 Month
2045,Dennis Johnson MD,44,hartallison@example.net,"Unit 9241 Box 4529, DPO AP 73847",Mobile,1256,Premium,Monthly
2046,Brian Watkins,44,jennifer63@example.com,"USS Fernandez, FPO AA 11641",Mobile,5640,Premium,3 Month
2047,Caitlyn Dunn,58,rlynch@example.org,"3779 Walker Rapid, Humphreyton, UT 08930",Desktop,1129,Premium,3 Month
2048,Dustin Frost,40,smithcarrie@example.com,"4738 Smith Village, New Josephborough, OK 18350",Mobile,3505,Family,Yearly
2049,Eddie Moore,44,randallalexis@example.net,"56657 Teresa Harbors, Brownbury, CO 93852",Mobile,613,Free,Yearly
2050,Mark Sullivan,44,langtony@example.org,"03526 Cole Cliffs Apt. 923, North Phillip, NC 99680",Desktop,4246,Premium,3 Month
2051,Chelsea Chapman,22,danielsmatthew@example.org,"783 Michael Knoll Suite 138, Michaelborough, NE 79602",Desktop,5098,Family,3 Month
2052,William Phillips,65,jaime89@example.org,"07397 Prince Garden, South Timothytown, MT 15788",Mobile,5651,Free,Monthly
2053,Anna Blair,20,vaughnmarvin@example.com,"18577 Chapman Crest Apt. 859, South Kaylachester, MP 88467",Tablet,1640,Premium,Monthly
2054,Yvette Mclaughlin,20,jasonmcintyre@example.com,"9537 Hall Run, Pattersonview, NV 65902",Desktop,6420,Premium,3 Month
2055,Kristen Griffin MD,32,morseyesenia@example.com,"16779 Melissa Fork Apt. 352, South Laurenstad, OH 81838",Tablet,9786,Premium,Yearly
2056,Denise Hill,57,donna45@example.net,"65410 Johnson Square Suite 215, East Sergioburgh, MT 90575",Mobile,1395,Family,3 Month
2057,Hayley Chapman,44,jmartinez@example.org,"9882 Regina Path, Hunthaven, AR 24443",Tablet,9762,Premium,Yearly
2058,Ryan Reyes,43,cartercindy@example.com,"7250 Steven Junction, Stephanieville, ID 60112",Tablet,3202,Family,Monthly
2059,Joshua Knight,44,makaylatorres@example.com,"552 Sean Junctions Suite 792, Jamesstad, GA 19518",Tablet,2605,Family,3 Month
2060,Danielle Gates,44,eward@example.org,"6917 Stephanie Groves Apt. 804, Blairmouth, VI 28294",Mobile,380,Premium,Monthly
2061,Amber Frey,66,chris83@example.org,"81570 Jack Field, East Miranda, NH 90813",Desktop,308,Family,Yearly
2062,Nathan Hunter,44,ycarlson@example.net,"447 Gilbert Squares Apt. 149, West Jamesville, RI 67733",Mobile,2324,Family,3 Month
2063,Trevor Diaz,37,jeremyedwards@example.com,"150 Michael Mount, North Kendra, CO 40937",Tablet,5878,Premium,Yearly
2064,Margaret Freeman,37,brandy56@example.com,"039 Thompson Keys, Taylorshire, SC 94742",Desktop,9681,Premium,3 Month
2065,Sherri Lopez,51,pcurry@example.org,"571 Nicole Well Apt. 055, Carterville, TN 90650",Mobile,8722,Free,Monthly
2066,Monique Cervantes,44,josephlang@example.com,"791 Watts River Apt. 125, Lake Jonathan, MO 41595",Mobile,7398,Family,Monthly
2067,Courtney Williams,20,steven41@example.net,"2391 Hanna Cape Suite 477, West Crystalfort, NJ 82313",Mobile,2845,Premium,Yearly
2068,Susan Pham,68,fmann@example.org,"41321 Lindsay Port Apt. 050, Davisberg, IL 95905",Desktop,3338,Free,3 Month
2069,Jennifer Smith,44,efischer@example.org,"PSC 4483, Box 0040, APO AA 91773",Desktop,6329,Premium,3 Month
2070,Henry Phelps DDS,44,rachel51@example.org,"82692 Cheryl Shores Suite 188, South Joann, MT 34967",Tablet,7727,Premium,Monthly
2071,Paul Martinez,44,suehawkins@example.com,"01665 Santana Plains, South Johnport, AL 40989",Tablet,4593,Premium,Yearly
2072,Heather Chapman,33,catherine67@example.net,"3570 Daniel Spur, West Robynshire, WA 53144",Tablet,4262,Premium,Monthly
2073,Karen Rice,44,paulmckenzie@example.org,"47083 Alexander Estates Apt. 687, Garyfort, VI 68849",Tablet,6184,Family,Monthly
2074,Kristi Kelly,47,rharris@example.org,"546 Brenda Glen Suite 990, Michaelfurt, KY 86296",Desktop,2958,Free,Yearly
2075,Johnathan Johnson,44,nicolejennings@example.com,"644 Moore Knolls, West Karen, NM 11082",Tablet,6161,Premium,Monthly
2076,Trevor Lawson,24,thomas36@example.com,"2641 Drew Mission Apt. 886, South Amanda, NV 63441",Tablet,9933,Family,Yearly
2077,Stephanie Sullivan,30,palvarez@example.net,"673 Brenda Port Suite 275, Loweryville, MO 84119",Tablet,8148,Premium,3 Month
2078,Jill Cooper,44,emoore@example.com,"3590 Eric Hills Suite 991, Jeffreyshire, SC 80120",Desktop,5411,Premium,Yearly
2079,Scott Cuevas,44,monica90@example.com,"Unit 9999 Box 5447, DPO AA 78432",Desktop,5209,Family,Yearly
2080,Zoe Nguyen,44,brentgrant@example.com,"0919 Julie Mission Apt. 220, Port Kelly, IN 60519",Desktop,294,Premium,Yearly
2081,Ryan Rivera,44,josephserrano@example.org,"7723 Edwards Lodge Apt. 714, Port Angela, NM 02471",Desktop,4383,Premium,Yearly
2082,Michael Davis,20,hinesmary@example.net,"071 David Lane Suite 873, Benjaminshire, TN 87222",Desktop,7306,Premium,Yearly
2083,Jeanette Brown,59,walljonathon@example.com,"Unit 3045 Box 6851, DPO AE 36127",Mobile,6629,Premium,Yearly
2084,Jesse Ramos,29,lisawalker@example.net,"577 Rachael Ways Apt. 910, East Vincent, ME 87217",Mobile,9169,Free,3 Month
2085,Mike Landry,44,hollyfitzgerald@example.com,"4171 Moses Grove Apt. 768, West Robert, MS 05265",Mobile,2486,Family,Monthly
2086,Austin Lee,44,xwilliams@example.org,"5774 Jacqueline Way Suite 148, West Patrick, HI 60388",Mobile,2558,Family,Monthly
2087,Alexis Schroeder,44,jpowers@example.net,"189 John Plaza Apt. 580, Marshallport, NE 73245",Desktop,5385,Free,Monthly
2088,Christopher Shields,38,austin32@example.net,"593 Woods Mount, Wagnerborough, HI 04260",Desktop,3239,Free,Yearly
2089,Kathleen Howard,41,mjimenez@example.com,"2030 Robert Lane Apt. 616, Richardville, WV 49092",Desktop,6533,Family,Monthly
2090,Nicholas Gardner,23,shaun74@example.net,"862 Bartlett Isle Apt. 072, South Matthew, WI 85412",Mobile,8261,Premium,Yearly
2091,Kevin Garcia,44,ruth14@example.com,"837 Sullivan Club, South Jason, MH 52652",Mobile,6260,Premium,Monthly
2092,Patrick Turner,44,amandacantrell@example.org,"160 Bond Key, Hernandezhaven, FM 26848",Tablet,1060,Premium,Monthly
2093,Heather Anderson,44,sheri12@example.com,"Unit 4560 Box 6838, DPO AA 13198",Desktop,1126,Premium,Yearly
2094,Victor Thompson,44,zimmermanmary@example.net,"77246 Williams Crossroad, Lake Antonioport, NE 83122",Tablet,4216,Free,3 Month
2095,Robert Cannon,42,charlesanderson@example.com,"8463 David Meadows, East Andrew, MS 16756",Desktop,707,Premium,3 Month
2096,Christopher Calderon,44,teresawelch@example.com,"Unit 1697 Box 7283, DPO AA 23945",Mobile,1709,Premium,Yearly
2097,Sandra Estrada,24,rmiller@example.org,"667 Hull Coves Suite 469, Karenbury, WA 75590",Desktop,4831,Family,Yearly
2098,Charlene Kane,46,jonesluis@example.net,"824 Christopher Canyon Suite 860, Lesterstad, WY 61285",Mobile,3091,Premium,3 Month
2099,Jeffrey Hicks,44,hicksmichelle@example.net,"USNV Vang, FPO AP 34231",Tablet,5349,Premium,Yearly
2100,James Wallace,18,sgreene@example.com,"USCGC Koch, FPO AA 62128",Desktop,5881,Family,Yearly
2101,Kevin Taylor,38,melaniepeterson@example.com,"Unit 8290 Box 7654, DPO AA 87401",Mobile,2092,Family,Monthly
2102,Linda Smith,44,shawnstokes@example.net,"45737 Newman River, Emilyhaven, MT 96059",Desktop,4191,Premium,3 Month
2103,Angela Fowler,44,ajennings@example.com,"906 Andrews Rue Suite 125, South Brittneyfurt, OK 93464",Mobile,1319,Premium,Monthly
2104,Taylor Mccarthy,44,joseph33@example.com,"Unit 2005 Box 4422, DPO AP 76906",Desktop,9759,Premium,Monthly
2105,Scott Norman,44,tuckerjoseph@example.com,"102 Moreno Light, Grahamport, FL 48475",Mobile,6584,Premium,Yearly
2106,Robin Bell,44,patricia34@example.org,"910 Gavin Coves, Reynoldsport, IL 03913",Tablet,9975,Premium,Yearly
2107,Randy Gutierrez,44,josephcooper@example.org,"545 Clark Pines, Toniside, DE 35135",Desktop,5377,Premium,Yearly
2108,Dominique Thomas,44,brendamorris@example.org,"15608 Thomas Village Apt. 215, Victorchester, ID 08194",Tablet,541,Premium,3 Month
2109,Carla Thompson,46,nrodriguez@example.net,"62178 Jason Squares Suite 017, Port Annette, IL 05383",Tablet,3861,Premium,3 Month
2110,Jack Robinson,44,andersonchristopher@example.com,"5480 Tabitha Drive, Daltonville, OR 34332",Mobile,5865,Premium,Monthly
2111,Andrea Adams,30,rvega@example.net,"8501 Steven Coves Apt. 726, Howardmouth, AR 07650",Mobile,1446,Premium,Monthly
2112,Megan Garcia,70,ashleyfernandez@example.net,"53554 Campos Bridge Apt. 254, Johnmouth, VT 98100",Desktop,8039,Free,Yearly
2113,Jamie Howard,44,leah00@example.org,"81751 Daniel Road, New Jamieborough, RI 75658",Mobile,8624,Free,Monthly
2114,Matthew Green,36,mia87@example.org,"94701 Caitlin Creek Apt. 634, Lake Nicholas, AL 74171",Desktop,6497,Premium,Yearly
2115,Robin Munoz,44,rachel56@example.com,"7998 David Loaf Apt. 940, Jasmineborough, MN 61598",Desktop,5670,Premium,Monthly
2116,Chelsey Warren,44,thomaswest@example.org,"06248 Martin Fields Suite 478, Lake Travisfurt, CO 60998",Tablet,9792,Free,3 Month
2117,Chelsea Dorsey,48,atkinsonnicole@example.net,"9761 House Trail, South Jessica, CT 17817",Mobile,4197,Premium,3 Month
2118,Selena Rowland,28,norman58@example.org,"66528 Colleen Shoal Suite 985, South David, VA 29776",Mobile,702,Free,3 Month
2119,Edgar Morgan,44,apope@example.org,"13275 Emily Estates Apt. 265, Alanburgh, MI 87471",Desktop,2362,Premium,Yearly
2120,Lauren Lee,44,kristinajohnson@example.com,"2402 Cook Passage, Williamsstad, FL 42992",Mobile,4557,Family,3 Month
2121,Tammy Williams,44,jclark@example.net,"2364 Jasmine Springs Suite 915, Mcknightborough, FL 04786",Mobile,9704,Family,Yearly
2122,Glenda Gamble,44,wadejack@example.net,"91967 Griffin Terrace Suite 476, Port Williamborough, NJ 99574",Desktop,6352,Family,Yearly
2123,Elizabeth Wagner,44,bryanhogan@example.com,"30856 Nielsen Shore Apt. 592, Stephenberg, IN 86544",Mobile,2761,Premium,Yearly
2124,Jared Hart,44,gilbertnicole@example.com,"6042 Jennifer Corner Suite 883, North Amandaberg, DC 30034",Mobile,9331,Premium,Yearly
2125,Curtis Adams,44,gregmorris@example.com,"Unit 5896 Box 5908, DPO AE 95734",Mobile,808,Free,Monthly
2126,Breanna Wilson,44,oconnelljoseph@example.org,"967 George Street, Lake Luke, SD 31866",Tablet,7196,Premium,Yearly
2127,Angela Thompson,44,stephanie68@example.com,"77541 Clark Curve Suite 008, Lake Noahland, ID 68021",Desktop,3508,Premium,3 Month
2128,Alfred Maldonado,21,wshelton@example.net,"987 Michael Court, Danabury, AL 65765",Mobile,6019,Family,Monthly
2129,Daniel Powell,19,castropaul@example.org,"4715 Barton Causeway Apt. 219, Christineshire, IA 67166",Mobile,1538,Premium,Monthly
2130,Michelle Johnson,44,katrinaperry@example.org,"24725 Fischer Inlet Apt. 743, Omarville, NC 10747",Desktop,7800,Family,Monthly
2131,Paula Young,19,jennifer54@example.com,"USCGC Gibson, FPO AP 19314",Desktop,9817,Premium,Yearly
2132,Amanda Flores,70,lisamoore@example.net,"582 Jonathan Drive, Fordmouth, MO 95424",Tablet,6182,Free,Monthly
2133,Ryan Little,32,donhuang@example.org,"7912 Traci Brook Suite 927, Brownborough, AL 28032",Tablet,3804,Premium,Monthly
2134,Michael Walton,44,cody15@example.net,"09958 Anthony Turnpike, West Justinport, MA 31132",Desktop,5600,Free,3 Month
2135,Bryan Robinson,44,urosario@example.com,"04177 Torres Gardens, Port Scottmouth, RI 12694",Desktop,6358,Free,Monthly
2136,Paige Wade,44,megan55@example.org,"743 Joshua Canyon Suite 972, Johnsonchester, AR 57444",Tablet,3275,Free,Yearly
2137,Daniel Marsh,44,tbuchanan@example.net,"970 Doris Valleys Apt. 227, Arthurberg, NE 61149",Desktop,2434,Premium,3 Month
2138,Laurie Garza,27,morrisontaylor@example.org,"199 Hughes Hill, Berrystad, LA 35191",Desktop,769,Free,Yearly
2139,Julie Gibson,44,john58@example.org,"640 Mack Junction, North Victoriaton, CA 31351",Desktop,5846,Free,Monthly
2140,Taylor Jennings,40,bradlewis@example.org,"41886 Aaron Extension Suite 701, South Samanthamouth, PR 38312",Desktop,6039,Premium,3 Month
2141,Suzanne Clark,44,ctran@example.org,"216 Winters Mountain, Roseburgh, PA 39318",Mobile,1263,Free,Monthly
2142,Casey Nolan,55,tiffanyhernandez@example.com,"Unit 9051 Box 5007, DPO AE 85396",Mobile,8164,Family,Monthly
2143,Danielle Mack,55,jamesarmstrong@example.org,"9065 Sabrina Parks Apt. 530, West Matthew, AR 18949",Tablet,7277,Free,Yearly
2144,Deborah Bean,29,hnavarro@example.com,"USNV Crawford, FPO AP 15750",Desktop,7340,Family,3 Month
2145,Joshua Patterson,41,jason30@example.com,"545 Kevin Plains Apt. 603, Lake Alexaside, MH 10173",Mobile,7227,Premium,Yearly
2146,Juan Weaver,44,richardthompson@example.org,"835 Cooper Fords Suite 511, Port Angela, NE 55202",Tablet,2791,Premium,3 Month
2147,Brooke Brown,44,fowlerbrian@example.org,"712 Matthew Camp, Rebeccaville, VT 33765",Desktop,150,Free,Yearly
2148,Thomas Brown,42,meyersjacob@example.net,"3299 Shaw Trace, North Seanland, GA 93495",Desktop,6204,Premium,3 Month
2149,Christopher Page,44,ijones@example.org,"650 Mitchell Curve Apt. 782, Owensmouth, AK 34208",Desktop,9273,Free,3 Month
2150,Brittney Gonzales,44,wrightangela@example.com,"92032 David Mount, Port Darlenechester, DE 42755",Tablet,3018,Premium,Monthly
2151,Courtney Mendez,30,michaeltrevino@example.net,"25722 Levy Ways, West Ashley, SC 65335",Desktop,5864,Premium,3 Month
2152,Paul Gomez,44,wardjames@example.org,"024 Simpson Dam, Fowlerhaven, MI 94967",Desktop,9203,Premium,3 Month
2153,Johnny Fernandez,26,jwaller@example.com,"25752 Erica Underpass, North Tashaland, NV 76442",Tablet,2553,Free,Monthly
2154,Trevor Rodriguez,44,daniel79@example.com,"77213 Reyes Dale, Jasonchester, PR 40778",Mobile,256,Premium,Monthly
2155,Matthew Welch,44,ronaldmueller@example.org,"9858 Jackson Lock Apt. 509, Kyleport, OR 55049",Mobile,9774,Family,3 Month
2156,Tamara Bright,44,joshua89@example.net,"385 Hartman Walk Apt. 126, Thomaschester, NV 77599",Mobile,1357,Premium,Yearly
2157,Daniel Juarez,30,mwilkins@example.com,"90077 Santos Lane Apt. 923, Matthewmouth, RI 97915",Tablet,5218,Premium,Monthly
2158,Kelsey Fernandez,44,schaefersarah@example.net,"16967 Hughes Common, Lake Ginaport, CO 51354",Mobile,4158,Free,3 Month
2159,Meghan Bailey,31,cheryl73@example.com,"907 Roy Underpass, East Stevenborough, PR 01286",Mobile,6302,Family,3 Month
2160,Kevin Cox,18,jenkinscorey@example.net,"3099 Linda Gateway Suite 347, Wadetown, LA 18565",Desktop,5697,Premium,3 Month
2161,Barry Mills,36,julie12@example.net,"0615 Lacey Groves, Melissamouth, DE 38146",Tablet,256,Premium,3 Month
2162,Michael Hill,44,Not Provided,"Unit 7670 Box 2173, DPO AA 31297",Desktop,6171,Family,Yearly
2163,Miguel Mitchell,27,jordanjenny@example.org,"69178 Mitchell Mountain, Hendersonberg, MI 53850",Desktop,1635,Premium,Monthly
2164,Vincent Owens,44,willie96@example.com,"3898 White Drives Suite 557, Shieldschester, WA 64191",Tablet,4657,Premium,Yearly
2165,Brian Marquez,44,chelseanichols@example.org,"14087 Wilson Square Apt. 807, Lake Julia, VT 29166",Desktop,6642,Premium,Yearly
2166,Rebecca Wood,44,halemark@example.net,"713 Lopez Pine, Westburgh, ME 75475",Desktop,4637,Family,3 Month
2167,Kenneth Sanchez,65,shannonjackson@example.com,"89274 Michael Loaf Suite 469, Williamsport, ME 21654",Desktop,5404,Premium,3 Month
2168,Joyce Diaz,44,hdickerson@example.com,"USCGC House, FPO AA 33560",Mobile,8452,Family,3 Month
2169,Sandra Martinez,44,qlewis@example.net,"951 Lucas Groves, Thomasborough, MH 02260",Mobile,1966,Premium,3 Month
2170,Mia Watkins,44,williamlam@example.net,"8961 Tammy Locks, Fergusonmouth, PR 55197",Desktop,1014,Premium,Monthly
2171,Garrett Lara,47,ygarcia@example.net,"45306 Peter Ramp Apt. 025, North Taylor, VT 11745",Mobile,789,Premium,Monthly
2172,Cynthia Rivera,44,joshuahunter@example.org,"727 Wade Lights Suite 002, Brandonfort, MI 95430",Tablet,1611,Family,3 Month
2173,Miranda Cox,44,lvelazquez@example.org,"USNV Washington, FPO AP 09693",Mobile,1924,Premium,Monthly
2174,Karen Moore,62,chadguzman@example.com,"1813 Carrie Estates, Jacksonton, AZ 42122",Tablet,6633,Free,Monthly
2175,Tammy Schneider MD,25,lindsay91@example.org,"513 Kimberly Plaza Suite 639, North Susanhaven, AK 02233",Mobile,382,Premium,3 Month
2176,Matthew Wilson,32,racheljones@example.com,"1314 Julie Path, Lake Paulland, PR 81101",Tablet,9501,Family,Yearly
2177,David Garza,44,nmcdaniel@example.org,"2946 Johnson Lakes Suite 796, New Nicole, MP 09976",Mobile,760,Premium,Monthly
2178,Joshua Smith,44,michael00@example.com,"08771 Mary Points, Lake Misty, NV 17969",Mobile,5394,Premium,Yearly
2179,Jacob Clark,59,bradleythompson@example.org,"34818 Jason Radial, Rodriguezton, PR 99230",Mobile,6377,Premium,Monthly
2180,Christian Thomas,48,fgibson@example.org,"45561 Wilson Hills Apt. 068, Matthewfurt, FM 17584",Mobile,3800,Premium,Yearly
2181,Matthew Molina,37,andrewstout@example.org,"6650 Destiny Glens, West Sherylside, DE 52518",Desktop,6669,Premium,3 Month
2182,Jeffery Berg,51,ehayes@example.org,"9333 Mccoy Row, Lake Barbarafurt, MA 43323",Tablet,7187,Premium,Yearly
2183,Bruce Wilson,44,lindsay24@example.net,"639 Cervantes Glens Suite 655, Morrisburgh, KS 94998",Desktop,5909,Free,Yearly
2184,Brandon Taylor,35,vcross@example.com,"038 Moore Route Suite 895, Port Michaelhaven, NM 70821",Desktop,1184,Premium,Yearly
2185,Kristen White,23,christina91@example.org,"7179 Kelly Ports Suite 211, North Williamborough, VI 04692",Tablet,1101,Premium,3 Month
2186,Robert Carlson,44,pjones@example.net,"25209 Morrow Roads Apt. 799, Karenhaven, ME 21609",Mobile,1062,Family,Monthly
2187,Julia Hall,60,keith12@example.net,"Unit 9025 Box 0145, DPO AA 87386",Desktop,4944,Free,Monthly
2188,John Barker,47,sthomas@example.com,"Unit 4301 Box 7129, DPO AP 22926",Desktop,7863,Free,3 Month
2189,John Garcia,26,sethvalenzuela@example.net,"54086 Aaron Wall, South Kimtown, NV 17010",Desktop,1503,Premium,3 Month
2190,Angela Hernandez,40,clee@example.com,"5121 White Viaduct, Singhfurt, VI 17841",Mobile,7843,Premium,Monthly
2191,Heather Baker,44,richard16@example.net,"04851 Susan Alley Apt. 049, North Mary, SD 06646",Tablet,7270,Family,3 Month
2192,Kristopher May,18,markparker@example.net,"2037 Ramsey Stravenue, South Joshua, PR 83068",Desktop,9178,Premium,Yearly
2193,Rebecca Juarez,44,anna79@example.net,"43430 Jessica Forks, East Bethany, MS 43265",Desktop,3063,Family,3 Month
2194,Lucas Turner,59,potterjennifer@example.com,"53501 Murphy Square Suite 862, Port Kevinfurt, ID 39621",Mobile,3823,Family,Yearly
2195,Melissa Pennington,44,nfox@example.net,"375 Taylor Island Suite 006, Galvanview, KY 86930",Desktop,2803,Premium,Monthly
2196,Alyssa Nguyen,44,brianstewart@example.net,"9949 Johnson Brook, Adamsmouth, WA 16070",Desktop,5008,Free,Yearly
2197,Ashley White,44,angelamitchell@example.com,"10741 Mcclure Circles, West Sergioside, IL 18971",Tablet,6904,Premium,Yearly
2198,Michael Morris,22,sharianderson@example.org,"2843 Cynthia Center Suite 769, South Jessica, PR 93583",Desktop,6256,Premium,Monthly
2199,Kendra Taylor,44,mariacharles@example.org,"209 William Views, Davishaven, TN 80968",Mobile,3632,Premium,3 Month
2200,Elizabeth Smith,44,johnsonamanda@example.net,"3865 Deborah Heights Suite 840, West Kathryn, GU 03329",Mobile,3361,Premium,Yearly
2201,Joshua Curtis,20,duranshawn@example.org,"25841 Mitchell Stravenue Apt. 621, New Kellymouth, SD 68049",Tablet,4232,Premium,Yearly
2202,Ryan Boyle,44,dawsonmitchell@example.com,"385 Judy Ways Apt. 312, South Brianna, AS 17953",Desktop,4944,Family,Yearly
2203,Stephanie Maldonado,25,williamsonterri@example.org,"Unit 6265 Box 4547, DPO AA 35744",Mobile,4225,Family,Monthly
2204,Denise Price,44,colleen38@example.net,"2311 Mallory Camp, Shawside, AK 06280",Mobile,605,Premium,3 Month
2205,Billy Burch,29,ashley69@example.net,"510 Juarez Crest, Davidfort, DC 41926",Mobile,7882,Premium,Monthly
2206,Spencer Williams,44,daniel81@example.net,"10435 Gay Rue, Salinastown, MI 57561",Mobile,6542,Premium,3 Month
2207,Joseph Huff,22,jose14@example.org,"3533 Patterson Cliff, Port Allison, MI 93999",Mobile,3312,Free,3 Month
2208,Jeff Hernandez,19,nnguyen@example.com,"6181 Damon Springs Suite 336, Clarkechester, VA 59289",Tablet,7606,Premium,3 Month
2209,Chris Garcia,44,tammyellis@example.com,"857 Catherine Plains Suite 921, East Karenfort, AR 64739",Mobile,7714,Premium,Monthly
2210,Richard Rodriguez,50,hshannon@example.net,"USNV Nunez, FPO AA 19830",Mobile,9796,Premium,Monthly
2211,Teresa Robinson,44,leedarlene@example.org,"233 Sabrina Parkways, South Georgeburgh, FL 96750",Tablet,7364,Free,Yearly
2212,Leslie Vazquez,44,orodriguez@example.org,"4421 Olivia Centers Apt. 208, Reevesburgh, FL 62274",Mobile,211,Family,3 Month
2213,Jermaine Bates,44,xjackson@example.com,"Unit 4262 Box 8724, DPO AA 25257",Desktop,1001,Free,Monthly
2214,Scott Hernandez,44,moorebrittany@example.net,"891 Conner Grove Suite 068, Martinezshire, UT 53162",Tablet,2568,Family,Monthly
2215,Antonio Garcia,44,connerpaula@example.net,"9037 Vance Inlet, Brownmouth, AS 59204",Tablet,6162,Free,3 Month
2216,Nicholas Taylor,64,thomas13@example.net,"3456 Crosby Dale Apt. 132, West Mario, PA 93266",Mobile,6514,Premium,Monthly
2217,Richard Williams,45,nataliecarlson@example.net,"49441 Solomon Cliffs Suite 930, Perkinsstad, FL 51420",Desktop,9950,Premium,Monthly
2218,Robert Miller,69,williamschultz@example.com,"8698 Horn Overpass, Codyview, MP 82611",Tablet,8782,Premium,3 Month
2219,Chad Sosa,35,matthewjones@example.com,"862 Sparks Canyon, East Ronaldburgh, VT 17731",Mobile,7816,Premium,Yearly
2220,Michelle Gonzalez,44,mariahouse@example.com,"47384 Ross Pike, Hollandstad, WI 53162",Mobile,8329,Family,3 Month
2221,Steven Wise,44,michele16@example.org,"456 Patrick Haven Suite 026, Port Dean, MP 49465",Desktop,4759,Family,Yearly
2222,Shelly Williams,44,fernandeztim@example.com,"710 Floyd Causeway Suite 016, Port Tamaraview, WI 93803",Mobile,5004,Premium,Monthly
2223,Amanda Torres,68,harperalisha@example.org,"0844 Hodges Ramp Suite 447, Kathleentown, AK 71694",Desktop,4792,Free,Yearly
2224,James Martinez,51,washingtoncrystal@example.com,"0779 Hall Spring, North Andreaville, FM 58424",Desktop,5940,Premium,Yearly
2225,Lisa Powell,44,blackwellkim@example.net,"7023 Marcus Path Apt. 144, Andersonchester, AR 73777",Tablet,2258,Free,Monthly
2226,Brian Gomez,37,xquinn@example.org,"Unit 8740 Box 1565, DPO AP 31517",Desktop,7690,Premium,Yearly
2227,Deanna Bishop,44,wlong@example.net,"795 Quinn Walk Suite 652, West Patricia, CT 21805",Tablet,5311,Premium,3 Month
2228,Jeffery Meyer,49,ubrown@example.org,"Unit 6262 Box 2082, DPO AP 78455",Desktop,998,Free,Yearly
2229,Amanda Thomas,44,andreawalter@example.org,"0986 Stacey Corner, Matthewburgh, CO 45878",Tablet,9377,Premium,Yearly
2230,Jessica Rogers,44,stephensamy@example.org,"92836 Petty Drives Apt. 312, Jamesland, OR 39568",Mobile,2067,Premium,Monthly
2231,Kimberly Sanders,44,valeriehenderson@example.org,"67817 Villanueva Port, North Tyler, MT 35435",Mobile,9585,Family,3 Month
2232,Victor Roberts,21,nicholas32@example.org,"7228 Lance Turnpike, East Josephside, AZ 19192",Desktop,4791,Premium,Monthly
2233,Jesse Martinez,44,tmitchell@example.net,"2373 Nixon Parkway, Wattschester, NM 82902",Mobile,159,Premium,Yearly
2234,Gregory Elliott,27,oharris@example.net,"19213 Morgan Cove, Martinshire, AR 77888",Desktop,8255,Premium,Monthly
2235,John Mathis,43,ambersimmons@example.com,"Unit 8851 Box 4827, DPO AP 98980",Mobile,6058,Free,Monthly
2236,Maurice Mitchell,44,tiffany58@example.org,"907 Megan Highway Apt. 819, Rodriguezbury, AK 66629",Mobile,5582,Family,Yearly
2237,Danielle Pearson,20,twilliams@example.com,"8824 Leach Ramp, Moralesfort, KS 79406",Desktop,426,Free,3 Month
2238,Sarah Delacruz,28,vbradley@example.org,"351 Hogan Alley Suite 401, North Kimberlyborough, PW 02403",Desktop,1817,Family,Monthly
2239,Amber Morris,44,canderson@example.net,"524 Wade Creek Suite 038, Larryton, VT 91386",Mobile,2548,Family,Yearly
2240,Jennifer Parker,44,timothyday@example.com,"4464 James Springs, North Jesus, MN 31261",Mobile,1205,Premium,3 Month
2241,Lori Adams,57,zstewart@example.org,"PSC 4874, Box 8786, APO AE 27905",Desktop,6061,Premium,Yearly
2242,Heidi Green,44,megan23@example.com,"7100 Samantha Groves, Aliciaberg, UT 37541",Desktop,6938,Premium,3 Month
2243,Kaitlin Hill,18,david00@example.com,"224 Mark Port, East Josechester, MT 29246",Mobile,4864,Free,Monthly
2244,Matthew Ross,46,crawfordjames@example.com,"9679 Stafford Lakes, Velasquezfort, OR 88672",Mobile,6070,Premium,Yearly
2245,Jessica Perez,18,valeriehall@example.org,"USNV Pearson, FPO AA 41974",Desktop,7458,Premium,Monthly
2246,Jamie Martinez,44,biancawilliams@example.org,"8091 Jennifer Tunnel Suite 935, Patriciaton, MP 57153",Mobile,8768,Free,Monthly
2247,Marie Goodwin,59,jonesmeghan@example.org,"38569 Lorraine Junction Suite 458, Dannymouth, MH 99772",Tablet,9623,Free,Monthly
2248,Stephanie Acosta,44,qsanders@example.net,"169 Deborah Viaduct Suite 005, Burgessbury, WA 45110",Mobile,6372,Free,Monthly
2249,Frank Smith,44,cannonchristopher@example.net,"139 Thompson Lake, Bairdmouth, FM 66650",Mobile,5946,Family,Yearly
2250,Brianna Stewart,44,teresakim@example.com,"699 Jacob Streets Apt. 589, West Johnny, WV 26146",Mobile,9692,Family,Yearly
2251,Joseph Hawkins,40,marysmith@example.net,"1604 Ayala Branch Apt. 507, Port Joseph, NE 09209",Desktop,3117,Family,3 Month
2252,Spencer Davis,44,richardcarter@example.com,"14527 Olson Dale Suite 897, Andrewport, NM 04532",Tablet,9878,Premium,Yearly
2253,Bradley White,44,williamperry@example.net,"65187 Whitney Well Suite 672, Sextonview, NC 35527",Tablet,9454,Premium,Yearly
2254,Lisa Best,44,rbennett@example.org,"2612 Gonzalez Union, Sarahburgh, NE 24079",Desktop,2663,Family,Monthly
2255,Nathan Phelps,44,chavezabigail@example.com,"438 Mary Extensions Suite 510, Andrewton, WV 26656",Tablet,3033,Free,Monthly
2256,Tammy Wood,44,chase01@example.com,"663 Mason Station Apt. 537, Andersonview, HI 25266",Mobile,4148,Premium,Monthly
2257,Sergio Berry,19,zruiz@example.com,"7656 Isaac Path Apt. 330, Christinefurt, OK 95967",Desktop,9821,Free,3 Month
2258,Tyler Johnson,44,stacie20@example.com,"110 Brian Passage, Staceybury, GU 78249",Mobile,4071,Premium,Monthly
2259,Ashley Fisher,44,jasmine07@example.org,"49398 Kimberly Orchard, Kyleburgh, NV 22843",Tablet,4024,Free,Yearly
2260,Jennifer Harvey,44,brownmatthew@example.com,"705 Adrian Point Apt. 965, Lake Nicolechester, WI 17581",Mobile,6403,Premium,Yearly
2261,Margaret Cole,44,thomasmoran@example.com,"02641 Carpenter Forks, Grahamville, VA 65453",Mobile,6843,Free,Monthly
2262,Jose Anderson,39,owilson@example.com,"Unit 8702 Box 6597, DPO AA 95753",Desktop,9881,Free,3 Month
2263,Ana Williams,25,saunderseric@example.org,"5311 Thomas Points Suite 047, Port Andreachester, KY 43257",Mobile,6228,Family,Monthly
2264,Gregory Townsend,59,fernando68@example.org,"USNS Thompson, FPO AE 92124",Desktop,4821,Premium,Yearly
2265,Gary Harris,44,davisalicia@example.net,"6274 Andrew Mission, Wellsmouth, IL 44822",Mobile,4911,Premium,3 Month
2266,Maria Roberts,44,yjohnson@example.net,"9405 Smith Way Apt. 454, Diazview, IA 11333",Desktop,7630,Free,Monthly
2267,Barbara Hess,18,gbonilla@example.com,"62098 Ramos Freeway Apt. 583, Lake Kenneth, MS 91344",Mobile,7893,Premium,Yearly
2268,David Johnson,44,harveybrian@example.org,"14065 Jessica Trail, Camposville, ID 06634",Tablet,299,Premium,3 Month
2269,Heather James,44,james24@example.net,"30860 Jessica Mountain Apt. 762, Hudsonburgh, DC 86568",Desktop,4638,Free,Monthly
2270,Alexis Johnson,19,christina92@example.com,"67813 Norman Trafficway Suite 279, Brandiberg, WY 59027",Desktop,3028,Free,Monthly
2271,Douglas Shelton,44,yolandabauer@example.net,"Unit 9044 Box 0645, DPO AP 35396",Desktop,2707,Free,Yearly
2272,Michael Jones,20,martinezrebecca@example.org,"855 Alison Tunnel, South Tammy, WI 12829",Mobile,4608,Premium,3 Month
2273,Tiffany Simmons,44,tammy82@example.com,"2721 Hamilton Mews Apt. 271, Christianville, RI 18292",Desktop,920,Free,Yearly
2274,Jennifer Knapp,60,amanda13@example.org,"148 Harris Meadow Suite 634, Williamfurt, MI 92507",Mobile,680,Family,3 Month
2275,Kimberly Burns,44,wolsen@example.net,"0052 Dale Bridge Suite 351, Mcguirehaven, AL 08722",Desktop,9386,Free,Yearly
2276,Andrea Middleton,44,alexis74@example.net,"971 Norton Harbor Apt. 394, Scottmouth, PA 54532",Mobile,6969,Family,Monthly
2277,Casey Byrd,25,adrienne40@example.net,"Unit 1249 Box 0764, DPO AP 14427",Desktop,5197,Family,Monthly
2278,Joseph Fernandez,44,paulreynolds@example.net,"5271 Daniel Causeway Apt. 372, Cordovaport, PA 86712",Mobile,8114,Family,Yearly
2279,Grace Greene,40,antonio58@example.net,"Unit 2012 Box 6817, DPO AE 33938",Desktop,4647,Premium,Yearly
2280,Kimberly Carter,44,shirleyhamilton@example.com,"8615 Peter Mill Apt. 437, North Markhaven, KS 53214",Desktop,1591,Free,Monthly
2281,Joseph Rhodes,32,farrelldaniel@example.com,"540 Saunders Port, Bryantberg, CO 57851",Tablet,5146,Free,Monthly
2282,Kristen James,44,amygonzalez@example.net,"5451 Whitehead Isle, North Danielborough, ME 75429",Desktop,5573,Premium,3 Month
2283,Zachary Coffey,44,baldwinleslie@example.org,"0607 Evan Forks, East Jacobhaven, PR 91125",Desktop,3786,Free,Monthly
2284,Kevin Cochran,44,mnichols@example.com,"995 May Ferry, Stevensland, MI 26897",Mobile,1880,Family,Yearly
2285,John Tran,53,joeltate@example.org,"4975 Andrew Row, Carlsonchester, NV 79560",Desktop,2431,Premium,3 Month
2286,Kyle Chambers,67,leslieoliver@example.net,"280 Kristen Streets Suite 183, East Meganville, IL 21240",Desktop,1560,Premium,3 Month
2287,Richard Evans,28,jeffrey53@example.org,"154 Megan Extension, Port Brian, MT 26215",Desktop,9306,Premium,Monthly
2288,Erik Sanders,27,danielsrobin@example.com,"USNV Burke, FPO AA 35417",Mobile,6509,Premium,Yearly
2289,Steven Johnson,41,briancastro@example.net,"8330 Samantha Rapid, Martinville, FM 09435",Mobile,7876,Premium,Yearly
2290,John Marks,65,barry08@example.com,"427 Deborah Light Suite 537, New Jeffreyfort, MP 94245",Tablet,2784,Family,3 Month
2291,Amy Osborn,44,adrienne17@example.net,"620 Downs Forge Suite 920, Port Stephanieland, VI 25536",Tablet,4953,Premium,3 Month
2292,Christopher Bryant,44,clarence23@example.com,"164 Cassidy Land, New Mark, MA 74795",Mobile,1487,Family,Yearly
2293,Robert Moore,60,franklinmolly@example.com,"0694 Theresa Forge Apt. 397, Lake Scott, ID 93238",Mobile,710,Premium,Monthly
2294,Glenn Hernandez,44,jonesmark@example.net,"9649 Simpson Track Suite 734, South Eileen, NJ 91022",Mobile,6085,Family,Yearly
2295,Willie Patel,22,amy49@example.org,"USCGC Duncan, FPO AE 23981",Tablet,6784,Free,3 Month
2296,John Craig,40,madison69@example.org,"3705 Grace Plaza Apt. 373, Johnton, SC 12298",Desktop,8811,Free,Yearly
2297,Courtney Bennett,44,wolfnoah@example.com,"02808 Juan Freeway, Maryburgh, NJ 33616",Mobile,9830,Premium,Monthly
2298,Ian Kidd,44,ulawson@example.org,"6518 Johnson Ridges, Garrisonhaven, IN 05800",Mobile,4602,Family,Monthly
2299,Alexander Ross,42,riosbenjamin@example.org,"5996 Scott Prairie Apt. 242, Larsenfort, NH 29199",Desktop,3588,Family,Yearly
2300,Joshua Morris,41,heathnicholas@example.org,"85378 Brandon Knoll, Mitchellchester, KY 98611",Mobile,8133,Family,3 Month
2301,Brittany Rodriguez,44,bcarr@example.net,"254 Douglas Ridge, South Erinfort, TX 45049",Desktop,7700,Free,Monthly
2302,Barbara Dunn PhD,44,cynthia32@example.net,"55278 Brown Inlet Suite 109, Brianborough, MA 90889",Mobile,7448,Premium,Yearly
2303,Brandon Bennett,53,igray@example.com,"66556 Dustin Lakes Suite 849, Leefort, DE 90911",Desktop,4045,Free,Monthly
2304,Victoria Rivera,44,carrollsusan@example.com,"981 Powell Cove, South Markville, MD 59506",Desktop,8890,Free,Monthly
2305,Mary Walls,58,anthonywagner@example.net,"57065 Tucker Orchard Suite 433, Lake Robert, NM 02862",Mobile,4803,Free,3 Month
2306,Joshua Hayes,41,mollyortiz@example.org,"14231 Olson Spurs, New Jefferymouth, NM 84577",Desktop,5918,Premium,Yearly
2307,Andrew Obrien,44,suttontina@example.com,"8835 Leonard Ford Apt. 399, Marctown, LA 86809",Mobile,833,Family,Yearly
2308,Michael Smith,44,rhondawhite@example.org,"299 Davis Avenue, East Thomas, NM 88398",Mobile,6453,Free,Monthly
2309,Nicole Cardenas,44,kmiller@example.org,"248 Vasquez Key Suite 375, Jefferystad, VI 61150",Mobile,4645,Free,3 Month
2310,Danielle Andersen,36,francesmurray@example.com,"00386 Evans Grove Suite 610, Garciaville, IA 57507",Tablet,8601,Family,Monthly
2311,Amber Miller,18,patricia52@example.net,"387 Seth Square Apt. 510, Smithton, AK 57504",Mobile,6333,Family,Monthly
2312,Samantha Murphy,21,zsmith@example.org,"470 Stephanie Bypass Apt. 720, Larsonfurt, NJ 42244",Tablet,1138,Family,Monthly
2313,Shawn Carlson,44,rmiller@example.org,"719 Angel Mill Suite 807, Jessicaside, NH 73875",Tablet,7873,Premium,Monthly
2314,Charles Murphy,69,rodneymurphy@example.com,"724 Jody Mountains, East Michael, FL 95768",Tablet,7342,Family,Monthly
2315,Daniel Velazquez,44,lauravasquez@example.net,"PSC 2197, Box 8151, APO AE 60158",Mobile,2105,Premium,Yearly
2316,Melissa Pineda,44,jennifersmith@example.org,"3428 Nguyen Pike, Johnsonborough, PR 35973",Mobile,6488,Premium,Monthly
2317,Amy Adams,46,monicataylor@example.org,"PSC 1170, Box 6509, APO AE 16262",Mobile,3320,Family,Yearly
2318,Eric Mccall,21,michaelstewart@example.org,"0350 Patricia Pike Suite 369, New Michaelmouth, CT 72963",Desktop,3742,Premium,3 Month
2319,Heather Choi,66,mgreen@example.org,"6038 Catherine Meadow Suite 012, North Marilynland, VT 72186",Desktop,5936,Premium,3 Month
2320,Eric Lee,54,stephen04@example.net,"254 Brooke Crescent, Thomasfurt, ME 44367",Mobile,2111,Premium,Yearly
2321,Keith Lewis,30,jriley@example.net,"16261 Rogers Spur Suite 941, West Nicholasstad, FM 24276",Mobile,935,Premium,Yearly
2322,Dylan Martinez,54,oterrell@example.com,"0432 King Run Apt. 462, Harpermouth, NV 14588",Desktop,7014,Premium,3 Month
2323,Melinda Ryan,34,justinmorton@example.net,"50977 Russell Villages, Port Adam, AS 20557",Mobile,1170,Free,Yearly
2324,Julie Mccann,19,rhernandez@example.com,"5449 Elizabeth Stravenue, Melaniehaven, DC 58419",Tablet,1959,Premium,3 Month
2325,Joshua Ingram,44,melanieweiss@example.net,"744 Burton Corner, East Jonathan, DE 14758",Tablet,3979,Premium,3 Month
2326,Virginia Harris,44,wmcgee@example.org,"PSC 0903, Box 8429, APO AE 62918",Desktop,5979,Free,Yearly
2327,Jimmy Scott,35,lmartinez@example.org,"863 Lori Heights, Lake Brandymouth, MN 49737",Desktop,1847,Family,Yearly
2328,Rebecca Turner,58,vmcintosh@example.net,"995 Karen Lock, Lake Morganport, NY 31141",Desktop,214,Premium,3 Month
2329,Jessica Hawkins,44,Not Provided,"781 Laura Island, Robinsonton, LA 70624",Mobile,5017,Family,3 Month
2330,Michael Diaz,44,stephen22@example.net,"033 Christopher Hill Suite 455, Robinshire, VT 41703",Tablet,2598,Free,3 Month
2331,Michael Walsh,40,garciasusan@example.com,"494 Woods Burgs, Jamesfort, MH 69745",Desktop,5032,Free,Monthly
2332,Derek Richard Jr.,68,ugarcia@example.org,"65761 Nguyen Island Suite 789, Lake Lindaberg, CT 50512",Desktop,4913,Premium,Yearly
2333,Alicia Lee,44,mmerritt@example.org,"39229 Smith Villages, Lesliefort, WY 59890",Tablet,8201,Premium,Yearly
2334,Linda Clark,28,justinray@example.org,"795 Nielsen Plains, South Albertborough, NY 24879",Tablet,7216,Premium,Monthly
2335,Christian Williams,44,singram@example.com,"6535 Edwards Spur, Taylormouth, AL 55456",Desktop,7053,Premium,Yearly
2336,Michelle Montoya,44,marciagentry@example.org,"6030 Veronica Flat Suite 601, Clarkmouth, HI 60976",Tablet,6152,Premium,3 Month
2337,Stephen Powell,44,bblack@example.org,"80676 Walters Avenue, Barnettside, FM 81109",Desktop,6791,Premium,Yearly
2338,Sean Alexander,44,justin19@example.com,"8916 Susan Common, Lake Heatherberg, NV 32949",Desktop,7621,Family,Yearly
2339,Mary Zimmerman,44,tinagonzalez@example.org,"3118 Gregory Hills Apt. 320, Archerton, HI 59235",Desktop,7008,Premium,Yearly
2340,Joshua Edwards,64,jay12@example.net,"442 Gomez Fields Suite 160, South Roberthaven, VT 45590",Desktop,9551,Premium,3 Month
2341,Ashley Hunt,44,suzannewashington@example.net,"38987 Spencer Forges, Lake Sandraville, PR 45449",Mobile,7407,Premium,Yearly
2342,Jacob Weiss,44,vazquezchristopher@example.com,"17745 Charles Trafficway Suite 308, Lake William, IA 75255",Tablet,7197,Premium,Monthly
2343,Nicholas Santana,61,jsmith@example.com,"73569 David Port, Lake Julie, LA 93956",Desktop,985,Premium,3 Month
2344,David Duran,44,thomashiggins@example.com,"87863 Vaughn Village Suite 874, South Scott, FM 14224",Mobile,9998,Family,Monthly
2345,Wendy Schneider,44,usalazar@example.net,"5897 Audrey Causeway Apt. 988, Port John, NY 91511",Tablet,3864,Premium,Monthly
2346,Fernando Austin,44,bryce69@example.com,"31551 Warner Prairie, West Leestad, MS 15739",Mobile,1077,Premium,3 Month
2347,Brianna Kent,44,ericagreen@example.org,"751 Beck Plaza, South Jeffrey, VI 45722",Desktop,2369,Family,3 Month
2348,Adam Black,44,julia93@example.org,"PSC 8647, Box 9235, APO AE 43222",Mobile,5566,Family,3 Month
2349,Bruce Henderson,57,qcruz@example.com,"463 Todd Fork Apt. 845, Powellton, VT 20016",Desktop,3867,Free,Monthly
2350,Joel Barrett,44,richardmichelle@example.net,"38947 Price Hollow, Williamland, OR 28622",Desktop,1063,Premium,Monthly
2351,James Miller,43,walltyler@example.com,"9928 Larry River Suite 550, North Thomas, IL 60547",Desktop,9716,Family,Monthly
2352,Douglas Porter,44,robert89@example.org,"767 Ray Hills, South Zacharyhaven, IL 87509",Mobile,2976,Free,Yearly
2353,Eric Andrews,44,thomas12@example.com,"Unit 5416 Box 3081, DPO AE 42437",Tablet,2079,Premium,3 Month
2354,Leslie Davis,43,jhurley@example.org,"40004 West Springs Suite 447, Donshire, IA 40006",Mobile,907,Premium,3 Month
2355,Janet Diaz,47,brianbrooks@example.net,"179 Teresa Lake, East Robertview, NM 32505",Mobile,3872,Family,3 Month
2356,Crystal Cunningham,28,adamsscott@example.org,"64377 Perez Trace, Larryville, IL 86865",Mobile,9051,Premium,3 Month
2357,Rodney Riggs,28,cartermarissa@example.org,"12262 Sanders Junctions, Mariotown, NE 11620",Tablet,6622,Premium,3 Month
2358,Kimberly Baldwin,45,vasquezcrystal@example.net,"49702 Rodriguez Underpass, Johnburgh, ID 38027",Desktop,7803,Premium,Monthly
2359,Erica Hernandez,47,barbara79@example.net,"95157 Brennan Flats Apt. 984, South Luismouth, MD 74511",Tablet,6250,Premium,Monthly
2360,Bailey Rodriguez,66,heatherjames@example.com,"29581 Wilson Locks Suite 138, Jasonchester, OR 93533",Desktop,8022,Premium,Monthly
2361,Timothy Burke,45,michaela04@example.net,"0814 Amanda Knolls, Davidhaven, PR 86867",Mobile,8181,Free,3 Month
2362,Cheryl Valdez,44,smorrison@example.org,"01719 Tammy Springs, Barnesmouth, MI 89982",Desktop,8418,Premium,3 Month
2363,Jason White,24,nicole17@example.org,"58217 Ryan Locks Apt. 864, Chantown, AK 11821",Mobile,3193,Premium,3 Month
2364,Bethany Larsen,24,stephanietrujillo@example.net,"967 Calvin Lodge, South Vickieside, KS 07978",Mobile,9200,Free,3 Month
2365,Johnny Moore,61,samantha50@example.org,"422 Elizabeth Fort, Port Shannonberg, VI 04227",Mobile,5531,Free,Monthly
2366,Elizabeth Andrews,44,maria50@example.net,"085 Jeffrey Ridge, West Ianburgh, OR 31199",Mobile,8013,Premium,Monthly
2367,Lisa Taylor,44,xcollins@example.org,"116 Kelly Common, Anamouth, FL 90754",Mobile,7243,Family,3 Month
2368,Charles Garcia,34,ybass@example.org,"52872 Kristin Hill Apt. 930, Port Maryton, WI 47261",Desktop,1597,Family,3 Month
2369,William Mejia,38,kellyleach@example.com,"4674 Bradley Island Apt. 526, Port James, WI 60071",Mobile,3666,Family,Monthly
2370,Angie Potter,44,alvarezbradley@example.org,"672 Cabrera Glens, Lutzborough, KY 15502",Desktop,2433,Premium,Monthly
2371,Gregory Costa,26,tburns@example.org,"064 Amanda Park, South Bettyside, ID 98836",Desktop,4424,Family,3 Month
2372,Julie Wall,58,xjones@example.com,"USNV Pope, FPO AA 96292",Desktop,8708,Premium,Monthly
2373,Linda Lee,44,cassandrathomas@example.org,"3641 Briggs Mall Apt. 237, Michaeltown, MI 21859",Mobile,9501,Free,3 Month
2374,Kyle King,65,mclark@example.net,"730 Jamie Tunnel, Port Nicholasport, NM 45005",Mobile,4229,Premium,3 Month
2375,Zachary Bryan,44,alexanderhubbard@example.com,"USCGC Harrison, FPO AA 62987",Tablet,4418,Premium,3 Month
2376,Marc Bridges,56,broberts@example.net,"8657 Sara Squares Apt. 291, Evanshaven, GA 84385",Desktop,927,Premium,Yearly
2377,Andrea Manning,44,wmiller@example.com,"7454 Barnett Locks, Laurashire, NC 00820",Desktop,1258,Free,Yearly
2378,Jessica Jennings MD,44,fosterdustin@example.com,"8291 Lisa Summit, North James, AS 56143",Tablet,6679,Premium,Yearly
2379,Elizabeth Hoffman,21,pgarcia@example.org,"102 Alexander Pike Apt. 423, Robertfurt, ME 25552",Mobile,6687,Premium,Yearly
2380,Brittany Glover,44,daisymoran@example.net,"Unit 5750 Box 5259, DPO AE 23030",Mobile,1300,Free,Monthly
2381,Russell Jones,44,connie68@example.org,"08408 Joanne Streets, Meganside, NV 39718",Desktop,2544,Family,3 Month
2382,Brent Harrell,44,davidjohnson@example.net,"Unit 9414 Box 1398, DPO AA 09730",Mobile,3438,Family,Monthly
2383,Douglas Howard,44,stevenstephenson@example.net,"5733 Frank Crossing Suite 872, Port Roy, MO 82304",Mobile,334,Premium,3 Month
2384,Christopher Becker,62,gonzalezstephanie@example.com,"199 Kimberly Curve Suite 519, Christinahaven, MA 46016",Mobile,7822,Free,3 Month
2385,Daniel Huffman,20,burtonmary@example.com,"21946 Cochran Run Apt. 703, West Alicia, CA 64692",Tablet,2237,Premium,Monthly
2386,Patricia Poole,54,patricia44@example.net,"189 Michael Ranch Suite 390, Allenton, RI 62404",Mobile,758,Premium,3 Month
2387,Morgan Mccall,44,kjohnson@example.com,"24392 Alexander Island Suite 147, Emilyville, MH 91178",Mobile,9153,Free,Yearly
2388,Rebecca Torres,49,davidwright@example.org,"1511 Murray Mission, Lake Jamesside, OK 85543",Desktop,9643,Premium,Yearly
2389,Donald Miller,50,torrescarrie@example.org,"9391 Edwards Meadow Apt. 885, North Dennis, WI 93868",Desktop,2594,Premium,Monthly
2390,Kathryn Blanchard,44,ehall@example.org,"179 Wilson Way Suite 518, West Barbaraton, PR 31417",Mobile,8336,Family,Yearly
2391,Cynthia Howard,68,jessemorales@example.com,"792 Diaz Summit Suite 705, South Timothy, AR 41161",Mobile,3515,Premium,Yearly
2392,Christopher Carey,62,youngdylan@example.net,"20332 Shawn Center Apt. 494, Ericashire, NE 76991",Desktop,2884,Premium,Yearly
2393,Andrea Miller,44,rmeyers@example.com,"4979 Wilson Street Apt. 607, Port Stephaniefort, VA 79616",Mobile,9486,Premium,Monthly
2394,Terri Perez,44,johnsims@example.org,"33847 Curry Rest, Timothyborough, GA 89793",Desktop,9518,Family,Monthly
2395,Wendy Phillips,44,angelahodges@example.net,"91025 Garrison Squares Suite 990, Bucktown, AS 22602",Desktop,5517,Premium,Yearly
2396,Joseph Smith,44,singletonjames@example.org,"55914 Ramirez Meadow Apt. 352, Clinemouth, DE 22074",Mobile,161,Free,Yearly
2397,Christian Lam,44,margaretlawson@example.net,"5979 Tiffany Ports Apt. 626, Port Alicia, VA 10775",Tablet,1448,Premium,Monthly
2398,Kimberly Smith,68,simpsonjames@example.net,"530 Woods Mountains, New Christopherchester, LA 07319",Desktop,6597,Premium,Monthly
2399,Aaron Ramirez,44,yallen@example.com,"3178 Ashley Points, New Claireburgh, MN 23469",Desktop,5758,Premium,Yearly
2400,Christine Goodman,44,jonesstephen@example.com,"302 David Motorway Apt. 717, Hernandeztown, NJ 98806",Desktop,728,Free,Yearly
2401,Martha Frank,44,marie77@example.net,"562 Spears Lock, Johnsonmouth, ID 98672",Desktop,9778,Free,3 Month
2402,Patricia Tapia,31,danielle48@example.net,"6498 Nicole Walks, South Michael, OR 82605",Desktop,5655,Premium,Yearly
2403,Christina Delgado,44,bashley@example.com,"55527 Stephanie Center, Benjaminton, IL 76700",Desktop,663,Family,Yearly
2404,Elizabeth Thompson,44,juliearmstrong@example.org,"42915 Michael Square Suite 571, West Brianville, MH 49109",Desktop,5181,Family,Monthly
2405,Deborah Quinn,44,frusso@example.net,"82430 Miller Islands, Charlesfort, SC 98099",Mobile,947,Premium,Monthly
2406,Madeline Morgan,27,madelinecline@example.net,"516 Park Wells Apt. 147, Rickstad, AS 61316",Desktop,219,Premium,Yearly
2407,Ryan Bailey,39,moralessamantha@example.org,"23392 William Camp Apt. 429, Donovanland, WA 29106",Mobile,2346,Free,Monthly
2408,Tammy Daniel,44,wbarnett@example.com,"128 Sierra Parkways Suite 173, New Elizabethview, OR 51804",Mobile,2271,Premium,Yearly
2409,Mary Landry,25,spencerkaren@example.com,"6010 Rodriguez Prairie, East Jeffbury, SD 63277",Desktop,9773,Free,Yearly
2410,Taylor Green,44,cynthia57@example.net,"12338 Lisa Divide Suite 647, Dannyburgh, NH 26161",Desktop,2680,Free,Monthly
2411,Steven Robles,52,frederickgilbert@example.com,"37108 Jennifer Ferry, East Josestad, TN 46596",Desktop,6455,Premium,Yearly
2412,Rita Chan,62,lrusso@example.com,"350 Bailey Track Apt. 163, Gomezberg, PA 37696",Tablet,651,Premium,Monthly
2413,Joseph Ward,44,millerangela@example.org,"0655 Eric Village Apt. 393, North Patricia, GA 80803",Tablet,261,Premium,Yearly
2414,Tracy Mullen,55,andrewwalton@example.com,"039 Oneill Ville, Zacharyhaven, HI 93068",Desktop,792,Premium,Monthly
2415,Laura Hardin,54,ronald82@example.org,"978 Rachel Run, Moodyhaven, KY 96025",Tablet,7945,Premium,3 Month
2416,Daniel Weiss,44,basserica@example.net,"7272 Lisa Meadow, Chambersfurt, AL 66490",Mobile,2275,Premium,Monthly
2417,David Gates,67,annette46@example.com,"337 Webb Road, South Melissaview, CT 42867",Mobile,7046,Family,3 Month
2418,Annette Smith,44,mosleymichael@example.com,"115 Jenkins Village, South Gabrielaview, ME 26891",Mobile,2894,Premium,3 Month
2419,Alan Tanner,41,vpope@example.net,"5420 Judy Green, Mirandatown, AR 40337",Tablet,7651,Premium,Yearly
2420,Julie White,19,qmedina@example.org,"PSC 5150, Box 9463, APO AA 80221",Mobile,1312,Family,3 Month
2421,Tyler Medina,44,thomascourtney@example.net,"2594 Andrew Parkways, South Michael, MA 47092",Desktop,5073,Free,3 Month
2422,Kurt Morris,44,vvasquez@example.org,"275 Julie Mills Apt. 374, Allenside, SC 52093",Desktop,8092,Premium,3 Month
2423,Kayla Paul,35,toddreyes@example.com,"6853 Jennings Pine Suite 996, Port Janeton, NH 74053",Mobile,1285,Free,Monthly
2424,John Flores,44,arnoldjames@example.org,"Unit 7178 Box 3618, DPO AA 66075",Mobile,3897,Premium,Yearly
2425,Richard Wall,44,dwalters@example.org,"373 Cynthia Trace Apt. 468, Isaacshire, PW 61234",Desktop,5364,Family,Monthly
2426,Jessica House,35,rodriguezjustin@example.org,"Unit 4724 Box 1049, DPO AE 22433",Desktop,9067,Free,Monthly
2427,Jason Brooks,44,hannah17@example.net,"1104 Arroyo Summit, Marcialand, MO 35295",Desktop,6269,Premium,Yearly
2428,Morgan Butler,23,morgan85@example.org,"Unit 6673 Box 4601, DPO AP 46088",Mobile,8901,Free,Yearly
2429,Lisa Rice,44,hortonandrew@example.com,"USS Parker, FPO AP 99914",Mobile,3856,Free,3 Month
2430,Shane Williams,29,michael76@example.org,"32968 Gaines Prairie Suite 678, Julieton, NJ 75587",Tablet,5794,Family,Yearly
2431,Kyle Hoffman,67,isherman@example.net,"256 Brian Throughway, South Stacyfurt, RI 38586",Mobile,9031,Premium,Yearly
2432,Brent Adams,44,westdenise@example.net,"09015 Jacob Plain Suite 911, South Michaelfurt, SC 47314",Desktop,6483,Premium,3 Month
2433,Kyle Johnson,44,royspence@example.org,"09306 Smith Knolls, Carolville, FM 25224",Tablet,7331,Free,Monthly
2434,Janice Munoz,70,kschmidt@example.com,"083 Curtis Lake, South Anna, NJ 36249",Mobile,2335,Family,Yearly
2435,Melody Allen,65,nixonthomas@example.net,"499 Allison Manors, Annaside, WY 78842",Mobile,7977,Premium,Yearly
2436,Jeanette Coleman,53,aleach@example.com,"1337 Jessica Ridge Apt. 878, Lake Omar, CT 29907",Tablet,1479,Family,3 Month
2437,Jonathan Williams,56,rfoster@example.org,"1169 Victor Mill, North Keith, OH 71557",Desktop,2221,Free,3 Month
2438,Sherry Mata,45,benjamindodson@example.net,"719 Greer Stream, Hernandezchester, WI 03938",Desktop,684,Premium,Yearly
2439,Laura Jones,30,natalie32@example.com,"51622 Salazar Bypass, Amyview, LA 81912",Mobile,1765,Premium,3 Month
2440,Jeffrey Velasquez,44,randyschultz@example.com,"4773 Jeffery Loop Suite 129, Port Sheena, MT 30007",Mobile,9970,Premium,Monthly
2441,Jasmine Hill,69,wadefred@example.com,"714 Cruz Viaduct Suite 686, Amandamouth, WY 06497",Mobile,181,Premium,Monthly
2442,Nicholas Cole,60,steven29@example.com,"18843 Crystal Cape Apt. 819, East Sharon, VI 02654",Tablet,4003,Premium,Yearly
2443,Benjamin White,44,ylewis@example.net,"Unit 0340 Box 4300, DPO AE 22754",Desktop,1689,Premium,3 Month
2444,Grant Vang,44,williamsjaime@example.net,"5063 Klein Keys Suite 393, Rayport, MI 30351",Mobile,6439,Family,Monthly
2445,Nathaniel Boyd,29,brian83@example.com,"9331 Berger Road Suite 907, Nolantown, MA 69953",Desktop,9720,Family,3 Month
2446,Holly Hines,44,molly90@example.net,"7247 Austin Hill Apt. 291, Racheltown, TN 79976",Tablet,9227,Premium,Yearly
2447,Tyler Brown,44,hbarnes@example.com,"18209 Jimenez Dale, Nicholsfort, FL 05824",Mobile,2396,Premium,Yearly
2448,Anthony Porter,38,brendakelley@example.net,"492 Hicks Centers Suite 890, Houstonhaven, AL 33004",Mobile,8691,Free,3 Month
2449,Cory Hawkins,33,robert32@example.com,"5423 Lewis Land Apt. 599, Port Richardmouth, AL 11669",Mobile,3204,Premium,Monthly
2450,Marvin Dawson,52,elizabeth91@example.org,"USNV Smith, FPO AA 05137",Desktop,1834,Family,Monthly
2451,Jessica Rogers,24,douglastownsend@example.com,"118 Destiny Viaduct, South Megan, AL 41276",Mobile,6750,Free,3 Month
2452,Cathy Martinez,68,julia07@example.net,"9716 John Centers, Port Andrew, MN 81307",Mobile,4047,Family,3 Month
2453,Morgan Lang,44,philliprocha@example.org,"9763 Bobby Station Suite 914, Lake Jacquelineville, WA 09004",Mobile,3505,Family,Yearly
2454,Carlos Butler,44,dianawang@example.org,"21276 Smith Ways, Wardville, ND 87544",Desktop,7846,Family,Monthly
2455,Vincent Mullins,30,roger19@example.org,"3431 Hoffman Parks Suite 373, Ramoshaven, IN 76423",Mobile,1436,Premium,Yearly
2456,Tammy Campbell,43,hallphilip@example.com,"72797 Elizabeth Cliffs Suite 318, West Jesseton, WI 11593",Mobile,1708,Premium,Yearly
2457,Jessica Beck,57,chambersdebra@example.net,"9833 Payne Springs Apt. 004, Williamsmouth, ID 94443",Mobile,7463,Family,Yearly
2458,Antonio Burgess,44,dalton07@example.org,"6984 Sandra Fall Suite 197, Sheilahaven, ME 54137",Mobile,2819,Premium,3 Month
2459,Julie Gonzalez DVM,30,cindykemp@example.net,"23895 Richard Squares, West Jacquelinestad, GA 89359",Mobile,7975,Premium,Yearly
2460,Jill Rios,42,mfrancis@example.org,"78649 Derrick Centers, Jasminefort, MD 64040",Mobile,255,Premium,Yearly
2461,Alan Torres,44,chad32@example.org,"09606 Dana Mill, South Adrian, VA 71400",Desktop,6580,Family,3 Month
2462,Amy Garrett,44,zedwards@example.com,"PSC 4076, Box 8435, APO AE 08729",Tablet,1292,Free,Monthly
2463,David Smith,40,huffdiane@example.net,"0498 Charles Street, South Zacharyside, WV 27146",Mobile,6150,Premium,3 Month
2464,Christina Sanchez,44,timothyanderson@example.com,"566 Michelle Shores Suite 381, Port Debra, CT 54673",Mobile,587,Free,Yearly
2465,Mark Mclean,44,chase45@example.org,"1933 Lee Causeway Suite 032, Smithhaven, NV 41590",Desktop,9332,Family,3 Month
2466,Karen Hernandez,44,michaelanderson@example.org,"PSC 0578, Box 2192, APO AE 43900",Mobile,4477,Premium,Yearly
2467,Joseph Martin,65,lori86@example.org,"USCGC Singleton, FPO AE 18827",Mobile,3332,Free,Monthly
2468,Rebecca Mccann,28,svasquez@example.net,"6397 Adam Groves, Christinemouth, ID 34974",Mobile,9125,Free,3 Month
2469,Kimberly Chavez,44,lmoreno@example.net,"05397 Spencer Square Suite 521, Allenborough, VI 78989",Mobile,477,Premium,Monthly
2470,Brandon Dickerson,44,brandondougherty@example.org,"6238 Carolyn Views Suite 451, East Nataliehaven, CT 63095",Mobile,7306,Premium,3 Month
2471,Lisa Holland,45,patriciawagner@example.net,"3067 Manuel Shoal, Matthewstad, TX 63743",Tablet,2440,Free,3 Month
2472,Jonathan Miller,60,sandraallen@example.net,"464 Hannah Parkway, Nathanfurt, NH 44971",Desktop,8405,Family,Monthly
2473,Brandon Sims,44,lance43@example.net,"2735 Proctor Centers Apt. 430, Jillfort, OH 52046",Mobile,6411,Premium,Yearly
2474,Jessica Salazar,44,hallryan@example.net,"0004 Graham Squares, East Carlashire, WY 23794",Mobile,7841,Premium,3 Month
2475,Timothy Robbins,27,ryan24@example.com,"97715 Harper Drive Suite 294, Thompsonberg, NE 61209",Mobile,8995,Free,3 Month
2476,Thomas Taylor,67,villarrealjennifer@example.com,"210 Christopher Shoals Suite 147, Perezbury, WA 92231",Desktop,7096,Family,Monthly
2477,Julia Ayala,69,johnsonamy@example.org,"32743 Clayton Highway Suite 680, Walshmouth, HI 47988",Mobile,1184,Premium,Monthly
2478,Diane Guerrero,23,koliver@example.com,"51405 Curtis Loop, Ryanmouth, IA 83488",Mobile,7161,Family,Monthly
2479,Stacy Smith,44,farleyabigail@example.com,"6531 Steven Extensions Apt. 327, Veronicaberg, NJ 69396",Mobile,6934,Family,3 Month
2480,Nicholas Paul,44,kimberly37@example.net,"8752 Patrick Spur, Pearsonmouth, SD 60687",Mobile,3238,Free,Monthly
2481,Robert Williamson,38,kathleenturner@example.net,"10938 Robert Grove Suite 382, Johnburgh, MN 69614",Desktop,9058,Family,Yearly
2482,Dustin Fox,44,terryjerome@example.net,"596 Alexis Ports Apt. 480, East Marychester, NH 82633",Desktop,3093,Family,Monthly
2483,Jeffrey Pierce,62,phamdaniel@example.com,"804 Steven Extensions Suite 415, Summerstown, TX 48381",Mobile,1092,Free,3 Month
2484,Robert Allen,41,jbullock@example.org,"8146 Douglas Mall Suite 525, Lake Kristine, PW 01939",Mobile,4320,Family,Monthly
2485,Joseph Hansen,22,littlejustin@example.org,"70849 Trevor Station, North Elizabeth, MP 85914",Desktop,6892,Family,Yearly
2486,Dylan Barr,44,matthew89@example.com,"053 Gonzalez Port, Josephhaven, NC 51496",Desktop,3495,Premium,3 Month
2487,Richard Blankenship,44,dannyhall@example.com,"06876 Mary Mills, New Brianstad, MN 16880",Mobile,243,Free,Monthly
2488,Christina Walker,28,lisahall@example.net,"95176 Cole Mountains, Port Tracy, FL 69180",Desktop,4874,Premium,Monthly
2489,Tara King,44,burgesswendy@example.com,"26400 Stephen Junction, Campbellborough, IA 92486",Desktop,4406,Premium,Monthly
2490,Thomas Walters,44,vargaskimberly@example.com,"265 Shawn Shoals Suite 281, Levistad, MO 66948",Tablet,7101,Family,Yearly
2491,Kelly Moss,44,cfuentes@example.org,"40989 Carlos Common, Jeffreymouth, VA 28932",Mobile,2110,Family,3 Month
2492,Sean Fuentes,44,roychristopher@example.net,"132 Cathy Plain Apt. 457, North Kristi, TX 12935",Tablet,8806,Free,3 Month
2493,Christina Monroe,44,michelle22@example.com,"17811 Robert Streets Suite 237, West Amy, ME 50986",Mobile,5524,Family,Monthly
2494,Johnny Harmon,44,brownmolly@example.com,"5097 Wolfe Loop Apt. 405, South Nicholasport, VT 94009",Mobile,3129,Premium,Monthly
2495,Victor Orr,44,cheryl33@example.net,"5891 Phillip Field, North Anna, WA 30882",Mobile,2995,Premium,Yearly
2496,Brenda Clark,44,jennifergonzalez@example.org,"814 Jose Branch Suite 556, Walshbury, SC 94183",Mobile,3162,Free,3 Month
2497,Melanie Hale,44,kevin63@example.com,"286 Wood Estate, New Charlene, MS 55369",Desktop,317,Family,Monthly
2498,Stephanie Morris,69,ronald05@example.com,"770 Kimberly View, East Amandastad, VT 63254",Desktop,2531,Premium,Monthly
2499,Shirley Maldonado,28,stanley28@example.org,"241 Stephanie Summit Apt. 592, North Richard, KY 99246",Desktop,6070,Premium,Monthly
2500,Glen Barton,44,dburton@example.org,"64364 Joseph Shoal, Pinedafort, MT 15767",Mobile,3475,Premium,Yearly
2501,Jerry Cain,44,alexanderjones@example.net,"3064 Eric Fall Suite 549, East Michaelchester, IL 23822",Mobile,3148,Premium,Yearly
2502,Sara Johnson,44,arogers@example.org,"62731 Ortega Burgs, Danabury, IL 45541",Tablet,9853,Family,Yearly
2503,Suzanne Mcknight,29,josephwilson@example.net,"953 Dennis Creek Apt. 047, Bentleytown, IN 67790",Mobile,5826,Premium,3 Month
2504,Samantha Curtis,66,alanharris@example.com,"094 Kristin Pines Apt. 656, New Cassandra, OH 98105",Tablet,2104,Free,3 Month
2505,Daniel Davidson,41,bushmarilyn@example.net,"905 Ryan Lodge, North Kevin, GA 90343",Desktop,8911,Free,3 Month
2506,Michelle Bennett,46,angelcarter@example.net,"7584 Victoria Ports, Port Heidifurt, SC 31718",Mobile,8923,Family,3 Month
2507,Timothy Russell,44,terrimitchell@example.org,"8339 Brent Lake, Hendersonville, NM 32501",Mobile,5300,Free,Monthly
2508,Christine Jones,39,btaylor@example.com,"7032 Joseph Radial, West Nicholasberg, CA 94580",Tablet,3024,Premium,Yearly
2509,David Morse,44,benjamin46@example.com,"3327 Jackson Vista Apt. 120, Swansonberg, AR 81297",Mobile,4070,Premium,Yearly
2510,Lee Snyder,18,christinepham@example.net,"23644 William Groves Apt. 810, Hillstad, PA 43675",Mobile,2386,Premium,3 Month
2511,Stephen Wiggins,36,corysnyder@example.org,"6845 Kimberly Overpass Suite 298, Johnstad, NJ 31804",Mobile,1540,Free,3 Month
2512,April Nunez,48,rmahoney@example.net,"PSC 7195, Box 0400, APO AP 07978",Desktop,3880,Premium,Yearly
2513,Julie Pierce,25,dale47@example.org,"Unit 3794 Box 3770, DPO AP 28542",Mobile,6839,Family,Monthly
2514,Stephanie White,44,coopermichael@example.net,"387 Don Rapids Suite 918, Garrettside, LA 30615",Tablet,2803,Family,Monthly
2515,Gina Mahoney,44,rosarioantonio@example.org,"1035 Teresa Forges Suite 079, Hooperchester, MI 62221",Mobile,3882,Premium,Monthly
2516,Deborah Mayer,23,ramirezmargaret@example.com,"29004 Tina Coves Apt. 990, North Melissa, TX 82919",Mobile,1427,Free,Yearly
2517,Laura Walters,48,meyernicholas@example.org,"97764 Parks Garden, Port Johnshire, NM 23427",Tablet,819,Premium,3 Month
2518,Ronald Bond,45,rhonda95@example.com,"918 Charles Hill Apt. 923, Hawkinsborough, NM 23424",Mobile,3303,Premium,Yearly
2519,Sara Williamson,44,vaughnbrian@example.com,"67729 Benjamin Station, Stanleyfurt, IN 17365",Desktop,5754,Free,3 Month
2520,Kathleen Murray,44,egreer@example.com,"PSC 9920, Box 4601, APO AA 32472",Mobile,6321,Premium,3 Month
2521,Tony James,63,megan63@example.net,"8771 Kari Gardens Suite 539, Hernandezburgh, CA 51116",Mobile,2627,Family,Yearly
2522,Susan Collins,44,nicole09@example.net,"3244 Eric Drive, North Ralphland, AR 24043",Desktop,4671,Family,3 Month
2523,Kelly Small,25,tsmith@example.org,"8099 Kathleen Green, West James, NE 86596",Desktop,2979,Family,Yearly
2524,Tammy Martin,51,lmaynard@example.com,"0217 Evans Drive Suite 852, New Joseton, VT 38630",Desktop,795,Free,3 Month
2525,Garrett Harris,44,katelynkim@example.org,"30376 Pennington View Apt. 539, Sierratown, SC 31458",Mobile,7981,Premium,Monthly
2526,Jennifer Holmes,26,savannah23@example.org,"4479 Tony Center Apt. 092, East Michael, AL 23899",Desktop,4600,Premium,Yearly
2527,Samantha Barron,44,plamb@example.net,"958 Dominique Stream Apt. 757, Sandershaven, GU 54995",Mobile,5951,Premium,Yearly
2528,Samuel Williamson,44,michael89@example.com,"7475 Haley Estates, Stevenberg, MS 67937",Desktop,6973,Premium,Yearly
2529,Jeffrey Watkins,60,trevor24@example.net,"83107 Alexandra Wall Apt. 865, Williamborough, MP 08064",Mobile,4453,Premium,Monthly
2530,Christopher Alvarez PhD,44,grant16@example.net,"333 Jacqueline Pines, Allenberg, MH 30628",Desktop,9683,Premium,Yearly
2531,Bradley Morse,44,joshuamcdonald@example.net,"8342 John Course, South David, VA 08974",Mobile,3804,Premium,Monthly
2532,Kaitlin Collins,27,reesemichael@example.net,"560 Bradley Light, Suzannemouth, IL 14053",Desktop,2997,Free,Monthly
2533,Brandy Aguilar,70,catherinenelson@example.com,"5508 Trevino Mission Apt. 053, Torresburgh, MS 06742",Desktop,755,Premium,Monthly
2534,Tammy Hunter,53,watsonsusan@example.net,"7514 Flores Parks Apt. 026, South Jonathanland, ME 02015",Desktop,5150,Premium,3 Month
2535,Jonathan Yates,44,grantmichael@example.net,"3839 Raymond Unions, West Destiny, SD 13850",Desktop,9909,Family,Monthly
2536,Jennifer Robinson,57,gloria68@example.com,"1965 Watts Cliff Suite 711, Vasquezport, OH 47018",Tablet,6446,Free,Yearly
2537,Mark Morgan,28,jenkinskrystal@example.net,"4158 Morrow Ranch Apt. 914, Christinahaven, CO 23992",Desktop,2832,Premium,3 Month
2538,Brooke Perez,25,john77@example.net,"281 Thomas Meadows, Valdezmouth, VI 74113",Desktop,6413,Family,Yearly
2539,Jacqueline Mcgrath,45,qboone@example.net,"855 Frank Meadow Apt. 502, New John, TX 79290",Mobile,6478,Family,3 Month
2540,Lawrence Schneider,58,lhobbs@example.org,"9756 Carl Circles Apt. 559, East Johnland, NY 72611",Mobile,6827,Family,3 Month
2541,Crystal Morales,44,awest@example.com,"508 Scott Squares, South Spencer, AS 38013",Desktop,2857,Family,Yearly
2542,Courtney Cooper,42,vgonzalez@example.com,"25361 Carolyn Station Suite 902, East Jason, UT 90958",Desktop,6703,Free,Yearly
2543,Corey Payne,44,clarkdavid@example.org,"9341 Patrick Coves, Port Jonathon, AR 20786",Mobile,8965,Free,3 Month
2544,Alexandra Johnson,46,jeffreynelson@example.net,"2041 Debra Springs, East Karistad, OK 94001",Tablet,5948,Free,Yearly
2545,Joshua Ramos,59,mendezrichard@example.com,"527 Danielle Drives Suite 531, Brownborough, VA 85710",Desktop,1639,Premium,Yearly
2546,Pamela Olsen,44,meredith16@example.com,"7516 Patel Wells, Campbellberg, AL 64747",Desktop,6519,Premium,Yearly
2547,Mark Reilly,59,walkerpatricia@example.org,"97912 Brady Cliffs, West Cynthiashire, RI 67316",Tablet,1863,Family,Monthly
2548,Kevin Drake,44,bradley53@example.com,"6542 Smith Knoll, West Curtisberg, MP 37039",Tablet,9428,Family,Monthly
2549,Randall Lee,37,robert46@example.org,"07731 Stewart Path, South Kevinborough, UT 84697",Desktop,5091,Premium,Yearly
2550,Alexis Silva,22,megan70@example.com,"USS Ellison, FPO AP 20344",Mobile,133,Premium,Monthly
2551,Mariah Berg,44,qsmith@example.net,"879 Heather View Suite 463, Gibsonberg, MH 35103",Tablet,2595,Free,Yearly
2552,Tyler Owen,19,rmarshall@example.net,"140 Silva Junction Suite 701, North James, AK 60186",Mobile,7314,Premium,Monthly
2553,Ryan Wang,44,hwiley@example.com,"53480 Young Skyway Suite 823, Lake Jessicachester, IA 77286",Desktop,907,Premium,Yearly
2554,Heather Clark,54,parmstrong@example.com,"343 Kayla Pines Apt. 484, Brooksview, NJ 62817",Desktop,9673,Premium,Monthly
2555,Mary Smith,22,scottsusan@example.net,"748 Robertson Cove Apt. 234, East Shanestad, DE 65223",Desktop,2090,Premium,3 Month
2556,George Turner,44,jamesschwartz@example.com,"2185 Ortiz Tunnel, West Jimmy, NM 02989",Mobile,2292,Free,3 Month
2557,Bruce Holloway DDS,44,bonniemills@example.org,"2193 Mora Fork Apt. 801, Port Sarahmouth, MH 60537",Desktop,6007,Free,Yearly
2558,Amy Moore,44,richvalerie@example.com,"6563 Barton Roads Apt. 262, Lake Juliaborough, ID 77168",Tablet,9792,Premium,Monthly
2559,Rebecca Bean,62,qjohnson@example.net,"230 Curry Grove Apt. 691, Jennifermouth, WA 67120",Mobile,5343,Family,Yearly
2560,Richard Jones,44,laurareed@example.com,"575 Scott Street, Ryanland, WV 28732",Desktop,9633,Premium,Monthly
2561,Lindsay Hughes,44,marioscott@example.org,"Unit 3656 Box 9591, DPO AE 24574",Mobile,4534,Premium,3 Month
2562,James Wilson,69,hvalencia@example.com,"75009 Rogers Pike Suite 641, New Raymondhaven, AS 57507",Tablet,1189,Free,Yearly
2563,David Jones,52,imorales@example.org,"72236 Scott Walk, Ashleymouth, VI 20170",Mobile,704,Free,Yearly
2564,Francisco Freeman,33,frankwilliams@example.com,"055 Terry Lake, West Thomas, GU 82263",Tablet,5648,Premium,Monthly
2565,David Anderson,44,parkerolivia@example.com,"2920 Alex Loaf Apt. 008, Port Shawnamouth, KS 49761",Desktop,3000,Free,3 Month
2566,Monica Petty,70,fsmith@example.net,"41061 Wagner Pike Apt. 326, North Kelly, GA 32378",Tablet,6203,Premium,3 Month
2567,Cynthia Johnson,44,pfigueroa@example.net,"426 Robert Forges, Gonzalezville, KS 38558",Desktop,7142,Premium,Yearly
2568,Diane Taylor,44,cassandraowens@example.org,"701 Daniel Stravenue, East Heatherfurt, WA 13013",Mobile,2412,Free,Yearly
2569,Linda Peterson,45,marco74@example.org,"USCGC Martin, FPO AE 13866",Mobile,2294,Premium,3 Month
2570,Toni Sellers,44,diazchris@example.org,"035 Scott Meadows Suite 565, Atkinsonport, PR 75758",Desktop,1072,Family,Yearly
2571,Richard Rosario,44,scottwilliam@example.org,"88690 Sullivan Squares Suite 467, South Brandy, NM 88811",Tablet,6007,Free,Yearly
2572,Gina Butler,44,richardjones@example.net,"370 Cisneros Tunnel, Lake Amanda, RI 58049",Mobile,4415,Free,Yearly
2573,Todd Macdonald,57,andrew83@example.org,"166 Logan Creek, New Lisa, GU 78957",Mobile,459,Free,Monthly
2574,Thomas Warren,44,xmorrow@example.net,"0754 Bush Extensions Apt. 177, West Teresa, KS 76319",Tablet,7271,Premium,Monthly
2575,Joseph Mcbride,19,ghughes@example.org,"37868 Mccormick Pines, South Michellemouth, SD 38293",Desktop,3815,Premium,Monthly
2576,Vanessa House,44,alexander95@example.org,"6983 Barnes Lights Suite 418, Melissahaven, AR 20990",Tablet,892,Premium,Monthly
2577,Garrett Rodriguez,44,shelby66@example.com,"4332 Swanson Drive Suite 598, Silvaland, AL 56151",Desktop,4568,Premium,3 Month
2578,Christopher Smith,24,paul95@example.com,"6972 Robert Plains, Karlburgh, RI 91221",Mobile,7770,Premium,Yearly
2579,Laura Clark,21,sherri32@example.net,"6492 George Pines Suite 099, East John, DC 06792",Mobile,9848,Family,Monthly
2580,Sara Cole,30,nelsonann@example.net,"PSC 9653, Box 4348, APO AA 60763",Desktop,5757,Free,3 Month
2581,Tony Reynolds,30,tgomez@example.org,"11380 Benjamin Village Suite 147, Lake Shelly, WI 58771",Desktop,9453,Premium,Monthly
2582,Pam Salas,55,trantimothy@example.net,"PSC 3492, Box 2261, APO AA 46693",Desktop,888,Premium,3 Month
2583,Amy Humphrey,47,ovelazquez@example.org,"54924 Leonard Fords, Carriefurt, TX 60033",Desktop,1882,Free,Monthly
2584,Andrew Bruce,44,acarroll@example.net,"3592 Saunders Shores Apt. 174, Martinezton, NY 09875",Desktop,9227,Premium,Monthly
2585,Ricardo Austin,27,briandillon@example.net,"46559 Lauren Plain Suite 041, Bryanhaven, VT 28060",Mobile,9624,Family,3 Month
2586,Joshua Marshall,55,cabreragene@example.net,"875 Tony Ville, Port Donna, NC 20694",Desktop,1256,Premium,3 Month
2587,Danielle Harris,44,daniel67@example.org,"365 Clark Lane Apt. 607, East Billyhaven, UT 39793",Tablet,6123,Premium,3 Month
2588,Sophia Murphy,44,joseph27@example.net,"95350 Andrew Mills Suite 885, Josephmouth, KS 86516",Mobile,7201,Free,Monthly
2589,Krystal Morgan,54,qcaldwell@example.org,"871 Brewer Views Suite 725, Lake Jordanberg, RI 12069",Desktop,5488,Premium,Monthly
2590,Katie Gordon MD,44,tshannon@example.org,"03672 Martinez Gardens, Wyattfort, RI 82312",Desktop,4701,Family,3 Month
2591,Carlos Riggs,33,jeffrey30@example.org,"797 Jamie Expressway Suite 803, South Matthew, LA 92068",Mobile,8049,Family,Yearly
2592,Valerie Tucker,44,shari30@example.org,"464 Victoria Streets, Pattersonland, LA 49892",Tablet,3461,Free,Monthly
2593,Maria Johnson,44,jermaine93@example.com,"USNV Burch, FPO AP 52964",Mobile,6359,Premium,Monthly
2594,Maureen Harris,44,elliottemily@example.com,"2179 Tara Walk Suite 472, New Jesusborough, AS 14542",Mobile,6334,Premium,Monthly
2595,Brittney Shannon,55,xdeleon@example.org,"771 Duncan Squares Apt. 698, Joannaburgh, LA 83451",Mobile,3041,Premium,Yearly
2596,William Smith PhD,44,benjamin22@example.net,"USCGC Jones, FPO AA 99458",Desktop,4951,Family,Yearly
2597,Andre Baker,44,griffinfrancisco@example.com,"5895 Mario Mall, Dennisshire, CT 43057",Mobile,5388,Free,Monthly
2598,Lisa Yates,53,christhomas@example.org,"129 Heather Dale, West Colton, MD 60139",Desktop,1718,Premium,3 Month
2599,Erin Austin,44,gabriella64@example.com,"78034 Gregory Corners, Cynthiatown, MN 44434",Mobile,1926,Family,3 Month
2600,Charles Price II,62,clarkstuart@example.org,"91664 Karen Walk, Port Matthewfurt, WA 60166",Tablet,3238,Family,3 Month
2601,Kathy Murphy DVM,41,alyssa42@example.com,"627 Alvarez Lane, South Amy, WY 55102",Desktop,4900,Family,3 Month
2602,Jennifer Morris,44,williamstammy@example.net,"0767 Jennifer Prairie, Jeffreyport, MH 87505",Desktop,2367,Premium,3 Month
2603,Christopher Bennett,44,xbaxter@example.com,"694 Duane Extension, Sandersland, MT 27792",Tablet,616,Free,Yearly
2604,Nicole Wilson,44,qmitchell@example.com,"38507 Amber Knolls, Lake Paul, SC 82723",Desktop,1566,Premium,Monthly
2605,Andrea Ellison,44,armstrongdillon@example.net,"25297 Benjamin Freeway Suite 388, New Erinbury, KY 81981",Mobile,3611,Premium,Monthly
2606,Theresa Jackson,44,joneswilliam@example.org,"27735 Sherry River, Jillfurt, MN 98206",Mobile,7278,Premium,Yearly
2607,Nicholas Flowers,50,rosedenise@example.com,"26453 Garcia Dam Suite 051, Edwardsfort, OK 46884",Desktop,4189,Free,Yearly
2608,Christopher Johnson,31,garciajohn@example.org,"14363 Paul Walks Apt. 489, Benjaminmouth, PR 58251",Desktop,4231,Family,Monthly
2609,Donna Barnett,66,georgehenson@example.com,"672 Jason Loaf, Kingberg, IA 51630",Mobile,8719,Premium,Monthly
2610,Zoe Castro,36,thompsonruth@example.org,"9741 Carrie Knolls Apt. 602, Hammondhaven, KS 60397",Tablet,7368,Family,Yearly
2611,John Logan,44,osbornemary@example.org,"809 Carter Passage Suite 897, Nguyenhaven, PR 69002",Desktop,3255,Premium,Yearly
2612,Leah Schneider,43,xmiller@example.org,"714 Burnett Square Suite 248, New Jamie, LA 09324",Mobile,2625,Premium,Yearly
2613,Amanda Daugherty,44,david56@example.net,"31841 Barry Fall Apt. 774, Aaronmouth, ND 19231",Desktop,8312,Family,Yearly
2614,Jordan Scott,44,gloverjoseph@example.com,"93806 Sara Islands, Martinezview, FM 49810",Mobile,2891,Free,Monthly
2615,Kimberly Molina,44,danielle92@example.net,"5857 Donna Villages Suite 195, Lake Kyleview, WI 52657",Mobile,2664,Premium,3 Month
2616,Nicole Richardson,44,santiagojason@example.com,"3276 Jonathan Stream Apt. 045, Amyborough, HI 78862",Desktop,4457,Premium,Monthly
2617,Randall Maldonado,45,wanda83@example.net,"80927 Jonathan Port, Port Johnmouth, NY 17590",Tablet,1614,Premium,Yearly
2618,Desiree Lopez,70,samuel75@example.com,"90659 Caldwell Dale Apt. 315, Juliabury, OK 76479",Desktop,5882,Premium,Yearly
2619,Timothy Berger,44,ocollins@example.net,"662 Simmons Motorway Suite 830, Elliottton, KS 15247",Mobile,2456,Free,3 Month
2620,David Alexander,44,anthony16@example.net,"82742 Mary Pass Suite 071, Smithmouth, WY 06087",Mobile,6068,Premium,Yearly
2621,Lance Parks,41,dayaudrey@example.net,"5664 Michael Way Apt. 111, Jessicaville, MP 33002",Tablet,7728,Premium,Monthly
2622,Jenna Wilkins,44,william05@example.org,"096 Nancy Creek, North Lindsey, AZ 56953",Mobile,1307,Free,Monthly
2623,Stephanie Bright,59,samanthastewart@example.org,"267 Amy Cliff Apt. 567, Ericborough, NC 87177",Desktop,8345,Family,Monthly
2624,Eric Nelson,42,taylortroy@example.org,"4311 Travis Gardens, Valenzuelaside, GA 23034",Mobile,5758,Family,3 Month
2625,Michael Maldonado,44,jtran@example.org,"046 Holly Neck, Port Alexandra, CT 28910",Desktop,1861,Premium,Monthly
2626,Andrew Burke,42,emartinez@example.net,"979 Briggs Extensions, Phillipsberg, WV 75550",Mobile,7057,Premium,3 Month
2627,Michael Nolan,44,julie47@example.com,"91326 Janice Well Apt. 295, Staceyberg, OR 33357",Tablet,1053,Free,Yearly
2628,Alisha Cervantes,44,jacksonjonathan@example.org,"6484 Davis Heights Apt. 383, South Martin, KY 71273",Mobile,2854,Family,Yearly
2629,Chelsea Jensen,54,gravesgerald@example.net,"PSC 6968, Box 2966, APO AP 14024",Mobile,2598,Premium,3 Month
2630,Nicole White,44,saunderserin@example.net,"006 Green Throughway, Kellyport, NM 00863",Desktop,905,Premium,Yearly
2631,Heather Johnston,64,jacobsonjames@example.com,"73885 Nicole Trail Apt. 500, Wilsonview, MO 70462",Desktop,3911,Premium,3 Month
2632,Stephanie Rojas,31,rsharp@example.org,"288 Rose Plains, Port Heatherville, MS 28087",Desktop,826,Premium,3 Month
2633,David Johnson,44,samuel76@example.net,"43416 Ryan Greens Suite 541, Myershaven, WY 63653",Desktop,4433,Premium,3 Month
2634,Brandon Lindsey,36,maureen22@example.com,"91898 Fernandez Stream Suite 187, Kimberlyshire, MD 49503",Desktop,7651,Free,3 Month
2635,Bethany Kim,34,mollydalton@example.com,"88524 Simmons Mall, Joshuabury, FM 33037",Desktop,9531,Family,Monthly
2636,Kristine Moss,57,tinapalmer@example.com,"772 Pamela Groves, Crawfordside, ND 39090",Mobile,2003,Family,Yearly
2637,Kelly Jackson,53,snydersamuel@example.org,"PSC 9540, Box 1659, APO AA 39057",Tablet,2606,Premium,3 Month
2638,Jimmy Hernandez,44,stantonmatthew@example.net,"187 Stanley Forges Suite 725, Donaldhaven, FL 60133",Mobile,8560,Premium,3 Month
2639,Kenneth Johnson,48,pmarquez@example.com,"PSC 0167, Box 5842, APO AE 07218",Mobile,1060,Premium,3 Month
2640,Sarah Smith,44,rwilliams@example.com,"678 Clark Stravenue, Latoyashire, DC 63805",Desktop,7220,Premium,Yearly
2641,John Jones,44,rholder@example.net,"953 Aaron Key, West Brian, MI 41856",Desktop,4432,Free,Monthly
2642,Barbara Kirby,44,michaelroth@example.com,"08422 Baker Turnpike Apt. 202, Port Craigville, NM 92647",Desktop,3325,Free,Yearly
2643,Roger Rivera,44,thompsonmichael@example.com,"77749 Debra Shores Apt. 485, Lake Danielleport, CO 58008",Mobile,594,Premium,Yearly
2644,Christina Kaiser,18,leslie80@example.org,"93751 Alexander Valley, New Krystal, HI 46536",Tablet,5182,Family,Yearly
2645,Melissa Valencia,44,pingram@example.org,"USNV Schwartz, FPO AE 28120",Desktop,1144,Family,Monthly
2646,Chelsea Graham,44,padillaelizabeth@example.org,"13659 Willis Circles, Lake Stephanie, SD 98046",Tablet,3039,Premium,Yearly
2647,Andrew Williams Jr.,44,steven76@example.org,"4569 Bryant Spring Suite 953, Donnaville, GA 61264",Desktop,5349,Family,Monthly
2648,Michele Bender,44,jessica58@example.net,"2396 Brian Course, New Mikayla, NY 50606",Mobile,6549,Free,3 Month
2649,Brian Camacho,55,tammy91@example.org,"12369 Garcia Parkways, Weeksmouth, PR 31404",Tablet,9280,Premium,Monthly
2650,John Livingston,68,cassie42@example.org,"4830 Smith Landing, Chelseystad, HI 18288",Tablet,1599,Premium,Yearly
2651,Stephen Thompson,27,jenkinsrichard@example.com,"75314 Holmes Ridges Suite 204, Lake Jasminhaven, TX 86981",Tablet,3463,Family,Monthly
2652,Tracy Osborne,59,leonardcharles@example.com,"0604 Michael Skyway, Theresatown, WY 05925",Mobile,9018,Premium,3 Month
2653,Michaela Garcia,29,kimberly65@example.net,"1185 Karen Route Suite 290, Port Stephenmouth, VA 29719",Desktop,1058,Premium,3 Month
2654,Kenneth Griffith,44,allen64@example.net,"030 Christina Pike Apt. 060, Gonzalesborough, CO 86741",Mobile,4430,Premium,Yearly
2655,Rodney Palmer,49,rachelmccarty@example.net,"30024 Carrillo Rapid, West Penny, OK 89393",Mobile,8246,Premium,3 Month
2656,Juan Reyes,46,beltrandiane@example.net,"37971 Craig Mountain, South Derek, CT 84568",Mobile,8740,Family,Monthly
2657,Toni King,44,patricia71@example.net,"038 Montgomery Glens Suite 306, Allenfort, RI 56489",Desktop,4060,Premium,Monthly
2658,Mark Dougherty,23,norman13@example.com,"382 Pena Canyon, West Kenneth, IL 48488",Mobile,7588,Premium,Yearly
2659,Jessica Hudson,44,mikemiller@example.com,"22800 Flores Parkway, North James, WV 94580",Desktop,271,Family,Yearly
2660,Cynthia Morris,45,jessica85@example.net,"3858 Steven Course, Chelseastad, LA 57771",Desktop,2143,Free,Yearly
2661,Alexis Morrow,44,deannamartinez@example.net,"Unit 9691 Box 7646, DPO AP 13361",Desktop,1483,Family,3 Month
2662,Elizabeth Martinez,58,mark37@example.net,"477 Joseph Cove, New Annefort, CA 21282",Tablet,7434,Premium,3 Month
2663,Richard Lambert,44,traceyschwartz@example.net,"240 Tammy Loop, New Robertville, HI 72208",Tablet,6385,Family,3 Month
2664,Christina Duke,41,jonesjacob@example.org,"27385 Jamie Harbors, Joeltown, VT 69720",Tablet,3577,Premium,3 Month
2665,Christine Sexton,45,joseph07@example.com,"PSC 3215, Box 2274, APO AA 04119",Mobile,4259,Family,Yearly
2666,Justin Smith,44,justin05@example.org,"587 Carly Trace Apt. 290, West Yvonne, ME 46529",Mobile,7885,Premium,Yearly
2667,Jo Farmer,44,salazarthomas@example.net,"991 Julia Isle Apt. 626, Charlesland, AZ 72683",Mobile,107,Premium,Yearly
2668,Candice Hernandez,42,mistymontgomery@example.com,"131 Boyd Valley, New Chad, WV 61975",Desktop,4496,Premium,Monthly
2669,Stephanie Jimenez,44,thomasjenkins@example.com,"PSC 8901, Box 3317, APO AP 45276",Mobile,2348,Premium,3 Month
2670,Stephen Mendoza,44,hudsonandrew@example.net,"3973 David Streets, Woodardborough, NC 44619",Tablet,5436,Premium,3 Month
2671,Crystal Nelson,44,dominiclawrence@example.org,"2730 Garrett Port Suite 977, East Kimberlymouth, FM 66250",Desktop,6034,Premium,3 Month
2672,Maria Huffman,44,leestephen@example.com,"6584 Angela Port Apt. 985, New Bradley, OH 48779",Desktop,1576,Family,3 Month
2673,Christine Stewart,44,efoster@example.com,"849 Bishop Plains, Port Debrahaven, GA 81375",Mobile,2077,Premium,Monthly
2674,Timothy Ruiz,44,njensen@example.com,"448 Hale Spurs Apt. 863, Jeffreybury, IN 60928",Desktop,4535,Free,Yearly
2675,Lisa Ramirez,44,prestonbrian@example.org,"114 Edward Mountain, Mitchellfort, NV 27285",Desktop,2575,Family,Monthly
2676,Barry James,44,kristenfox@example.net,"538 Wilson Road, Jerryton, AZ 95254",Desktop,8739,Free,3 Month
2677,Erica Robinson,44,angela90@example.org,"03029 James Crossing, Reneeton, OH 75413",Tablet,783,Premium,3 Month
2678,Randy Garcia,58,hclayton@example.org,"208 Horton Plain Suite 425, Mikeport, AZ 61580",Mobile,8278,Family,Monthly
2679,Michael Skinner,68,oliviawilliams@example.net,"38592 Steele Tunnel Suite 308, New Caroline, GU 46166",Mobile,4775,Premium,Yearly
2680,Stacy Dyer,58,dianahurley@example.net,"PSC 1336, Box 0452, APO AP 26317",Mobile,5192,Premium,Monthly
2681,Jesse Rhodes,70,hmoses@example.net,"25893 Garrett Row, Hernandezville, WY 09787",Tablet,3683,Free,3 Month
2682,Alejandro Smith,44,projas@example.com,"PSC 2575, Box 7833, APO AE 57748",Desktop,1114,Family,Yearly
2683,Craig Davis,44,linda39@example.org,"11389 Steele Island Suite 129, North Denise, WY 87370",Tablet,1423,Premium,Yearly
2684,Alexandra Hahn,44,danielle59@example.com,"9568 Tran Extensions, New Patrick, AL 91222",Mobile,3028,Premium,3 Month
2685,Deanna Mays,33,angelaarnold@example.org,"5262 Jessica Skyway, Jonesshire, AK 96680",Desktop,7070,Family,3 Month
2686,Bradley Butler,28,larsonaaron@example.net,"7907 Jamie Light, South Markstad, KY 38070",Desktop,7682,Premium,Monthly
2687,Ashley Carrillo,54,mjohnson@example.net,"PSC 1179, Box 1272, APO AE 49007",Mobile,1657,Family,3 Month
2688,Natalie Freeman,44,pjones@example.net,"50952 Flynn Vista, Maryfort, NC 14263",Mobile,7152,Free,Monthly
2689,Tina Baker,44,hannahsmith@example.com,"2444 Barbara Canyon Suite 387, New Richardhaven, PR 50868",Desktop,7490,Family,3 Month
2690,John Dixon,44,mccarthynancy@example.org,"34626 Farrell Haven Apt. 576, Lake Warrenton, FM 68249",Tablet,1933,Family,3 Month
2691,James Day,44,oharrison@example.org,"27885 Ramos Track, Ashleytown, CO 06232",Mobile,5060,Free,Yearly
2692,Thomas Haney,44,reynoldsdavid@example.net,"810 Brian Tunnel, East Josephtown, NJ 28270",Tablet,2044,Free,Monthly
2693,Rodney King,25,tarmstrong@example.com,"794 Douglas Freeway, Paulafurt, FM 69985",Tablet,1182,Free,Monthly
2694,Edward Leach,51,utorres@example.com,"48824 Judy Stravenue Suite 660, Port Angelafort, NC 50349",Mobile,398,Free,Monthly
2695,Dennis Medina,44,michael76@example.net,"023 Gonzalez Crescent Suite 309, New Jenniferstad, AZ 65671",Desktop,1649,Premium,Monthly
2696,Sarah Ortiz DDS,21,juliahobbs@example.net,"650 Smith Court Apt. 984, West Mariah, OR 17409",Tablet,4541,Premium,3 Month
2697,Jessica Henry,34,jessica70@example.org,"9642 Jackson Mission Apt. 815, Lake Maryfort, CO 98797",Tablet,5034,Premium,Yearly
2698,Marc Santiago,44,itaylor@example.org,"9952 Sarah Spur Apt. 703, Port Christopher, WA 34251",Mobile,7529,Premium,3 Month
2699,Dillon Guerra,52,qperry@example.org,"USCGC Miller, FPO AA 68061",Mobile,165,Free,Yearly
2700,Paige Lee,29,jorgereeves@example.net,"9743 Mills Fords, Hensleymouth, OK 53972",Desktop,3158,Premium,Yearly
2701,Juan Cunningham,44,margaretwright@example.net,"USS Le, FPO AE 53382",Desktop,8051,Premium,3 Month
2702,Kimberly Greene,65,pwilliams@example.com,"575 Mark Mews Suite 121, New Barbara, IN 43669",Desktop,2196,Free,Monthly
2703,Jacob Barr,44,leejennifer@example.org,"6344 Erika Isle Apt. 497, South Elizabeth, UT 07959",Desktop,2296,Premium,Yearly
2704,Rebecca Landry,35,jacksonbrandi@example.org,"USS Peters, FPO AA 03243",Mobile,3167,Family,3 Month
2705,Daniel Jenkins,44,dpatel@example.com,"76589 Derek Mission Apt. 195, Gonzalezborough, FM 70854",Desktop,6378,Premium,3 Month
2706,Sherri Nicholson,46,mckinneycindy@example.org,"023 Sara Port Apt. 589, West Brianahaven, WY 54158",Tablet,819,Premium,Yearly
2707,Matthew Hardin,44,kenneth96@example.com,"790 Lewis Alley Apt. 587, New Kimberly, MN 92177",Tablet,5050,Premium,Monthly
2708,Tamara Jackson,44,shannonnancy@example.org,"28928 Tracy Mountain Apt. 639, South Adam, WY 34979",Mobile,5299,Free,Monthly
2709,Reginald Sullivan,64,frank63@example.com,"Unit 4053 Box 2351, DPO AA 03124",Desktop,8858,Family,3 Month
2710,Robert Mason,44,christina94@example.com,"47089 Robin Hollow, West Andreastad, ID 56205",Desktop,6563,Premium,Monthly
2711,Heather Fuentes,26,ilee@example.org,"7012 Parrish Tunnel, Lake Richard, AL 26343",Mobile,2140,Premium,Monthly
2712,Brittany Brown,60,catherinewoodard@example.org,"642 Winters Loaf Apt. 154, Lake Sylvia, AZ 21936",Mobile,6677,Premium,Monthly
2713,Troy Torres,64,holsen@example.net,"425 Don Haven Apt. 351, Tuckerburgh, OK 57424",Mobile,7647,Premium,3 Month
2714,Nathan Jones,38,brian70@example.net,"728 Amber Wells Apt. 493, South Stuartton, TN 45481",Mobile,8278,Premium,3 Month
2715,Adriana Ramos,44,kdean@example.org,"966 Damon Forges, New Susanbury, KY 42679",Tablet,8599,Free,Yearly
2716,Antonio Rogers,64,afreeman@example.org,"09443 Jill Summit, Xavierview, MS 10633",Mobile,3894,Family,3 Month
2717,Debra Foster,55,penawilliam@example.org,"0493 Elizabeth Harbor, Gregoryburgh, DC 40014",Desktop,1064,Premium,3 Month
2718,John Smith,44,pschneider@example.net,"Unit 8774 Box 8369, DPO AE 05088",Desktop,7765,Premium,3 Month
2719,Anthony Carlson,40,kwhite@example.org,"715 Jacobs Manors Apt. 222, South Gabrielland, MT 82398",Mobile,6646,Premium,Monthly
2720,Brittany Brown,47,charlesshepherd@example.net,"21746 Waller Avenue Suite 696, South Nicoletown, KY 49025",Mobile,8534,Premium,Monthly
2721,Jonathan Howe,44,monroezachary@example.com,"10656 Mary Cove Suite 526, Michaelville, ND 50282",Mobile,3952,Family,Yearly
2722,Ryan Lawson,27,hgibson@example.com,"PSC 1651, Box 5540, APO AA 74331",Mobile,3727,Family,3 Month
2723,Stacy Brock,43,andreadean@example.com,"09814 Jeffrey Springs Suite 661, South Sharonmouth, AZ 85943",Mobile,285,Premium,Yearly
2724,Emily Turner,58,vzamora@example.com,"62761 Debbie Lodge Suite 482, Ericachester, MS 46765",Mobile,1450,Premium,Monthly
2725,Katrina Hughes,44,virginia66@example.com,"224 Eric View Suite 587, Lake Johnathan, CO 75287",Desktop,4138,Free,3 Month
2726,Matthew Wong,20,ashlee91@example.net,"5994 Nichols Camp, Nicholeland, LA 62400",Mobile,950,Family,Monthly
2727,Jennifer Garcia,44,lwilliams@example.net,"5745 Rodriguez Lakes, Heatherberg, VT 46546",Mobile,1922,Premium,3 Month
2728,John Carter,52,treid@example.com,"121 Vazquez Way Apt. 299, Lisaville, SD 62204",Desktop,8733,Family,Monthly
2729,Jessica Caldwell,40,andrew65@example.org,"0363 Jenkins Brooks, Port Julieport, PA 22543",Desktop,881,Premium,Monthly
2730,William Johnson,47,wfields@example.org,"284 Obrien Turnpike Suite 717, East Tamaramouth, ME 65602",Tablet,5196,Premium,Yearly
2731,Benjamin Pearson,44,johnsonmonica@example.org,"PSC 8819, Box 7700, APO AE 82277",Mobile,2217,Premium,Yearly
2732,Zachary Ramos,20,sarah18@example.org,"3876 Collin Mission Suite 202, Garrettborough, ID 15402",Mobile,1939,Free,Monthly
2733,Jacob Sanchez,44,ydouglas@example.org,"71139 Wu Circles, Laurashire, MA 11803",Mobile,7116,Family,3 Month
2734,Brian Figueroa,44,fraziersamantha@example.org,"523 Martinez Harbor, Snyderborough, ND 03365",Tablet,1153,Family,3 Month
2735,Kevin Mitchell,64,taylortracy@example.net,"4232 Tyrone Viaduct, Lake Catherineborough, AS 43266",Desktop,608,Premium,3 Month
2736,Carolyn Harrison,69,cynthiamiller@example.com,"051 Wright Plain Apt. 901, Estradafurt, TN 94773",Mobile,5400,Free,Monthly
2737,Norma Skinner,32,angela72@example.net,"93670 Christopher Stravenue, North Amyhaven, PW 21800",Mobile,4335,Free,3 Month
2738,Cynthia Baxter,19,uturner@example.net,"872 Mcmahon Track Suite 515, Jamesfort, CT 62215",Desktop,4371,Family,Yearly
2739,Anthony Ellis,44,icline@example.org,"339 Martin Hills Apt. 236, Kennethfurt, RI 40338",Desktop,4689,Free,Yearly
2740,James Bailey,46,kaitlynwarren@example.org,"664 Jimenez Skyway, Williamsland, MN 66908",Desktop,6453,Premium,Monthly
2741,Elizabeth Summers,36,morenomichael@example.net,"0325 Tabitha Plains Apt. 977, New Danielborough, GA 60764",Tablet,8173,Free,3 Month
2742,Laura White,60,williamsdawn@example.org,"Unit 4880 Box 8472, DPO AP 05305",Mobile,370,Premium,Yearly
2743,Kristy Barnes,44,dannyenglish@example.net,"39362 Angela Street, Smithshire, WA 29814",Mobile,1602,Premium,Monthly
2744,Robert Nelson,44,vschroeder@example.com,"949 Patricia Road Suite 680, New Cynthia, ME 46993",Desktop,1708,Premium,Yearly
2745,Kimberly Roberts,35,michael03@example.com,"16596 Terry Mountains Apt. 547, East Williamfurt, IN 86796",Mobile,9774,Premium,Monthly
2746,Jamie Campbell,44,hernandezemily@example.org,"928 Garcia Extension Suite 733, Jennifertown, NM 03490",Tablet,4762,Premium,Yearly
2747,Denise Cooper,44,boylebradley@example.com,"676 Martin Valleys Suite 853, East Jessica, SC 23778",Mobile,1051,Premium,3 Month
2748,Catherine Schmidt,44,clarkalexandra@example.org,"7764 Austin Burgs, North Mikayla, MP 66192",Desktop,8012,Premium,Yearly
2749,Gabriel Rose,44,pjackson@example.com,"86093 Galvan Camp, Hallbury, VA 39985",Desktop,2337,Family,3 Month
2750,Margaret Sanchez,44,laura80@example.com,"9942 Riley View, Tonyside, SD 35622",Mobile,2577,Family,Monthly
2751,Andrea Hansen DDS,44,garciajames@example.org,"PSC 0267, Box 4985, APO AA 70627",Desktop,7951,Premium,Yearly
2752,Omar Calderon,44,krista11@example.com,"922 Julie Shore Suite 204, Port Emmachester, OH 81680",Desktop,9101,Family,3 Month
2753,Valerie White,44,edwardsjaime@example.com,"4294 Emily Manor, Kingburgh, VT 40166",Desktop,857,Premium,Monthly
2754,Wendy Barnett,70,janetlindsey@example.com,"58781 Patrick Stravenue Apt. 139, Joshuatown, MO 03496",Desktop,7163,Family,3 Month
2755,Todd Harrison,44,lee86@example.com,"191 Jack Cliffs, Lake Sara, MH 94891",Desktop,8068,Premium,Yearly
2756,Brittany Bishop,57,nancyaustin@example.org,"3528 Jacob Light Suite 971, Andersonmouth, MD 46326",Mobile,3000,Free,Yearly
2757,George Roberts,44,moranwayne@example.org,"728 Rebecca Land Suite 724, West Johnfurt, KY 23328",Mobile,4954,Family,Monthly
2758,Melissa Smith,51,barrysarah@example.com,"267 Todd Wells Apt. 398, Lake Emily, HI 99616",Tablet,6261,Premium,Yearly
2759,Jennifer Guerrero,51,bcarey@example.com,"6259 Jason Courts, North Jennifer, KY 32598",Desktop,4659,Family,Yearly
2760,Jimmy Salazar,44,shannon98@example.net,"20036 Bryant Ports, Briannaport, SD 61346",Mobile,1361,Family,Yearly
2761,Kathleen Chan,48,hunterblake@example.com,"9113 Jaclyn Garden, Wernerchester, CO 69600",Tablet,1354,Premium,Yearly
2762,Alicia Henry,44,ehowell@example.org,"USS Salazar, FPO AP 90092",Desktop,4295,Free,Monthly
2763,Jeremy Munoz,22,heidiwilliams@example.net,"USS Wheeler, FPO AE 60935",Desktop,8451,Premium,Yearly
2764,Tyler Benson,36,johngray@example.org,"21008 Laurie Tunnel Apt. 916, West Caitlinberg, TN 11838",Desktop,2267,Free,Yearly
2765,Raymond Wolf,44,hinesshelly@example.org,"7709 Johnson Plains, Jacksonview, OR 14266",Desktop,5296,Free,3 Month
2766,Michael Romero,44,leepaul@example.net,"Unit 1648 Box 2568, DPO AA 71509",Tablet,901,Family,Yearly
2767,Jeffrey Gonzalez,44,qbranch@example.net,"Unit 3744 Box 0681, DPO AA 52867",Tablet,7389,Premium,Monthly
2768,Deanna Hanna,44,kennethrivera@example.net,"62671 Reyes Estate Apt. 418, Lake Nathan, UT 83156",Desktop,2938,Free,3 Month
2769,Jacob Wiley,34,pennymurray@example.net,"91876 Park Orchard, West Heatherside, GU 36822",Mobile,6437,Premium,3 Month
2770,Matthew Campbell,29,owensralph@example.com,"9251 Smith Throughway Suite 772, Port Sydneymouth, DC 74984",Mobile,4881,Free,Monthly
2771,Sandra Murray,44,amybentley@example.org,"0619 David Plain, East Victoriashire, WA 48364",Mobile,3613,Family,3 Month
2772,Craig Strong,56,rachel15@example.org,"65079 Walter Roads, West Brandonberg, KY 92200",Tablet,9873,Family,3 Month
2773,Robert Hunter,44,lopezderek@example.net,"71165 Miller Corners, Webbburgh, PW 17720",Tablet,6076,Family,Monthly
2774,Christopher Cunningham Jr.,24,robertslisa@example.net,"1251 Nielsen Corners Suite 256, Port Linda, NH 66990",Desktop,1995,Free,Monthly
2775,Seth Salazar,40,williamsdonna@example.net,"974 Emily Station Apt. 552, Bridgesshire, AK 71161",Desktop,1799,Premium,3 Month
2776,Sherry Sheppard,27,amylyons@example.org,"89393 Bailey Common Apt. 610, Waltershaven, VI 61828",Tablet,8984,Free,Yearly
2777,Shane Khan,45,vwilliamson@example.org,"59159 Michelle Shore Suite 582, Davidshire, GU 76061",Mobile,4666,Premium,Yearly
2778,Jamie Watson,44,kristopherrussell@example.net,"USNV Tran, FPO AA 13859",Tablet,1066,Free,Yearly
2779,Christopher Parker,48,paigeguerrero@example.net,"975 Hebert Ramp, West Ricky, AZ 82378",Mobile,6752,Family,3 Month
2780,Shelley Bass,44,ryaneverett@example.net,"3763 Pacheco Fords, Port Shannon, SC 38938",Mobile,3901,Premium,Monthly
2781,James Andrade,44,bakerroger@example.net,"837 Thomas Lights Apt. 605, Port Davidmouth, MP 89253",Mobile,4829,Family,3 Month
2782,Patrick Gutierrez,41,jennifercampbell@example.org,"Unit 1592 Box 2871, DPO AE 68049",Mobile,6009,Free,Yearly
2783,David Williamson,40,froberts@example.net,"318 Tran Camp Apt. 992, South Michael, PA 03296",Mobile,2276,Free,Monthly
2784,Scott Waller,27,michael67@example.org,"0696 Bailey Key Apt. 481, West Jennifer, WV 11498",Mobile,5448,Premium,Monthly
2785,Amber Jones,60,diane87@example.org,"052 Smith Corner, Port Victor, VT 09064",Tablet,7556,Premium,3 Month
2786,Kathleen Adams,46,nicholsjesse@example.org,"0922 Reginald Groves Suite 706, Port Feliciafurt, MO 39621",Desktop,8724,Premium,Yearly
2787,Jodi Fernandez,44,michael87@example.com,"632 Robert Shoals Suite 008, Orozcoside, DC 39055",Mobile,3817,Family,Yearly
2788,Phillip Torres,61,benjamin58@example.net,"8473 Julie Underpass Apt. 123, New Vanessa, PW 75592",Mobile,8966,Family,Monthly
2789,David Sullivan,19,lauraroberts@example.org,"60952 Payne Cliff, Michaelhaven, VI 57030",Tablet,5078,Free,3 Month
2790,Debbie Garrison,44,elliskristen@example.org,"8673 Townsend Forest Suite 954, Evanchester, NJ 14275",Mobile,7637,Premium,3 Month
2791,Jessica Williams,44,williamjackson@example.org,"343 Mendoza Lodge, East Jay, AK 78484",Mobile,5580,Free,Yearly
2792,Jodi Parker,41,ffitzgerald@example.org,"1504 Alexander Mill, Courtneyburgh, RI 86153",Mobile,4744,Premium,Yearly
2793,James Harris,44,gibbsmichelle@example.net,"846 Walker Alley, Johnport, AR 62408",Tablet,4462,Premium,3 Month
2794,Michael Weaver,44,tmartinez@example.org,"879 William Ways Suite 736, Cummingschester, LA 73448",Mobile,3056,Premium,Monthly
2795,Hannah Martin,44,stephen55@example.org,"481 Kelsey Haven, West Sean, UT 44561",Desktop,5530,Premium,Yearly
2796,Claudia Porter,44,jessica96@example.net,"0644 Gary Hills, Port Kristinahaven, NV 51615",Desktop,2316,Premium,3 Month
2797,David Koch,44,leesamuel@example.org,"39164 Bowers Estates Apt. 717, Frostland, UT 81011",Mobile,957,Family,3 Month
2798,Henry Wilson,44,jennifershelton@example.net,"PSC 8434, Box 7361, APO AA 14875",Mobile,2268,Premium,Monthly
2799,Scott Klein,44,ysteele@example.com,"91675 Becker Squares, Alexisberg, CT 47681",Desktop,3989,Premium,Monthly
2800,Jon Turner,70,lfuller@example.com,"1362 Julia Ports, Port Zachary, SC 07927",Desktop,3075,Premium,Yearly
2801,Christina Lopez,44,watsontimothy@example.org,"1093 Barnes Pass Apt. 648, West Toddburgh, AK 38337",Desktop,3413,Premium,Monthly
2802,Brenda Mills,25,bgarcia@example.net,"718 Gonzalez Common Suite 540, New Leetown, CA 76625",Mobile,6831,Premium,Yearly
2803,Nicole Williamson,44,alicereed@example.net,"5131 Thomas Freeway Apt. 908, East Jared, AL 96243",Mobile,5413,Premium,Monthly
2804,Stacey Schroeder,44,jacksonkelly@example.com,"USNV Brewer, FPO AP 87492",Desktop,4045,Premium,Monthly
2805,Monica Hess,44,robinsonmary@example.net,"496 Larson Gardens, Dustinmouth, PW 88863",Mobile,3442,Family,Yearly
2806,Kevin Allen,44,poolemary@example.net,"505 Fisher Knoll Suite 445, Josephmouth, MD 21755",Mobile,2335,Family,3 Month
2807,Ashley Vargas,44,hansenaaron@example.net,"463 Perez Squares, New Diane, AR 87849",Tablet,842,Free,Yearly
2808,Sean Hurst,44,kellylewis@example.com,"56731 William Curve, South Brandonstad, MO 78491",Tablet,8957,Premium,Yearly
2809,Wanda Lee,44,alexanderdouglas@example.com,"USNV Franco, FPO AA 52139",Desktop,7529,Free,Monthly
2810,Ronnie Smith,44,robert71@example.net,"331 Allison Springs, South Anthonyborough, AR 66476",Mobile,9389,Free,Yearly
2811,Cindy Johnson,41,josephjohnston@example.org,"08616 Garrett Ports, Prestontown, MP 77012",Desktop,7509,Premium,3 Month
2812,Jose Kennedy,44,angela69@example.net,"5359 Cindy Rapids Apt. 430, Whitechester, GU 87624",Desktop,3005,Free,3 Month
2813,Anna Eaton,44,pblanchard@example.org,"2252 Gould Stream Suite 527, Kennedyburgh, AK 21275",Desktop,3002,Family,Monthly
2814,Tammy Carrillo,37,waltonjoseph@example.com,"57048 Ayala Flat, Audreyhaven, OK 40160",Desktop,6841,Premium,Yearly
2815,Maria Williams,49,michelle38@example.com,"9095 Mark Key, South Steventown, MP 20648",Tablet,9414,Premium,Yearly
2816,Warren Thompson,18,thomas15@example.org,"630 Clayton Knoll Apt. 416, Lake Samantha, ME 03391",Mobile,6567,Free,3 Month
2817,Dawn Hess,37,sharonhardy@example.com,"04110 Brown Ports, Richardstad, KY 18855",Mobile,9965,Premium,Yearly
2818,Samantha Sutton,42,harrisshannon@example.net,"724 Aaron Run, Morrisburgh, PR 85351",Desktop,7448,Family,Yearly
2819,Nicholas Watson,55,lfisher@example.com,"26445 Valerie Knoll, West Jessica, ND 81922",Mobile,6695,Premium,Monthly
2820,Christina Mosley,44,lawrence34@example.com,"PSC 7702, Box 5657, APO AE 66315",Desktop,4808,Premium,3 Month
2821,Megan Stokes,53,rhicks@example.org,"4495 Henry Springs, Gregoryton, TN 44586",Mobile,5125,Free,3 Month
2822,Dana Oconnor,69,vgraham@example.net,"634 Greene Coves, West Jesse, VI 19253",Mobile,3147,Family,Yearly
2823,Katherine Clark,18,davidlopez@example.com,"PSC 9126, Box 9968, APO AP 80755",Mobile,9978,Free,3 Month
2824,James Wheeler,46,willislacey@example.net,"39972 Hector Valleys Apt. 857, Jonathanborough, DE 88578",Mobile,1489,Family,Monthly
2825,Courtney Williams,44,deborahhammond@example.org,"67369 Barbara Mews, Lewisfurt, DC 02830",Desktop,4195,Premium,Monthly
2826,Jordan Allen,59,paulfarmer@example.com,"373 Omar Mountain, North Royburgh, MP 08917",Desktop,437,Premium,Monthly
2827,Dawn Riddle,63,fhiggins@example.com,"9644 Gilmore Garden, Teresastad, NM 68501",Mobile,1571,Free,Yearly
2828,Alexander Anderson,32,ljacobs@example.net,"68478 Michael Manor Suite 799, South Jessica, UT 20448",Mobile,8593,Family,3 Month
2829,Darrell Shannon,44,torreskayla@example.org,"2215 Rhonda Cliffs, Hurleymouth, WY 29651",Desktop,7236,Premium,Monthly
2830,Wanda Case,44,nolson@example.org,"3355 Ortiz Fort Suite 432, Lake Natalie, WV 84325",Desktop,4768,Premium,Monthly
2831,Suzanne Williams,44,lesliemoore@example.net,"8881 Miller Ramp Suite 186, East Fernandoside, RI 37150",Desktop,7044,Premium,Monthly
2832,Brenda Ford,44,tgreen@example.com,"580 Castro Shores Suite 012, East Nicolestad, NJ 60177",Tablet,8106,Premium,Yearly
2833,Donald Schaefer,44,masonashlee@example.com,"69719 David Park Apt. 930, North Apriltown, WV 02057",Mobile,8398,Premium,Yearly
2834,David Patterson,48,kirbyclifford@example.net,"727 Howard Fork Suite 963, West Teresa, PW 60890",Mobile,4925,Free,Monthly
2835,Brett Gates,44,stevenanderson@example.com,"216 Julia Walks, Ronaldhaven, SC 62607",Mobile,6243,Premium,Monthly
2836,Gina Carlson,44,johnhull@example.net,"1454 Wallace Bridge Suite 737, Port Timothy, VI 94410",Tablet,4339,Free,3 Month
2837,Victoria Gallagher,44,robert49@example.com,"62006 Brandon Circle Apt. 268, South Melaniestad, FM 20575",Mobile,2085,Premium,3 Month
2838,David Evans,19,timothyevans@example.com,"959 Donovan Inlet, New Gary, NV 45340",Mobile,1943,Premium,Monthly
2839,Christopher Hull,69,rodneycrane@example.org,"4887 Christopher Street Suite 437, East Nicholas, IL 10032",Desktop,1184,Premium,Monthly
2840,Joseph Cox,35,elizabethjohns@example.org,"55775 Stephen Underpass Apt. 450, North Pamela, MS 21387",Desktop,9808,Family,3 Month
2841,Shelby Mcdonald,62,adamknapp@example.com,"65972 Lewis Path Suite 214, New Leslie, SD 43821",Desktop,1947,Free,Monthly
2842,Mark Robinson,44,emily01@example.org,"06675 Meadows Road Suite 070, North Amandaside, NC 39421",Desktop,8830,Premium,Monthly
2843,Kyle Tran,25,tammywatkins@example.com,"683 Glass Underpass, Novakfort, MS 75361",Mobile,9882,Premium,3 Month
2844,Amy Robertson,44,wmcdaniel@example.net,"9994 Jason Turnpike Apt. 706, New Angela, NH 91212",Mobile,4891,Family,3 Month
2845,John Church,44,paulbishop@example.com,"217 Ann Flats, Jeffreystad, TX 06555",Tablet,3999,Premium,Monthly
2846,William Mendez,54,kjohnson@example.org,"030 Brianna Crest, Smithside, FM 25172",Tablet,9526,Free,Yearly
2847,Jason Jones,26,yateslori@example.com,"0379 Jose Terrace, North Christineland, MP 01443",Desktop,9243,Free,Yearly
2848,Audrey Haley,33,shelly34@example.org,"USNS Black, FPO AP 04482",Mobile,4391,Free,Monthly
2849,John Ramirez,61,wmiller@example.net,"618 Russo Isle, Angelaside, MH 66467",Mobile,8419,Free,Yearly
2850,Laura Martinez,65,petersonwilliam@example.net,"USNV Cox, FPO AA 96057",Mobile,177,Family,Yearly
2851,Dan Walton,25,stephanievang@example.com,"949 Michael Isle Apt. 114, New Amandafurt, ME 60252",Mobile,5945,Family,Monthly
2852,Marcus Rodriguez,44,barkerwilliam@example.org,"PSC 7538, Box 2805, APO AE 31647",Desktop,980,Free,3 Month
2853,Logan Johnson,63,kempjoshua@example.com,"66759 John Cliff Suite 189, New Davidside, WY 41777",Desktop,6328,Family,Monthly
2854,Jonathan Gomez,44,matthew01@example.org,"51083 Bennett Union, Mcculloughmouth, MD 31301",Tablet,4925,Free,3 Month
2855,Molly Edwards,42,lchapman@example.com,"98957 Fitzpatrick Brook Apt. 639, Emmahaven, AL 95934",Tablet,1580,Free,Yearly
2856,Amy Marshall,61,washingtonjennifer@example.com,"943 James Crest Suite 951, Christinafort, NJ 74175",Tablet,4733,Family,Monthly
2857,Jennifer Gallegos,30,clopez@example.net,"7990 Audrey Station Suite 637, Nguyentown, KS 77808",Mobile,6662,Premium,3 Month
2858,Mark Hill,68,fcantu@example.org,"06581 Robinson Way, Christopherfort, SD 40334",Tablet,764,Free,Monthly
2859,Anna Moore,44,lisabenitez@example.com,"9335 Christopher Springs Apt. 673, West Sherry, MS 43942",Tablet,719,Premium,3 Month
2860,Brandon Avila,44,misty68@example.org,"8746 Karen Canyon, South Chadchester, KY 78970",Desktop,8574,Free,Monthly
2861,Alex Barnes,44,allenmichael@example.com,"Unit 6034 Box 0473, DPO AE 96689",Desktop,4796,Family,Yearly
2862,Alicia Wright,44,ecastillo@example.net,"5211 Mullins Inlet, East Tamara, AL 39623",Desktop,8855,Premium,3 Month
2863,Alice Baker,44,sean24@example.com,"638 Parsons Spring, Hansenton, UT 88484",Desktop,5364,Premium,Yearly
2864,Elizabeth Thomas MD,44,liandrea@example.com,"7571 Susan Rue Suite 270, Pagebury, NV 23629",Desktop,10000,Free,3 Month
2865,Javier Rhodes,44,scottdanielle@example.net,"11305 Ashley Roads Apt. 576, Port Ricktown, LA 58274",Mobile,1255,Family,Yearly
2866,Andrew Bowen,44,tracy93@example.net,"720 Erica Summit Suite 688, Cookstad, SD 18813",Desktop,2440,Family,3 Month
2867,Sarah Cruz,29,lauraross@example.org,"PSC 3016, Box 7986, APO AA 38873",Desktop,3429,Premium,Yearly
2868,Catherine Doyle,44,uweaver@example.org,"720 White Rapid, Bradfordmouth, GU 50893",Desktop,2648,Family,3 Month
2869,Brian Green,44,jgonzalez@example.com,"888 Sandra Parks Suite 502, East Steven, MN 34371",Mobile,2299,Free,3 Month
2870,Alison Miller,65,iharper@example.com,"48921 Todd Ranch Apt. 685, New Courtney, GA 07241",Desktop,9528,Family,Monthly
2871,Darryl Underwood,25,carlos38@example.net,"44999 Nguyen Hollow Suite 876, New Michealbury, GA 14661",Mobile,4654,Free,Monthly
2872,Kristin Brooks,44,rileymatthew@example.com,"789 Paula Roads, Lisamouth, PR 33874",Desktop,4949,Premium,Yearly
2873,Susan Sanchez,70,kevin18@example.org,"6011 Nathan Island Apt. 315, East Gilberthaven, ND 55818",Mobile,4149,Premium,Yearly
2874,Howard Mcguire,44,herrerathomas@example.net,"1440 Horn Key Apt. 262, East Mary, SD 31338",Mobile,1445,Premium,Yearly
2875,Katie Armstrong DVM,44,kjennings@example.net,"PSC 0043, Box 1860, APO AP 71300",Desktop,3933,Free,Yearly
2876,Leslie Key,29,robertskerry@example.org,"1055 Jordan Dale, Schultzburgh, MD 60029",Mobile,5181,Family,Monthly
2877,John Jones,44,srobertson@example.net,"2985 Howard Mill, Snyderburgh, SD 51491",Desktop,6579,Premium,3 Month
2878,Robert Ward,23,cedwards@example.net,"USNS Ellison, FPO AP 18388",Mobile,9009,Free,3 Month
2879,Hailey Peters,44,ericksondamon@example.com,"6166 Alison Islands, West Samantha, WI 12339",Desktop,3268,Free,Monthly
2880,Justin Leonard,44,vhayes@example.net,"523 Marie Lock Apt. 128, Donaldstad, RI 19468",Mobile,3998,Premium,Yearly
2881,Steven Wright,44,morgan67@example.com,"4644 Keith River Apt. 343, East Johnside, ID 55155",Tablet,9431,Family,3 Month
2882,Paul Bowers,44,wendywright@example.com,"72517 Grimes Crossroad, Anneville, SD 60857",Desktop,1718,Premium,Monthly
2883,Patrick Ortiz,24,danielayala@example.net,"71422 Medina Motorway, Rogersfort, MS 52655",Desktop,9063,Family,Monthly
2884,Sydney Ray,44,xwilson@example.com,"01153 Vargas Mill, Robertview, SD 20078",Desktop,4824,Premium,Yearly
2885,Jeffrey Peterson,44,donnacrawford@example.net,"3435 Jennifer Falls, Port Ericborough, NJ 58493",Mobile,3461,Premium,3 Month
2886,Monica Johnston,44,jenningsjessica@example.org,"0989 Martinez Port Suite 526, East Jennifertown, VT 42111",Desktop,4993,Free,3 Month
2887,Sarah Steele,68,qreyes@example.net,"20469 Jeffery Villages Suite 175, Rebeccaton, SD 94684",Desktop,3008,Free,Monthly
2888,Shelley Rodriguez,47,scott26@example.org,"1660 Courtney Forges, Harriston, MN 92743",Desktop,7615,Family,3 Month
2889,Michael Davenport,44,bakercarl@example.com,"22163 Johnson Spring Suite 560, Charleston, CO 99310",Tablet,3003,Premium,Monthly
2890,Peter Walker,44,qlozano@example.org,"163 Johnson Circle, East Seanland, WV 74559",Desktop,2444,Premium,3 Month
2891,Megan Stephenson,44,matthew92@example.org,"860 Jimmy Lakes, South Whitney, NC 76533",Mobile,3963,Family,Yearly
2892,Richard Cannon,53,hardytrevor@example.org,"6932 Jacobson Square Suite 874, Port Jeremy, CT 48457",Mobile,595,Premium,Monthly
2893,Kelly Hernandez,44,briansingleton@example.org,"05483 Samantha Junctions, Jasminfort, ND 71096",Tablet,4916,Family,Monthly
2894,Jeffrey Burch,44,lamstefanie@example.com,"Unit 0460 Box 0681, DPO AA 12519",Mobile,8423,Premium,3 Month
2895,Zachary Murillo,44,alecfreeman@example.org,"602 Christopher Junction, New Carolynchester, ME 38385",Tablet,5596,Premium,Yearly
2896,Kathy Moreno,63,angela19@example.org,"855 Michael Via Apt. 776, East Mikemouth, MI 16706",Mobile,642,Premium,Yearly
2897,Adam Bishop,31,isanders@example.net,"97717 Pearson Station Apt. 861, Stephanieview, ME 19571",Mobile,4520,Family,Monthly
2898,James Farmer,44,tracioliver@example.com,"7597 Gregory Points, New Patriciaborough, MA 25447",Desktop,983,Premium,3 Month
2899,Ashley Alexander,54,burtonjudith@example.net,"581 Bennett Park, Murrayside, PW 02854",Desktop,322,Free,3 Month
2900,Elizabeth White,44,carol46@example.net,"46720 Betty Village, Bellmouth, AZ 27158",Mobile,5019,Premium,Yearly
2901,Charles Duarte,41,kerry10@example.com,"Unit 1910 Box 3328, DPO AE 29457",Desktop,387,Premium,Monthly
2902,Christopher Parker,39,dwest@example.net,"USNS Floyd, FPO AP 18951",Mobile,1797,Family,Monthly
2903,Tiffany Smith,44,nward@example.com,"071 Chavez Viaduct, Ryanview, MH 53726",Desktop,3738,Premium,3 Month
2904,Gary Park,44,jacob62@example.net,"679 Mackenzie Hills Apt. 776, Johnsonshire, WA 96092",Mobile,754,Premium,Monthly
2905,Stephen Jones,69,paulbarnett@example.org,"Unit 3264 Box 5067, DPO AE 32647",Mobile,4335,Premium,3 Month
2906,Martha Rogers,33,davidcalderon@example.net,"31653 Hector Meadows Apt. 888, East Amandabury, MH 40209",Mobile,4260,Family,Monthly
2907,Melissa Pugh,60,dustin36@example.com,"07071 Matthew Prairie Suite 753, Lake Kimberlyfort, DE 01696",Mobile,2440,Free,3 Month
2908,Robin Crane,44,andrewbailey@example.org,"42117 Harvey Roads Suite 972, Maryberg, CA 55655",Tablet,2933,Family,3 Month
2909,Mathew Oneill,44,ejohnson@example.org,"415 Lawrence Burg Apt. 142, South Sherryborough, ME 41279",Mobile,2810,Family,Yearly
2910,Jose Stephens,44,katherine38@example.org,"83905 Frank Flats Apt. 683, Kimberlyberg, AS 72170",Desktop,1192,Family,3 Month
2911,Jennifer Solomon,48,limary@example.net,"USS Jacobs, FPO AE 19159",Tablet,4257,Premium,3 Month
2912,Amanda Lee,54,phall@example.com,"4653 David Ridge, Lake Denise, SC 80389",Mobile,5360,Family,Monthly
2913,Jennifer Douglas,44,cherylarmstrong@example.com,"672 Valdez Orchard, Russellport, NH 11732",Desktop,8104,Free,Monthly
2914,Paul Stone,44,jmercer@example.net,"99625 Calderon Unions Apt. 045, Paulmouth, AZ 20924",Desktop,9332,Free,3 Month
2915,Randy Swanson,33,harmonbrian@example.org,"77697 Williams Roads Apt. 250, Port Laurashire, OH 04004",Mobile,7197,Family,Monthly
2916,Ashley Sanders,61,bryanabbott@example.com,"00291 Donald Rapid, Port Micheleberg, KS 32130",Tablet,7214,Premium,3 Month
2917,Michael Crawford,44,craigamy@example.org,"28128 Wilson Streets, Walkerfurt, PA 77173",Desktop,9955,Free,Yearly
2918,Ashlee Lewis,44,salinasbenjamin@example.org,"095 Allison Islands Apt. 645, Graybury, LA 70472",Desktop,7772,Family,Yearly
2919,Betty Castro,61,fdominguez@example.net,"9941 Dean Villages, Hardinberg, IN 67489",Desktop,4683,Free,Yearly
2920,Mary Webster,44,annsharp@example.com,"98996 Conway Streets, North Stephen, NE 26490",Desktop,6368,Family,3 Month
2921,Jeremiah Reed,44,penny25@example.net,"275 Johnson Prairie, Lake Kelseyland, OH 07353",Desktop,3123,Free,3 Month
2922,Jim Moreno,26,garciaallen@example.com,"8473 Miller Overpass, Johnsonborough, OH 97259",Desktop,9542,Free,3 Month
2923,Jasmine Ramos,67,martintamara@example.net,"0357 Alexander Garden, North Dennis, AK 14057",Mobile,4799,Family,3 Month
2924,Nicole Burton,45,longkaren@example.com,"001 Bennett Lock Apt. 258, New Johnton, WI 83548",Tablet,8606,Free,Monthly
2925,Tracy Schmidt,20,william90@example.com,"555 Mccarthy Pine, South Thomasfurt, NJ 62337",Desktop,8321,Premium,3 Month
2926,Richard Ramirez,44,plopez@example.org,"2907 Jack Skyway, Wallacefurt, MA 24421",Desktop,8568,Premium,Monthly
2927,Emily Daniel,27,houstonstephanie@example.net,"16182 Koch Crossroad, West Kathleentown, WA 66271",Mobile,1930,Premium,3 Month
2928,Brenda Lee,63,kristen77@example.net,"8628 Wendy Plains, Port Gregory, SD 65923",Tablet,3522,Free,Yearly
2929,Christina Mills,44,fjohnson@example.org,"0660 Smith Trail Apt. 356, South Thomas, MD 18870",Desktop,4702,Free,3 Month
2930,Lucas Bowen,50,quinnmatthew@example.com,"7687 Drake Street, Lake Christopher, KY 98774",Mobile,3365,Premium,Yearly
2931,Betty Cooke,47,melissa59@example.org,"405 Sara Landing, Louisshire, PW 42009",Desktop,4883,Family,Yearly
2932,Jessica English,44,cynthia12@example.com,"23844 John Route, Port Charles, OK 64855",Desktop,3925,Family,3 Month
2933,Brandon Peterson,41,cindy71@example.org,"63359 Randall Manors Suite 929, New Katelyn, UT 12733",Desktop,6572,Free,3 Month
2934,David Fletcher,44,johnsonjoseph@example.net,"32842 Shaun Greens Apt. 577, New John, PW 95634",Mobile,9177,Premium,Yearly
2935,Thomas Mendoza,67,julie45@example.com,"994 James Forest Apt. 485, Samanthaton, FM 93791",Tablet,1931,Family,3 Month
2936,Sandra Jackson,31,milleramanda@example.net,"8067 Price Shore, Stephaniechester, WV 46824",Desktop,4192,Family,Monthly
2937,Diane Estrada,38,rnguyen@example.net,"7844 Jordan Mountain, East Elizabeth, ND 58430",Mobile,3497,Free,Yearly
2938,Vincent Boone,52,jamesmckenzie@example.org,"622 Hurley Centers Suite 358, Lake Susanville, AZ 52231",Desktop,9219,Family,Yearly
2939,Jay Romero,57,brian26@example.net,"4389 Donna Landing Apt. 832, North Shawn, IL 52230",Mobile,4706,Family,Yearly
2940,Richard Richards,44,idunlap@example.org,"268 Thompson Alley, Turnerland, MA 10456",Desktop,4327,Premium,Monthly
2941,Wendy Roberts,21,steelemelissa@example.net,"22671 Connie Loop, Lake Benjaminberg, SC 28208",Mobile,595,Premium,3 Month
2942,Martin Graham,44,frenchsydney@example.org,"5829 Moreno Lake, East Williamfort, NE 31586",Desktop,9472,Free,Monthly
2943,Heather Jackson,44,amy49@example.net,"7061 Perry Wall Suite 123, Port Jose, AK 42131",Mobile,5189,Free,Yearly
2944,Mark Cantrell,52,susansims@example.org,"843 Kent Tunnel Suite 040, Raymouth, PA 61240",Mobile,7007,Free,Monthly
2945,Christina Morrison,44,pattersonharry@example.org,"85788 Sherry Corner Apt. 712, Fergusonside, MH 63603",Tablet,718,Free,Yearly
2946,Krystal Henderson,66,wvega@example.org,"60736 Katherine Loop, South Rebekah, OK 08527",Mobile,4277,Premium,Monthly
2947,Alyssa Keith,34,oellison@example.com,"7297 Jimmy Spurs, Wrightfort, MH 76540",Mobile,211,Free,Monthly
2948,Nichole Meyer,69,tammyhernandez@example.net,"349 Massey Grove, Kingville, TN 78412",Mobile,1421,Free,Yearly
2949,Virginia Arnold,21,sandra94@example.org,"485 John Station Apt. 680, North Cody, AR 88689",Tablet,9287,Family,3 Month
2950,James Richards,44,terri66@example.com,"16766 Strickland Fall Apt. 633, Schmidtton, ND 97395",Mobile,6260,Premium,Monthly
2951,Margaret Hancock,65,brian65@example.com,"76560 Sandra Row Apt. 269, East Bradley, AL 65379",Desktop,6860,Family,Yearly
2952,Darrell Morrow,21,pereztiffany@example.org,"9695 Joe Orchard, Colemanton, PR 31104",Tablet,219,Premium,3 Month
2953,Cynthia Walsh,44,kmorrow@example.org,"3125 Banks Terrace, Herringland, MA 57358",Tablet,9292,Premium,Yearly
2954,Sara Diaz,44,jessica57@example.org,"80164 James Pass Apt. 133, Dawnstad, ME 92904",Tablet,8981,Premium,Monthly
2955,Susan Mills,21,lawsonstephen@example.org,"23498 Xavier Rue Suite 257, Kimberlyborough, ND 93963",Desktop,8354,Premium,Yearly
2956,Laura Davila,44,grahamchristopher@example.net,"70072 Gloria Causeway, Leeburgh, ND 13354",Desktop,4453,Premium,3 Month
2957,Darin Mueller,62,moralesjacqueline@example.org,"36828 Mora Rapids, South Amanda, CO 23955",Desktop,8760,Free,3 Month
2958,Christopher Jones,44,megansmith@example.net,"754 Lopez Port, Harrisonborough, HI 89247",Mobile,2509,Free,Monthly
2959,Melissa Davis,44,peteranderson@example.net,"PSC 2399, Box 8877, APO AE 59800",Mobile,2517,Premium,Monthly
2960,David Wong,49,johnkent@example.org,"10704 Jordan Street, Dukeland, CA 17936",Desktop,3190,Premium,3 Month
2961,Elizabeth Duncan,27,daniellepatel@example.net,"6629 Hurst Lodge, Luisbury, NE 23183",Tablet,2148,Premium,3 Month
2962,Thomas Grant,44,fweber@example.org,"102 Lewis Light Apt. 401, West Jocelynshire, GA 64580",Mobile,6396,Free,Monthly
2963,Drew Brooks,39,zjones@example.net,"87426 Harris Divide, Tammyshire, PR 51284",Mobile,1769,Family,Monthly
2964,Richard Case,54,jacksonevan@example.com,"0273 Garcia Shores, Dodsonchester, MD 31043",Desktop,3790,Free,3 Month
2965,Brenda Larsen,44,lisadavis@example.org,"0102 Cox Shores Suite 988, Reedland, IN 95675",Mobile,8157,Premium,3 Month
2966,Christopher Gomez,31,james66@example.com,"696 Barajas Ridges Apt. 343, West Cassieshire, RI 76122",Tablet,8311,Premium,Yearly
2967,Christine Lewis,60,ephillips@example.com,"557 Stacy Expressway Apt. 356, Elizabethview, VA 91229",Desktop,3859,Premium,Monthly
2968,Curtis Wong,52,craigcantrell@example.org,"Unit 7462 Box 1366, DPO AP 53388",Desktop,313,Family,3 Month
2969,James Jackson,24,kathygreen@example.net,"57828 Smith Summit Apt. 514, South Haleyfurt, WI 94089",Desktop,2707,Family,3 Month
2970,Jonathan Ferguson,29,xwatts@example.org,"29090 Barker Keys, Jennifertown, SD 34457",Mobile,6434,Premium,Yearly
2971,Elizabeth Wilson,39,dhughes@example.org,"123 Harrison Mall Apt. 354, Lake Carolineport, KS 89959",Mobile,7676,Free,3 Month
2972,Patrick Price,50,denisehuang@example.com,"691 Mccoy Estates, Feliciaburgh, VT 26273",Desktop,5365,Premium,Yearly
2973,Joshua Johnson,69,qgraham@example.com,"594 Timothy Stream, North Crystal, AL 32306",Tablet,6735,Family,3 Month
2974,Toni Smith,27,johnsonbrenda@example.com,"Unit 7393 Box 6888, DPO AP 49361",Desktop,3353,Premium,3 Month
2975,Mikayla Mcguire,64,patrick37@example.org,"306 Cunningham Brook, East Tammy, AK 96728",Mobile,3238,Family,Monthly
2976,Kellie Moore,44,craig74@example.org,"0900 Yvonne Freeway, Ortizland, WV 98248",Desktop,7617,Family,3 Month
2977,Christopher Elliott,44,woodcharles@example.com,"0653 Andrew Ridge Apt. 018, Kellershire, AK 90300",Desktop,9870,Premium,3 Month
2978,Brandon Hernandez,44,alice76@example.org,"600 Amanda Harbors, Lake Justin, RI 20551",Mobile,6294,Premium,3 Month
2979,Tracy Hudson,44,harrislarry@example.org,"726 Dyer Ridge Apt. 953, East Lisastad, VA 33181",Mobile,2607,Premium,3 Month
2980,Laura Smith,32,chayes@example.org,"8464 Clark Walk, Davidside, MI 73705",Desktop,8982,Premium,Yearly
2981,Shannon Flores,23,zowens@example.net,"2426 Keith Parkway, Nicoleburgh, MA 72437",Tablet,3143,Premium,Yearly
2982,Tina Johnston,64,horneabigail@example.org,"707 Chloe Mountains, Jacksonburgh, MI 35654",Mobile,6184,Family,Yearly
2983,Sara Cantu,51,noneill@example.com,"6036 Vang Overpass, Port Justinstad, AK 98519",Mobile,6220,Premium,3 Month
2984,Scott Taylor,27,plindsey@example.com,"2901 Roberts Road, Timothystad, MN 47334",Desktop,131,Family,Monthly
2985,Reginald Holland,42,miranda85@example.net,"2020 Arellano Wall, South Andrew, MI 65963",Desktop,3337,Premium,Yearly
2986,Stacy Rodriguez,44,garciadeanna@example.org,"Unit 2389 Box 9661, DPO AP 41097",Desktop,9027,Family,Yearly
2987,John Spencer,42,qjones@example.com,"695 Lowe Walk Suite 930, Coopermouth, MH 22380",Mobile,710,Premium,Yearly
2988,Sarah Garcia,44,brenda73@example.net,"27155 Hicks Rue Apt. 383, North Christopherville, OR 01640",Desktop,3225,Premium,Yearly
2989,Paul Norman,65,jon93@example.net,"116 Benjamin Islands, Woodsfurt, SD 29635",Desktop,9777,Premium,3 Month
2990,Elizabeth Hampton,22,smithgregory@example.com,"5724 Carr Shoals, Port James, KY 81153",Mobile,7260,Premium,Yearly
2991,Jacob Williams,41,othompson@example.net,"307 Juan Fields, New Mariomouth, GA 10306",Desktop,553,Premium,Monthly
2992,David Kelley,59,claybethany@example.com,"74620 Tamara Place Apt. 576, Howardport, KY 35135",Mobile,5835,Family,Monthly
2993,Andrew Smith,44,crystalhiggins@example.com,"647 Hendrix Wall, Karenland, ND 06564",Mobile,2670,Premium,3 Month
2994,James Jackson,35,fischermatthew@example.net,"755 Jamie Island, South Robert, WA 86495",Mobile,8905,Premium,3 Month
2995,Matthew Garcia,44,cynthia84@example.org,"9598 Green Run, Julieview, OH 02435",Desktop,293,Premium,Yearly
2996,Christopher Singleton,45,tapiasydney@example.net,"2364 Kevin Lane, Jerryshire, GA 44931",Mobile,8282,Premium,3 Month
2997,Joseph Smith,44,kimberly21@example.org,"4568 Emma Stream Suite 398, Port Danieltown, NC 14836",Mobile,428,Free,Yearly
2998,Gene Fitzgerald,44,flawson@example.com,"723 Ariel Mills, Patriciaport, KY 13001",Tablet,8333,Premium,3 Month
2999,Sara Hill,41,brianna05@example.org,"15598 Lisa Course, West Gavin, WV 61385",Desktop,965,Premium,Monthly
3000,Ashley Davis,44,thomas86@example.com,"47779 Shaw Oval, Nicholsonfort, MI 21431",Desktop,1407,Premium,Monthly
3001,Victoria Walton,44,ryan05@example.com,"3688 Ricardo Loop Apt. 266, Jessicaborough, PA 54726",Desktop,2055,Premium,3 Month
3002,Erica Dean DVM,65,tallen@example.net,"0863 Jane Estate, New Nathan, MP 83351",Desktop,976,Premium,Yearly
3003,Jamie Diaz,25,tammy41@example.com,"1321 Elizabeth Forks, North Melissa, KS 54252",Desktop,2649,Premium,3 Month
3004,Jasmine Khan,50,andrea85@example.net,"137 Daniel Parkway Suite 478, Andersonfort, VT 80933",Desktop,7872,Family,Yearly
3005,Jillian Bailey,50,oroach@example.org,"75209 Dale Place, East Amandachester, VT 32284",Mobile,1093,Free,Yearly
3006,Joseph Howard,44,joshuarogers@example.org,"521 Peterson Motorway, Lewisfurt, MD 17079",Desktop,1571,Premium,Yearly
3007,Victor Johnson,44,kochkatie@example.net,"619 Heather Islands Apt. 460, Guyburgh, NC 86629",Desktop,5110,Family,Yearly
3008,Amanda Spencer,50,hunterjohnson@example.org,"072 Robinson Wells, East Austinville, TX 00773",Mobile,1761,Free,Monthly
3009,Erin Gonzalez,41,lauren58@example.net,"23341 Andre Flats Apt. 745, East Karen, HI 15985",Mobile,6297,Premium,Yearly
3010,Stephen Robinson,21,ysnow@example.org,"08790 Morales Underpass Apt. 920, Williamsport, CT 39043",Mobile,9956,Family,Monthly
3011,Stephanie Vance,54,obrienmichael@example.net,"302 Foster Loaf Suite 029, Pamelaville, WI 31132",Mobile,5643,Family,Yearly
3012,Scott Johnson,47,amber59@example.net,"8755 George Isle Suite 996, Jonesberg, NY 57303",Mobile,4263,Family,Yearly
3013,Donna Hansen,44,robert39@example.org,"59503 Smith Junctions Apt. 775, Moorefort, DC 99845",Desktop,6736,Family,Monthly
3014,Kimberly Smith,36,gregfisher@example.com,"USNS Kim, FPO AA 29879",Tablet,5360,Family,Yearly
3015,Rebecca Dixon,44,nsmith@example.net,"5523 Marilyn Harbor, Lake Alyssaburgh, WA 60971",Tablet,5799,Premium,Monthly
3016,Regina Reynolds,35,josephmccormick@example.com,"7629 Snyder Cliff, North Kimberlyview, MN 53174",Mobile,8924,Premium,3 Month
3017,Erika Snyder,52,collinsglenn@example.com,"27634 Morrow Inlet Apt. 869, Brownside, WY 34284",Mobile,2892,Premium,Yearly
3018,Christopher Lane,44,hallsamuel@example.org,"135 Tamara Mall Suite 531, South Michael, MS 63956",Mobile,1800,Family,3 Month
3019,Larry Orr,60,tyrone28@example.net,"PSC 0042, Box 0743, APO AE 66966",Mobile,7557,Premium,Yearly
3020,Thomas Mitchell,52,cynthiamacias@example.net,"8768 Roberts Ranch Apt. 140, Christinafurt, NV 56864",Tablet,5876,Premium,Monthly
3021,Steven Richardson,44,voconnor@example.com,"063 James Cape Apt. 709, Natashaside, ND 56808",Mobile,1681,Free,3 Month
3022,Crystal Lang,44,alice80@example.org,"28592 Macias Trace Suite 056, Gomeztown, AK 40386",Mobile,1337,Free,3 Month
3023,Danielle Nguyen,41,hollandjessica@example.net,"0522 Matthew Stream, Lake Alison, DC 25740",Tablet,8903,Free,3 Month
3024,Angela Hansen,61,steinchristopher@example.org,"68546 Jean Crescent, Smithburgh, AS 88599",Tablet,2157,Premium,Monthly
3025,Brandon Brown,44,charlesortiz@example.net,"7120 Kristin Islands, Ortizport, NC 89961",Desktop,4700,Free,Monthly
3026,Michael Wilson,44,kenneth45@example.com,"6120 Samantha Prairie, Castanedaborough, HI 45360",Desktop,4297,Premium,Yearly
3027,Maurice Lewis DDS,44,crystalpierce@example.org,"526 Wallace Fields Suite 775, New Julie, ID 92547",Desktop,1522,Family,Monthly
3028,James Ramirez,44,conniehernandez@example.net,"9443 Dennis Estate Suite 618, Kaylafort, TX 86446",Tablet,6482,Free,Yearly
3029,Barbara Mcgee,54,zjenkins@example.org,"7031 William Route Apt. 608, Port Rickyborough, PW 85365",Mobile,4040,Premium,Monthly
3030,Kim Jimenez,44,charles50@example.com,"3698 Conner Park, Alexandriafort, NM 79629",Desktop,729,Free,Yearly
3031,Thomas Perry,42,kristy31@example.net,"1012 Kimberly Forest Suite 165, Kylefurt, ID 31508",Tablet,7449,Family,Yearly
3032,Martin Moore,69,amandabrooks@example.org,"56458 Burns Crest Apt. 960, Matthewside, NJ 16184",Mobile,1468,Premium,Yearly
3033,Ryan Baldwin,44,karlameyer@example.org,"968 Michael Pines Suite 010, Lake John, WV 52273",Desktop,7716,Family,3 Month
3034,Diana Solis,44,heather61@example.org,"268 Miller Oval, Williamburgh, FL 30011",Tablet,631,Premium,Yearly
3035,Annette Taylor,44,susan13@example.com,"340 John Route, Cassandrashire, WY 17389",Desktop,1811,Family,3 Month
3036,Mary Mcguire MD,45,kellyhenderson@example.com,"329 Erik Mews Suite 928, Goodmanchester, GA 06311",Mobile,6830,Free,Yearly
3037,Amy White,65,nelsonmichael@example.com,"27148 Melissa Forges Suite 642, Zacharychester, MP 18237",Mobile,8404,Free,Yearly
3038,Andrea Dorsey,52,gregorygray@example.net,"7164 Maria Pine, Lake Kathryn, MT 83360",Desktop,5620,Family,Yearly
3039,Virginia Walker,44,john19@example.org,"26150 Davis Dale Apt. 796, East Elizabeth, PR 87814",Mobile,949,Premium,Yearly
3040,Haley Lewis,64,robertschristine@example.net,"USCGC Skinner, FPO AP 21295",Mobile,4541,Premium,3 Month
3041,Sarah Chandler,44,marcus13@example.com,"141 Craig Ridges, Franklinfort, NM 21493",Desktop,4779,Family,Yearly
3043,Gregory Novak,69,iandrews@example.net,"4904 Lewis Mountains Suite 572, Danielberg, DC 64215",Desktop,4041,Family,Yearly
3044,Christopher Garcia,44,mitchellthomas@example.net,"9923 Scott Tunnel Apt. 677, Martinfurt, KY 45355",Tablet,5114,Free,3 Month
3045,Deborah Burgess,44,ksmith@example.net,"243 Thompson Stravenue Apt. 112, Hoodbury, DC 39920",Mobile,7288,Premium,Yearly
3046,Scott Garrison,44,lindarivera@example.org,"58427 Johnson Streets, West Sarah, DE 51322",Tablet,6252,Family,3 Month
3047,Andrew Patterson,49,grahamvictoria@example.com,"75790 Molina Meadows Apt. 824, Lake Erika, ID 28243",Desktop,8222,Family,Yearly
3048,Annette Travis,44,jennifer86@example.net,"8094 Stephanie Burgs, Torresberg, NM 72878",Mobile,7513,Free,3 Month
3049,Brittney Moon,21,michaelwaters@example.net,"113 Krista Centers, Andersonmouth, OH 83811",Mobile,4487,Family,Yearly
3050,James Butler,44,williambrown@example.org,"11156 Martin Summit, Suzanneberg, WI 50258",Desktop,327,Free,Yearly
3051,Jeffery Morrison,44,juliebailey@example.com,"2808 Edward Causeway, East Susan, OR 62035",Desktop,2105,Family,Yearly
3052,Robert Santos,47,frank03@example.com,"697 Michael Glens, Alexisville, CT 96764",Desktop,2497,Premium,Monthly
3053,Eric Rodriguez,47,christopherchen@example.org,"19317 Nguyen Unions, South Victoria, SD 11182",Desktop,6222,Premium,3 Month
3054,Amanda Johnson,26,jacksonalyssa@example.net,"Unit 7558 Box 0869, DPO AP 40878",Tablet,9764,Premium,Yearly
3055,Adam Randolph,45,yrowland@example.com,"90100 Anthony Crossing, Edwardmouth, AK 67038",Desktop,3571,Family,3 Month
3056,Janice Sweeney,67,scottortiz@example.net,"86233 Jasmine Forks, South Gerald, TN 65292",Tablet,5576,Premium,3 Month
3057,Michael Goodwin,44,danielschristina@example.net,"2360 Danielle Alley, Palmertown, TX 83329",Mobile,4054,Premium,Yearly
3058,David Thomas,64,bentonroger@example.net,"06210 Caitlyn Prairie, Coxmouth, ND 29317",Mobile,3976,Free,3 Month
3059,Erin Turner,68,zachary41@example.org,"80218 Gross Ways, South Sandraton, LA 80180",Mobile,1599,Free,Monthly
3060,Anna Jacobs,44,kennethgonzales@example.org,"92085 Grace Roads, South Angela, MP 70401",Mobile,7887,Premium,Yearly
3061,Ashley Cunningham,44,afranco@example.com,"65674 Matthew Island, East Thomasberg, NE 29750",Mobile,1303,Family,Monthly
3062,Tina Holt,44,ybrewer@example.com,"14356 Kevin Rapids, Alicebury, SD 63238",Mobile,3156,Family,3 Month
3063,James Davis,44,pnicholson@example.org,"98810 Carlson Ridge Suite 646, Port Natalie, KS 94110",Mobile,2955,Family,Yearly
3064,Mitchell Gonzalez,62,zamoraveronica@example.net,"86419 Patrick Crossing Suite 343, New Jameston, TX 03925",Mobile,4346,Free,Monthly
3065,Amanda Compton,59,mharvey@example.com,"7638 Robert Ranch Apt. 294, New Brittanyport, SC 35754",Mobile,3478,Premium,Monthly
3066,Brad Riddle,34,antoniodrake@example.com,"25823 Steven Field Apt. 076, Port Kevinmouth, IN 04485",Desktop,913,Free,3 Month
3067,Jason Lewis,44,margaret97@example.com,"55681 Brian Knolls, Jessicaport, KY 96847",Mobile,5271,Premium,3 Month
3068,Ryan Olson,44,trevor05@example.org,"86370 Norton Common Apt. 380, Leeside, MS 99293",Desktop,4389,Free,3 Month
3069,Tammy Russell,40,sara69@example.net,"571 Cheryl Glen, East Christinemouth, VT 87745",Mobile,1656,Premium,Yearly
3070,Mike Sanders,47,aliciaflowers@example.org,"349 Crosby Unions Apt. 999, Port Kristinatown, AZ 81181",Desktop,6870,Family,Monthly
3071,Heather Clark,44,adamlee@example.org,"163 Blair Loaf, Markburgh, ME 17284",Desktop,9447,Premium,3 Month
3072,Ann Patterson,44,johnmorris@example.com,"271 Berg Mission Apt. 252, South Stephenshire, TX 09835",Tablet,5748,Premium,3 Month
3073,Perry Arias,44,qfields@example.com,"360 Wilson Ridge Apt. 630, Meredithborough, MI 30300",Desktop,917,Family,Monthly
3074,Tracy Gregory,30,annalopez@example.org,"73510 Susan Mill, New Terrenceborough, TN 57298",Desktop,6088,Premium,3 Month
3075,Kirk Mcgrath,54,jasmine05@example.com,"PSC 1369, Box 1710, APO AP 69740",Tablet,2036,Premium,3 Month
3076,Rachel Castillo,63,sara98@example.com,"576 Ross Throughway, Brittneyberg, KY 87125",Mobile,2955,Free,Yearly
3077,Michael Bryan,44,popemargaret@example.net,"019 Stacy Alley Suite 240, West Pamela, VI 83689",Desktop,4775,Premium,3 Month
3078,David Jones,44,prubio@example.org,"Unit 3302 Box 5631, DPO AP 99448",Mobile,6311,Family,3 Month
3079,Robyn Johnson,44,mhays@example.net,"493 Larry Landing Suite 641, North Lindamouth, OH 99564",Mobile,2731,Free,Yearly
3080,Kirsten Vasquez,44,erin89@example.net,"USS Holt, FPO AP 67521",Desktop,1144,Premium,3 Month
3081,Ashley Wong,52,davispatrick@example.org,"2767 Curtis Road, West Makayla, AR 90995",Mobile,4696,Premium,Yearly
3082,Jenna Robinson,44,xwhite@example.com,"88408 Michael Squares, Wilsonfurt, ME 82838",Desktop,5412,Family,Monthly
3083,Randy Lee,44,melissacastro@example.com,"0241 Garcia Square Apt. 554, Lindseystad, KY 61571",Mobile,3613,Premium,Monthly
3084,Alyssa Reyes,44,bsmith@example.com,"5425 Toni Gardens, Port Valeriehaven, MA 70411",Desktop,1203,Premium,3 Month
3085,Melvin Boyle,44,hmoore@example.com,"Unit 7111 Box 2412, DPO AA 56142",Mobile,9642,Family,Yearly
3086,Kelly Clarke,44,omedina@example.com,"1714 Steven Lock Apt. 227, Melissamouth, OH 02902",Desktop,3263,Family,3 Month
3087,Kara Gonzalez,63,gilbertderrick@example.net,"094 Alexander Tunnel Apt. 013, Villanuevaburgh, MD 51534",Tablet,4347,Family,Monthly
3088,Samuel Morse,26,cummingssean@example.org,"8613 Tommy Radial, Port Isaiahland, NH 92387",Mobile,3123,Premium,Yearly
3089,Jill Olsen,22,avilajill@example.org,"8348 Samantha Avenue, West Rachel, KS 65878",Desktop,7694,Premium,Monthly
3090,Michael Walker,30,torressarah@example.net,"3298 Young Garden Apt. 984, Lake Sherichester, AR 21656",Desktop,8394,Free,Yearly
3091,Dustin Leonard,31,juliafisher@example.org,"407 Paige Radial Apt. 527, East Cindyhaven, AK 24712",Tablet,4823,Premium,Monthly
3092,Cody Lynch,31,robin66@example.com,"07337 Kevin Valleys, East Benjamin, MD 25427",Desktop,7318,Premium,3 Month
3093,David Kelly,22,lindamorris@example.com,"Unit 8119 Box 3237, DPO AE 18394",Mobile,9479,Premium,Yearly
3094,Heather Li,44,jonesmanuel@example.com,"35060 Brenda Walks, New Jesus, DC 27633",Desktop,6541,Free,Yearly
3095,Emily Mckenzie,55,zramirez@example.org,"2589 Ian Land, West Benjaminland, IA 95342",Desktop,7881,Premium,3 Month
3096,Amanda Boyd,44,ericdixon@example.net,"238 Jones Light, Ericbury, AR 96686",Tablet,5727,Family,3 Month
3097,Alexandra Sexton,44,donaldrichard@example.com,"255 Alexander Creek, Lake Cory, AL 42128",Mobile,6459,Premium,Yearly
3098,Aaron Macias,67,projas@example.com,"9861 Robert Tunnel Suite 365, East Richard, SC 73477",Desktop,1111,Premium,Yearly
3099,Jason Dalton,56,todd22@example.net,"Unit 3662 Box 5545, DPO AE 73545",Mobile,1780,Premium,Yearly
3100,Jordan Harris,54,schwartzbrooke@example.com,"Unit 7543 Box 6085, DPO AP 55278",Desktop,5295,Premium,3 Month
3101,Alicia Robbins,44,ijames@example.com,"05455 Jeremy Forks Suite 489, Harrisberg, PA 82683",Tablet,3615,Premium,Monthly
3102,Alexandria Cooper,69,tprice@example.com,"54597 Martin Plain, West Donnashire, WV 95573",Tablet,4295,Premium,Monthly
3103,Bryan Church,44,mark67@example.com,"84189 Tracy Flats, Chungtown, DC 94531",Desktop,3833,Family,3 Month
3104,Angela Bowen,44,kathrynharvey@example.org,"914 Jason Station Suite 970, Valeriefurt, RI 49497",Mobile,292,Premium,Monthly
3105,Tara Sims,32,jessica29@example.com,"128 Henry Point, Simmonsborough, MP 29487",Desktop,3991,Premium,Yearly
3106,Megan Campbell MD,44,hbuck@example.com,"21532 Robert Springs, New Nicole, PW 70109",Desktop,1371,Free,3 Month
3107,Alisha Bender,23,patricia76@example.org,"259 Lisa Run, Sarahburgh, HI 58493",Desktop,5572,Family,Yearly
3108,Holly Hays,43,paige92@example.com,"78825 Davis Stream, Lake Jacobmouth, CO 24723",Mobile,2157,Family,Yearly
3109,Stephen Ryan,26,voneal@example.org,"8630 Christopher Causeway Suite 681, New Robert, AZ 24802",Desktop,8883,Free,Yearly
3110,Whitney Crawford,44,rchavez@example.org,"USCGC Brown, FPO AA 58343",Desktop,7867,Free,Monthly
3111,Andrew Sosa,44,fali@example.net,"988 Jennifer Ports, Fergusonbury, ID 34031",Tablet,1273,Premium,Yearly
3112,Nicholas Durham,45,frances34@example.org,"281 James Canyon Apt. 298, Colliermouth, PA 35415",Mobile,4847,Premium,Yearly
3113,Brandon Welch,50,michaelalvarado@example.org,"820 Huang Overpass, Watersport, OK 29907",Desktop,6669,Premium,Yearly
3114,Brenda Davis,47,wintershector@example.com,"9380 Kayla Cliff Suite 726, East Katherinemouth, IA 99909",Tablet,8343,Family,3 Month
3115,Gabriel Brewer,36,staceyjohnson@example.net,"04838 Thompson Squares, North Donnaport, NV 69728",Tablet,957,Family,Yearly
3116,Cynthia Mcgee,42,jasonserrano@example.net,"927 Davis Burgs Apt. 620, Bentleyton, IA 03633",Tablet,9208,Free,3 Month
3117,Wayne Obrien,44,deleonsherry@example.org,"515 Johnson Roads Suite 124, Carlsonville, WA 62941",Mobile,4139,Free,Monthly
3118,Alejandro Roberts,36,juliescott@example.com,"137 Justin Lodge, Lake Davidbury, MI 20863",Tablet,1163,Premium,Monthly
3119,Erica Fernandez,33,james56@example.net,"54850 Stacey Causeway Apt. 525, Lake Samanthaburgh, NE 97344",Mobile,9446,Family,Yearly
3120,Janet Ruiz,44,jeremiah87@example.net,"568 Jasmine Crescent Suite 121, West Phyllis, FL 90619",Mobile,9404,Free,Yearly
3121,Haley Smith MD,44,fritzkatie@example.com,"496 Watson Gateway Suite 010, Millerville, DE 72842",Mobile,3636,Family,Yearly
3122,Robert Butler MD,44,millscheryl@example.com,"0674 Matthews Circle, Wellsmouth, VT 47400",Mobile,3754,Premium,Monthly
3123,Tammy Miller,66,tracy73@example.net,"84038 Ford Spring Suite 223, Richardsbury, NM 57796",Desktop,8836,Family,3 Month
3124,Juan Howe,44,angelaperry@example.com,"368 Gregory Terrace Suite 626, New Donald, AR 11787",Desktop,2438,Free,Monthly
3125,Donald Moore,29,clarkdawn@example.com,"Unit 0010 Box 4328, DPO AP 58995",Mobile,1854,Free,3 Month
3126,Angela Franklin,23,abryant@example.com,"8013 Fernandez Keys Apt. 995, Port Mary, AS 63193",Mobile,1334,Family,3 Month
3127,Martin Stevens,42,amy15@example.com,"218 Christina Stream, Patriciashire, ID 78607",Desktop,2920,Premium,Monthly
3128,Donna Fry,53,hvalentine@example.org,"7308 Kimberly Isle, Russellfurt, KY 02355",Mobile,8476,Premium,Monthly
3129,Samantha Pierce,46,zhamilton@example.com,"PSC 3934, Box 5152, APO AA 55542",Tablet,1250,Free,Yearly
3130,Selena Richards,64,christopher92@example.org,"168 Guzman Spur Apt. 724, New James, CA 62357",Mobile,5163,Free,Yearly
3131,Tanya Walker,44,nadams@example.net,"6205 Evelyn Squares Suite 070, North Luishaven, NV 38999",Mobile,4449,Premium,Monthly
3132,Alyssa Palmer,30,millskatherine@example.com,"PSC 1494, Box 9875, APO AA 85513",Tablet,3993,Free,Monthly
3133,Cheyenne Acosta,44,patrick80@example.net,"5418 Miller Mall Apt. 488, Vickitown, WY 01358",Mobile,4922,Premium,3 Month
3134,Jennifer Olson,44,nathan71@example.com,"15542 Henderson Oval, Medinatown, KS 18262",Tablet,5545,Free,Yearly
3135,Richard Hendricks,45,kellycassandra@example.com,"823 Daniel Tunnel Apt. 224, Smithborough, VA 72009",Tablet,3506,Premium,3 Month
3136,Matthew Lindsey,44,phillipstyler@example.com,"74445 Leach Vista, Angelabury, AR 35847",Mobile,2023,Premium,3 Month
3137,John Stephens,35,larrysantiago@example.com,"USS Roberts, FPO AP 82720",Desktop,6588,Family,Monthly
3138,Desiree Mercer,57,hdavis@example.com,"1358 Jason Islands Suite 396, Victoriamouth, DE 52147",Desktop,2436,Family,3 Month
3139,George Mays,44,erinpratt@example.org,"792 Justin Villages, New Elizabeth, AS 08538",Desktop,635,Premium,3 Month
3140,Tammie Christian,65,ibrown@example.org,"14863 Pamela Gardens, North Michael, CT 01420",Tablet,6790,Free,Yearly
3141,Gina Jones,44,andrew80@example.org,"48877 Richard Lock Suite 531, Jeffreytown, HI 80456",Mobile,5886,Family,Yearly
3142,Kayla Martin,44,austin60@example.org,"79625 David Estates Apt. 626, West Gina, AR 88846",Mobile,2179,Family,3 Month
3143,Elizabeth Gonzalez,33,elarson@example.com,"0674 Day Camp Apt. 734, West Monica, KY 93701",Desktop,5989,Premium,Monthly
3144,Leslie Harper,44,davismarcus@example.net,"11986 Payne Trafficway, New Joseph, CO 43613",Mobile,746,Premium,Monthly
3145,Mary Nelson,44,jwong@example.net,"2949 Jessica Greens Apt. 952, East Rebeccahaven, MI 70574",Mobile,6576,Premium,Yearly
3146,Ryan Krause,44,jaredjohnson@example.com,"987 Ware Circles, North Timothyshire, VA 02391",Mobile,3560,Family,3 Month
3147,Mark Boyd,41,harriscindy@example.org,"51444 Davies Causeway Apt. 522, Trevorberg, WY 15376",Tablet,3430,Premium,Yearly
3148,Julie White,44,dwalton@example.net,"USNS Jones, FPO AA 16969",Tablet,576,Free,Yearly
3149,Dalton Hill,29,williamwagner@example.net,"USS Leach, FPO AA 65704",Tablet,7098,Free,3 Month
3150,Joseph Mcfarland,44,brian35@example.org,"619 Kelly Courts, Butlerbury, NE 87729",Mobile,462,Premium,Monthly
3151,Shawn Compton,21,reedrachel@example.org,"89390 Dakota Hill, Lake Hollyberg, ME 61014",Desktop,8170,Premium,Monthly
3152,Caitlin Jackson,49,probinson@example.org,"28459 Steele Street, North Erik, AR 80335",Tablet,1310,Family,Yearly
3153,Kristin Ali,44,stephenmcdonald@example.com,"612 Daniels Haven Apt. 632, East Davidtown, WY 53996",Mobile,547,Premium,3 Month
3154,Cheryl Harris,31,racheljackson@example.org,"59500 Good Estate, North Leslie, NH 45634",Desktop,4649,Family,Yearly
3155,Andrew Rivas,21,michaelwilliams@example.org,"83637 Goodwin Trail Suite 191, New Patriciafort, VA 33810",Desktop,6787,Family,Yearly
3156,Lindsey Davis,47,zachary67@example.net,"3592 Johnson Grove, Vaughnbury, FL 61244",Desktop,1484,Premium,3 Month
3157,Daniel Perez,44,ritterteresa@example.org,"187 Williams Island, Port Ashley, ND 50516",Mobile,4784,Premium,3 Month
3158,Sarah Chandler DDS,44,vthornton@example.org,"6225 Evan Underpass Suite 012, Briantown, NM 16463",Desktop,8890,Free,Monthly
3159,Susan Massey,44,johnbryant@example.net,"PSC 9668, Box 3168, APO AA 51756",Desktop,8826,Free,Yearly
3160,Jon Anderson,44,plopez@example.org,"53424 Christopher Falls Apt. 863, Dixonhaven, ID 25250",Desktop,4211,Free,Monthly
3161,Michael Archer,44,aknight@example.com,"35539 Stein Drives, North Steven, AZ 75075",Desktop,3695,Premium,Yearly
3162,Christopher Williams,44,lshaffer@example.com,"823 Pamela Shoal Suite 186, Meganberg, IL 26214",Tablet,5924,Family,Monthly
3163,Thomas Taylor,37,robertscrystal@example.org,"6139 Zachary Centers Apt. 887, Kochfurt, OR 83168",Desktop,5577,Family,Yearly
3164,Ashley Nelson,52,donald26@example.org,"32429 Deborah Lodge Apt. 999, Torresmouth, TN 11375",Tablet,2000,Premium,Yearly
3165,Matthew Hernandez,52,clintonbryant@example.net,"5649 Jason Flat Suite 679, Smithfort, MN 14771",Desktop,906,Premium,3 Month
3166,Katrina Smith,36,codygentry@example.com,"334 Brendan Oval Apt. 278, Danielport, LA 56262",Tablet,9750,Family,3 Month
3167,Deanna Cardenas,23,jamiesmith@example.net,"40256 Reyes Place, Mooreburgh, VT 34659",Tablet,8842,Free,3 Month
3168,Ann Young,68,ricardoferguson@example.net,"5849 Steven Circle Apt. 516, Wongland, MN 62010",Mobile,1746,Family,Yearly
3169,Sara Wilson,20,lucasjulie@example.com,"PSC 9509, Box 2789, APO AE 73724",Mobile,2176,Premium,Monthly
3170,Brianna Oneill,24,martinezchristopher@example.org,"6424 Amy Place, East Bradleytown, MH 58901",Mobile,1582,Premium,3 Month
3171,Mallory Adams,33,rogersdavid@example.net,"5701 Dean Route, Williamborough, NH 36273",Desktop,6086,Premium,3 Month
3172,Zachary Malone,33,perkinsmichelle@example.org,"249 Ryan Squares Apt. 567, Port Jose, RI 02700",Desktop,6581,Family,Monthly
3173,Melissa Davis,44,scott74@example.org,"594 Oconnell Loop, South Tom, ND 47787",Mobile,6328,Premium,3 Month
3174,Maureen Dickson,44,mjohnson@example.com,"49172 Martin Tunnel Suite 906, Mcknightfort, KY 79883",Tablet,2818,Premium,3 Month
3175,Shelley Joseph,20,bookercrystal@example.org,"3469 Huynh Ridge, New Julieshire, UT 30928",Desktop,899,Free,Monthly
3176,Thomas Walsh,44,hensonjennifer@example.net,"662 Rachel Estate, South Barbara, HI 44504",Tablet,8285,Family,Yearly
3177,Gary Burke,51,morganjustin@example.org,"4981 Burton Street Apt. 090, South Nicholasshire, IN 91241",Mobile,1727,Free,Monthly
3178,James Norton,59,jordanjoy@example.org,"USCGC Diaz, FPO AP 08711",Desktop,2294,Free,Monthly
3179,Laura Kaiser,18,zbooth@example.org,"56928 Burns Prairie Suite 202, Port Thomasberg, GU 06699",Desktop,4674,Premium,3 Month
3180,Katherine Mueller,69,sjames@example.com,"5464 Christy Ville Suite 405, Shepherdport, MH 75564",Mobile,9667,Family,Monthly
3181,James Williams,44,tdalton@example.com,"PSC 2376, Box 7452, APO AP 31500",Mobile,3151,Free,Yearly
3182,Kayla Simpson,44,brian55@example.org,"4255 Kayla Point, Port Staceyland, GU 68449",Desktop,3479,Free,3 Month
3183,Julian Watts,44,wfrey@example.com,"6073 Mcknight Street, Williamsview, MN 72806",Desktop,8522,Free,3 Month
3184,Grace Hill,32,thomas35@example.net,"38409 Scott Union Suite 150, Holmesbury, NY 88439",Mobile,1094,Free,Yearly
3185,Jennifer Waters,44,latasha08@example.net,"3116 Dana Valley, West Elizabethland, HI 61900",Mobile,9622,Family,Monthly
3186,Sandra Rice,44,erobinson@example.com,"569 Antonio Trace Apt. 669, South Jeffborough, ID 76928",Desktop,5498,Premium,3 Month
3187,Bruce George,33,oblake@example.org,"00260 Soto Lane, Watersside, PA 17860",Mobile,4608,Premium,3 Month
3188,Brandon Lynch,44,gmelendez@example.org,"336 Avila Island, Jonesstad, RI 89127",Mobile,4518,Premium,Monthly
3189,Timothy Bauer,68,deborahsanders@example.org,"8163 Moore Falls, Christineburgh, NE 37126",Mobile,9953,Premium,Monthly
3190,Connor Smith,26,veronica04@example.net,"0247 Christian Overpass Suite 212, Port Scott, WI 34821",Tablet,3012,Family,3 Month
3191,Michael Roach,25,qgallagher@example.net,"7517 Matthew Centers Suite 708, Andrewbury, MS 34753",Mobile,4231,Free,Monthly
3192,Marcus Cortez,47,kwoods@example.com,"94041 Jason Trail Suite 047, Lake Bonnieport, AK 05674",Desktop,1997,Free,Yearly
3193,Autumn Miller,44,ysandoval@example.com,"97119 King Ports, South Kathleen, RI 19576",Tablet,1736,Premium,Yearly
3194,Tammy Salas,67,scott07@example.org,"80003 Brown Crossing Apt. 541, New Michael, WY 52297",Desktop,7326,Free,Yearly
3195,Amanda Sparks,44,nicholasking@example.net,"5809 Pratt Trace, Williamston, IN 59958",Mobile,7401,Premium,Yearly
3196,Damon Fox,35,agarza@example.org,"160 Carr Summit, Lake Jennifertown, MH 97026",Desktop,5261,Premium,3 Month
3197,Chad Hamilton,44,stewartkimberly@example.net,"9337 Phillip Gateway, New Howardmouth, LA 08800",Desktop,3891,Family,Yearly
3198,Kristie Lee,44,ramosdouglas@example.com,"8983 Patricia Port, East Jasonview, CO 86063",Desktop,714,Family,Yearly
3199,Sydney Boyer,31,tamara05@example.com,"7337 Parker River, Wallaceberg, OK 57981",Tablet,482,Premium,Yearly
3200,Michele Harper,31,ryan36@example.net,"94850 Harrison Plains Suite 020, Georgechester, MA 61218",Desktop,7896,Free,Yearly
3201,Nicholas Howell,55,travis66@example.org,"6551 Harris Cape Suite 940, East Maryside, IN 05420",Mobile,710,Premium,Monthly
3202,Karen Kim,44,rebecca57@example.com,"495 Phillips Terrace Apt. 196, South Mark, MO 33983",Desktop,1925,Free,Yearly
3203,Jacqueline Webster,44,cookmeghan@example.com,"118 Nielsen Pike Apt. 991, South Mariahaven, PW 57652",Mobile,2660,Free,3 Month
3204,Jesse Salazar,18,hooperwilliam@example.com,"255 Warren Station, Port Jeremiahside, TN 19335",Tablet,7596,Free,3 Month
3205,Joseph Wilkerson,44,georgepacheco@example.com,"0423 Cole Port Suite 554, Lake Stephanie, NV 32857",Desktop,825,Family,Yearly
3206,Jessica Phillips,47,mjones@example.org,"9085 Cruz Pine, New Daniel, CA 35624",Desktop,5011,Family,3 Month
3207,Gregory Ramirez,44,jenniferthomas@example.com,"43232 Garza Coves Apt. 740, Lake Heather, MH 42237",Desktop,5497,Premium,3 Month
3208,John Shaffer,44,smallalec@example.net,"3079 Maureen Spur Suite 646, Changport, FM 42221",Desktop,6716,Free,Yearly
3209,Lisa Schneider,44,holtzachary@example.org,"5433 Erika Way Suite 005, North Karen, MS 57629",Tablet,9835,Free,3 Month
3210,Timothy Alvarez,44,davidcummings@example.org,"493 Christopher Roads, Eileenton, MD 33721",Mobile,876,Premium,Yearly
3211,Lori Quinn,44,meghan96@example.com,"063 Jesse Parks, New Erinshire, MI 34813",Mobile,7385,Premium,Monthly
3212,Jennifer Herman,66,fuentesbrandon@example.com,"446 Jill Inlet Suite 557, West Jacqueline, NM 05964",Desktop,2033,Free,Monthly
3213,Meagan Garcia,44,vaughndavid@example.org,"9931 Gilmore Square Apt. 876, Mannshire, IN 32007",Mobile,9002,Premium,Yearly
3214,Michael Hood,44,christopher36@example.net,"82571 Peters Pass Suite 419, North Jasmine, NY 96165",Mobile,4890,Free,3 Month
3215,Ashley Singleton,25,kimberly85@example.net,"417 Joshua Islands Apt. 535, Christophermouth, FM 71803",Tablet,3119,Premium,3 Month
3216,Marcus Olson,44,meyersusan@example.org,"5485 Mary Ports Apt. 154, New Glennton, OH 12274",Desktop,5968,Premium,Yearly
3217,Robert Lutz,44,uchapman@example.net,"20699 Clark Plains Suite 741, Gilbertland, CT 50683",Desktop,273,Premium,3 Month
3218,David Pacheco,44,danieljohnson@example.org,"9899 Kristin Ville Apt. 210, New Ryan, AZ 81380",Desktop,9441,Free,Yearly
3219,Trevor Cox,18,vwilliams@example.org,"918 Marquez Knoll, Port Carly, ID 41171",Desktop,562,Family,Yearly
3220,Heidi Rodriguez,19,davisbenjamin@example.org,"70929 Lutz Motorway Apt. 891, Lindaburgh, TN 13178",Mobile,7337,Family,3 Month
3221,Todd Miller,65,qcastro@example.net,"0269 Donna Landing Suite 741, Matthewburgh, VI 03390",Mobile,6217,Premium,Monthly
3222,Randall Frederick,44,lindabailey@example.net,"9350 Michael Crossroad, Sethhaven, CT 34457",Mobile,9710,Free,Yearly
3223,Rhonda Powers,41,christopher21@example.org,"PSC 2962, Box 9153, APO AP 71163",Desktop,4122,Premium,Yearly
3224,Alicia Ross,44,stephanielopez@example.org,"793 Lauren Port Suite 601, Jessechester, UT 34547",Desktop,765,Premium,Monthly
3225,Brenda Kelly,68,stephanie68@example.net,"USS Ryan, FPO AE 07074",Desktop,8648,Premium,3 Month
3226,Julia Thompson,51,meyersbryan@example.com,"USS Ross, FPO AE 87867",Tablet,7963,Family,3 Month
3227,Daniel Burch,69,sullivantiffany@example.com,"50400 Garcia Vista Apt. 941, Crawfordberg, WI 43867",Desktop,7007,Premium,Yearly
3228,Kristy Hamilton,44,jeremy34@example.com,"PSC 7987, Box 4438, APO AP 42794",Tablet,690,Family,Yearly
3229,Melanie Green,38,wilsontheresa@example.net,"3423 Richard Stravenue, New Anthonyshire, MO 12105",Mobile,6408,Free,Yearly
3230,Theresa Massey,44,owensveronica@example.net,"914 Hawkins Island, Lake Donaldville, DC 23289",Desktop,8729,Premium,Monthly
3231,Christine Schwartz,25,idowns@example.org,"USNS Ramsey, FPO AE 94677",Desktop,3137,Family,Monthly
3232,Jessica Evans,37,keithnicole@example.org,"60389 Bradley Groves, Kevinchester, IN 21053",Mobile,4129,Premium,Monthly
3233,Albert Davis,25,sarah72@example.org,"Unit 6038 Box 0629, DPO AE 38930",Desktop,3174,Premium,3 Month
3234,Catherine Castillo,23,victoria42@example.com,"4200 Amanda Rapids Apt. 533, West Hayley, MD 70466",Desktop,4803,Free,3 Month
3235,Nicole Faulkner,44,michael75@example.com,"7344 Walsh Tunnel, New Lisaport, MN 74633",Mobile,9720,Family,Yearly
3236,Robert Davis,44,cheath@example.net,"54093 White Ports, Transide, GU 79247",Tablet,1810,Premium,Yearly
3237,Timothy Mccoy,62,zellis@example.org,"769 Campbell Expressway Apt. 329, Lake Tyler, KS 99405",Desktop,8991,Premium,3 Month
3238,Jeffrey Johnson,32,tthompson@example.net,"1077 Jackie Estate Suite 205, West Mary, TN 29570",Desktop,8202,Family,3 Month
3239,Scott Thomas,18,walter95@example.net,"767 Kathleen Estate Suite 282, South Markhaven, VA 66463",Tablet,5614,Family,Yearly
3240,Amy Cordova,44,teresa25@example.com,"79535 Garcia Walk Suite 634, Williamport, DE 53153",Tablet,797,Free,Monthly
3241,Erin Pena,64,alexandersampson@example.net,"74416 Jacob Gateway, Port Jacqueline, WA 22721",Mobile,2223,Family,Yearly
3242,Michael Adams,67,tamaraweeks@example.com,"37910 Scott Wells Suite 524, New Michaelland, TX 95871",Desktop,5207,Family,Yearly
3243,Robert Webster,44,qedwards@example.org,"PSC 2144, Box 7857, APO AP 19004",Desktop,5603,Premium,3 Month
3244,Eric Cook,44,jonesandrew@example.net,"242 Harper Pines Suite 718, Joanton, PA 15916",Mobile,2161,Free,Monthly
3245,John Chan,44,deborah31@example.com,"110 Michael Summit Apt. 442, Lake Kentland, CA 76014",Tablet,3708,Premium,Monthly
3246,Kim Ortega,44,heather43@example.net,"52076 Matthew Cove, Tiffanyfort, AL 75808",Desktop,8791,Premium,Monthly
3247,Brianna Stevens,44,sara94@example.com,"9563 Michaela Flats, South Christopherview, OR 59079",Desktop,3841,Premium,3 Month
3248,Jerry Adams,33,steven63@example.net,"PSC 7662, Box 0267, APO AE 53323",Mobile,1218,Family,Yearly
3249,Brittany Sellers,44,cookheather@example.com,"888 Foster Lodge Apt. 250, West Jeffery, MS 86384",Mobile,114,Premium,3 Month
3250,Claudia Ortiz,44,rachel09@example.net,"146 Young Corner, South Aaronchester, DE 34787",Desktop,8381,Free,Monthly
3251,Michael Oliver MD,44,christopherelliott@example.net,"15994 Vasquez Loop Apt. 145, North Paulland, AR 31447",Mobile,7366,Family,Yearly
3252,Craig Hoffman,21,kaylapalmer@example.net,"127 David Valley Suite 354, East Brandon, NE 27574",Mobile,3634,Family,3 Month
3253,Kelly Harrell,44,ryansutton@example.org,"Unit 3417 Box 5158, DPO AE 09998",Mobile,9045,Family,3 Month
3254,Joseph Hampton,27,kelly81@example.org,"830 Thomas Stravenue, Lake Michaelstad, CO 27036",Desktop,9210,Premium,Monthly
3255,Caitlin Lopez,67,petersenjames@example.org,"4534 Salazar Lodge Suite 382, North Mariah, ME 90611",Mobile,792,Premium,Monthly
3256,Jennifer Lucas,44,hawkinsmicheal@example.com,"168 Kennedy Inlet Suite 900, Hernandezmouth, IN 33887",Mobile,9630,Premium,3 Month
3257,Anthony Perkins,47,lmedina@example.net,"048 Jessica Alley Apt. 771, New Adrianshire, WY 55505",Mobile,9202,Free,Monthly
3258,Karen Parsons,41,sharon81@example.com,"4551 Jones Ville, Chantown, AZ 10537",Mobile,7616,Premium,Monthly
3259,Daniel Deleon,40,dunnstephanie@example.org,"15638 Campbell Islands Suite 307, West Lindsey, RI 39134",Mobile,174,Premium,Monthly
3260,Tony Sanchez,44,spacheco@example.com,"6921 Weber Trafficway, Port Diana, SC 42389",Tablet,2948,Family,Monthly
3261,Amanda Murphy,44,brownconnor@example.org,"75434 Kelley Union, Michaelbury, TN 40513",Mobile,7505,Premium,Monthly
3262,Kristen Jones,20,harrisalexander@example.net,"995 Mosley Avenue, Johnstonborough, MT 88071",Desktop,2567,Family,Monthly
3263,Alicia Ramirez,55,yatesteresa@example.org,"7567 Wright Tunnel Suite 017, Benjaminborough, AZ 43081",Mobile,5751,Free,Yearly
3264,Christina Thompson,65,farleysusan@example.net,"91527 Velazquez Drives, Morganton, CO 73838",Mobile,6229,Premium,3 Month
3265,Samantha Frost,51,scott54@example.org,"PSC 2772, Box 9556, APO AP 77687",Tablet,4797,Premium,Monthly
3266,Patricia Cannon,43,briana48@example.net,"027 Johnson Creek, Jonathanmouth, GU 86863",Mobile,1634,Premium,3 Month
3267,Elizabeth Cox,70,jason84@example.com,"9859 Espinoza Loop Suite 819, Gonzalezborough, OH 14491",Desktop,9242,Premium,Monthly
3268,Alison Parker,18,joan72@example.net,"493 Harding Place Suite 109, West Amy, NJ 55075",Desktop,5498,Family,Yearly
3269,Christopher Russell,30,wardbrian@example.org,"649 Richard Underpass Apt. 864, Kelseyfort, SD 62489",Desktop,8235,Family,Yearly
3270,Kylie Levy,54,meganmurphy@example.org,"Unit 7684 Box 3456, DPO AA 42210",Desktop,5741,Premium,3 Month
3271,Nancy Green,44,lfritz@example.org,"0112 Farrell Corner Apt. 380, Maloneport, NH 73450",Mobile,9226,Family,Yearly
3272,Misty Henry,44,jamesrussell@example.org,"009 Romero Crossroad, East Alicia, AL 94085",Desktop,9377,Premium,Monthly
3273,Clinton Ruiz,57,paularodriguez@example.net,"0253 Holly Passage, South David, FM 03292",Tablet,8891,Premium,Yearly
3274,Scott Elliott,44,lucaskim@example.com,"87802 Krystal Forks, Lake Kelly, MD 59916",Desktop,3340,Premium,3 Month
3275,Paul Lang,44,wrightsherri@example.org,"1805 Johnathan Road Apt. 619, Loriberg, LA 42290",Tablet,4973,Premium,Monthly
3276,James Flynn,44,johnnywatson@example.net,"19530 Robert Inlet Suite 769, Christinaview, AL 73270",Desktop,1881,Family,3 Month
3277,Gary Davis,69,ywright@example.net,"67378 Nicholas Square Apt. 363, Lake Stephenview, ID 33787",Mobile,3882,Premium,Monthly
3278,Ashley Taylor,44,andres61@example.net,"825 Miller Mountains, Lake Susan, WI 13348",Mobile,5184,Premium,Monthly
3279,James Kline,38,ramosbrian@example.net,"8028 Davis Keys, New Tannermouth, IA 67061",Tablet,1879,Free,3 Month
3280,Cindy Gibson,32,hortonfrederick@example.net,"6382 Kristin Walks, Port Jessicaside, NC 10653",Mobile,3091,Free,Monthly
3281,Janice Jones,67,tyler38@example.net,"38554 Wayne Estate Suite 162, Nelsonfort, CT 18473",Desktop,594,Free,Yearly
3282,Selena Peterson,39,elizabeth94@example.net,"17872 Gail Centers Suite 638, New Sarah, RI 72981",Mobile,9240,Family,Monthly
3283,Jessica Rivera,44,lisa76@example.net,"0452 Jamie Crossroad Suite 423, Ericstad, CT 35465",Desktop,8698,Free,Yearly
3284,Shelley Schwartz,44,gchapman@example.org,"85122 Bentley Fork Apt. 023, Port Lisachester, ID 03320",Tablet,3062,Premium,3 Month
3285,Brett Morrison,44,patrick85@example.net,"835 Prince Square, South Scott, AK 73148",Desktop,7740,Free,Monthly
3286,Joshua Fuentes,44,Not Provided,"013 Harmon Roads Apt. 523, Lake Ryan, RI 93295",Tablet,7802,Family,Monthly
3287,Kirsten Mcfarland,57,kellymatthew@example.org,"33623 Burnett Plaza, North Kristen, MP 97965",Desktop,7671,Free,Yearly
3288,Debra Price,44,colleen21@example.org,"394 Michael Center, Lake Brendashire, MA 71633",Mobile,7416,Family,Yearly
3289,Amy Hernandez,44,leemichelle@example.com,"2598 Vincent Mount Suite 199, Bradleyfurt, NJ 30617",Desktop,4173,Premium,Monthly
3290,Richard Peterson,44,jsmith@example.com,"Unit 7965 Box 0575, DPO AE 86040",Mobile,9349,Premium,Yearly
3291,Samantha Wolf,44,shawnperry@example.net,"102 Anita Parkways, North Michaelburgh, NV 20324",Desktop,2158,Family,Yearly
3292,Roger Davenport,36,michaelgilbert@example.org,"68664 Williams Track, Lake Michael, OR 35028",Mobile,5071,Free,3 Month
3293,Gregory Thomas DDS,45,pstewart@example.org,"67161 White Creek Apt. 611, New Adam, FM 79562",Desktop,227,Premium,3 Month
3294,Marissa Cox,58,fnelson@example.org,"34699 Johnson Dale, Sharonburgh, KY 93978",Tablet,3356,Free,Monthly
3295,Wyatt Mills,44,carolynalvarado@example.com,"3540 Jessica Rapid, Brandyview, NM 38279",Mobile,5123,Free,Yearly
3296,Garrett Wong,48,johnpatterson@example.net,"3335 Zachary Plaza, New Coryview, MD 96009",Desktop,5167,Premium,Yearly
3297,Darren Matthews,40,hopkinssergio@example.com,"06560 Bentley Valleys, Gonzalezchester, ND 18710",Desktop,8905,Family,3 Month
3298,Daniel Herrera MD,44,mbrown@example.com,"6991 Perez Isle Apt. 015, Maxwellport, ND 41708",Tablet,3514,Family,Monthly
3299,Jennifer Kelley,68,ehester@example.com,"137 Miles Stream, Reedview, AR 02906",Desktop,9882,Premium,Monthly
3300,Deborah Johnson,68,samanthakerr@example.org,"8961 Barbara Crossroad Suite 993, Munozhaven, FM 19180",Desktop,3931,Family,3 Month
3301,Shawn Hudson,44,sgilbert@example.net,"85906 Herman Rapid Suite 956, New Marissamouth, MH 58040",Desktop,5447,Premium,3 Month
3302,Tina Padilla,44,nicole75@example.net,"7204 Anderson Points Apt. 680, East Rebeccaville, DC 60962",Tablet,5991,Premium,Monthly
3303,Nathaniel Powell,67,warrenandrew@example.net,"399 Wallace Cliff Apt. 481, Port Leslie, ID 78413",Mobile,6796,Family,Yearly
3304,Joshua Fernandez,58,joseph92@example.org,"28879 Miller Glen Suite 003, East John, MP 41959",Desktop,1904,Premium,Yearly
3305,Michael Barry,44,joshua20@example.org,"31631 Pittman Mountain Suite 692, New Robertoport, AZ 15651",Mobile,809,Family,3 Month
3306,Sean Edwards,69,amykelley@example.com,"7138 Brian Crescent Suite 554, Michaelland, WI 14381",Desktop,457,Family,3 Month
3307,Elizabeth Davis,44,ecompton@example.net,"6418 April Trail Apt. 271, New Jessica, MD 52647",Desktop,9652,Family,Monthly
3308,Casey Bell,23,davidpayne@example.com,"96162 Barry Forges, East Jillberg, VT 67399",Mobile,3084,Premium,3 Month
3309,Donald Roberts,44,scottmendez@example.org,"5786 Horton Garden, Mejiatown, PR 25884",Tablet,1771,Family,3 Month
3310,Ralph Gamble,44,patrickatkins@example.org,"55239 Stephens Mountain, Powellview, WI 63624",Desktop,7071,Family,3 Month
3311,Erin Martin,44,jamesflores@example.net,"191 Heather Estates Apt. 480, East Michaelmouth, TN 56490",Mobile,1030,Free,3 Month
3312,Jimmy Gaines,44,bfischer@example.com,"658 Copeland Spring, Watersport, NE 07719",Tablet,9936,Premium,Yearly
3313,Melissa Cox,44,bellstephen@example.net,"350 Dalton Skyway, Evelynburgh, NJ 66241",Desktop,5527,Premium,Monthly
3314,Tony Weaver,21,qramsey@example.net,"6486 Russell Station Suite 064, Lopezfort, CO 55531",Mobile,276,Premium,3 Month
3315,Rachel Young,44,lmeadows@example.com,"Unit 8537 Box 2779, DPO AA 06418",Mobile,8936,Premium,3 Month
3316,Bruce Brown,44,jeffrey95@example.org,"45388 Benjamin Valley Suite 235, North Jacobhaven, KS 83196",Mobile,6099,Premium,3 Month
3317,Karen Johnson,52,matthewthompson@example.org,"8612 Gonzalez Dam Suite 095, Hernandezborough, TN 37838",Desktop,7443,Family,Monthly
3318,Paige Cardenas,65,william56@example.net,"87066 Gamble Creek Apt. 344, Lake Kathleen, PW 09261",Mobile,4035,Premium,Yearly
3319,Michael Bauer,44,emilyjacobson@example.org,"5568 Johnson Circles, Taylorfort, LA 29787",Desktop,625,Premium,Yearly
3320,Heidi Williams,44,woodkim@example.net,"944 Gabrielle Prairie, Tinaborough, IL 85023",Desktop,3780,Family,Monthly
3321,Jason Lara,20,brandon62@example.net,"982 Matthew Greens, Port Alyssaside, CO 20865",Tablet,7771,Premium,Yearly
3322,Michelle Diaz,32,masoncrystal@example.net,"USNV Newton, FPO AA 47725",Mobile,351,Family,Monthly
3323,Joshua Valdez,44,gravesanthony@example.org,"728 Kenneth Squares Suite 618, Timothyside, NH 07803",Desktop,8150,Premium,Yearly
3324,Robert Clark,50,tyler24@example.net,"390 Marsh Port Suite 132, Sharonburgh, AK 03550",Desktop,6118,Family,3 Month
3325,Jeffrey Hill,44,rsharp@example.com,"417 Kevin Groves, West Brandonchester, SD 44314",Desktop,7465,Free,Monthly
3326,James Chavez,44,asimmons@example.org,"2443 Mclean Village Suite 793, North Kristenside, UT 52097",Mobile,9204,Premium,Yearly
3327,Paul Sawyer,69,kimberlyedwards@example.com,"PSC 3055, Box 3553, APO AE 61491",Desktop,934,Family,Monthly
3328,Regina Fields,34,smithhannah@example.net,"4254 Jonathan Club Apt. 996, Kristenland, AL 59685",Mobile,550,Premium,Yearly
3329,Jonathan Tran,29,ystone@example.org,"486 Lawrence Drive, Allenmouth, TX 21390",Desktop,8424,Premium,Yearly
3330,Laura Martinez,20,cobbrachel@example.org,"4626 Ryan Bypass Suite 139, Vanessahaven, VA 71381",Desktop,7731,Premium,3 Month
3331,Joseph Lopez,44,jeanneboyle@example.net,"5242 Clark Junctions, Richardland, NV 93261",Desktop,8002,Premium,3 Month
3332,George Rodriguez,22,athompson@example.org,"29083 Flores Throughway, Hurstton, WA 43111",Tablet,5919,Free,3 Month
3333,Tyler White,19,samuel39@example.net,"08940 Rogers Ridges Apt. 859, Wallacefort, UT 58502",Tablet,6085,Family,Yearly
3334,Kimberly Montoya,18,christopher60@example.net,"601 Dickson Ports, Lewismouth, MS 04330",Mobile,4123,Free,Monthly
3335,Rachel Green,65,maldonadoperry@example.com,"PSC 4618, Box 0443, APO AE 90678",Mobile,1675,Free,3 Month
3336,Tammy Smith,36,keith28@example.com,"23322 Thomas Plains Suite 515, Lake Ashleyborough, CA 15605",Desktop,7599,Free,Monthly
3337,Joseph Johnston,38,jermainesanchez@example.net,"229 Garcia Villages Suite 806, East Brittanyshire, MI 60437",Desktop,4041,Family,Yearly
3338,Wesley Tucker,64,adamrobinson@example.net,"25392 Mitchell Highway, Pattersonville, NV 64193",Desktop,2448,Premium,Yearly
3339,Christopher Lopez,56,sandra07@example.net,"266 Christopher Tunnel Apt. 459, South Cassandrafurt, WV 04931",Desktop,585,Family,Monthly
3340,Pedro Gutierrez,23,dvang@example.com,"52922 Alisha Pass Suite 597, Elizabethtown, NE 95794",Mobile,4326,Premium,3 Month
3341,Gregory Travis,44,ycurtis@example.com,"7844 Jason Crossroad, Melissaberg, OR 53937",Mobile,2751,Premium,Monthly
3342,Elizabeth Hooper,62,karen39@example.com,"607 Jay Street, Markborough, PR 68803",Mobile,9193,Free,Yearly
3343,Tracy Castaneda,24,diamondhorton@example.com,"5062 Robinson Mount, Lewisview, IA 59134",Mobile,520,Family,3 Month
3344,Toni Molina,44,michael28@example.net,"Unit 7609 Box 7334, DPO AP 70879",Tablet,8428,Free,Yearly
3345,Jessica Cole,44,edward35@example.net,"20779 Jennifer Road Suite 002, Benjaminport, AZ 74209",Desktop,6075,Family,Yearly
3346,Tamara Curry,49,elainerobertson@example.net,"16478 Donaldson Harbor Suite 614, East Calebborough, MH 75697",Tablet,6011,Family,Yearly
3347,Jackson Brown,35,brian06@example.com,"835 Stephen Divide, Port Thomas, NC 65848",Desktop,8890,Family,Yearly
3348,Carmen George,44,wooddeborah@example.org,"1099 Rivera Views, Johnfurt, DE 58207",Mobile,924,Premium,Yearly
3349,Paul Jackson,47,woodsellen@example.net,"93597 Sanchez Walk Apt. 345, Lake John, IA 11903",Mobile,7473,Premium,Monthly
3350,Vickie Wright,44,qmurphy@example.com,"60993 Cummings Stravenue Suite 428, West Connortown, SC 23814",Mobile,1643,Premium,Monthly
3351,Evan Short,40,russell32@example.net,"1206 Ethan Terrace, Lake Kenneth, MO 03509",Desktop,5502,Premium,Yearly
3352,Steven Vasquez,44,vochoa@example.net,"7740 Stephen Place Suite 754, Navarrostad, PR 99366",Tablet,8111,Family,Yearly
3353,Christian Hill,44,catherine46@example.com,"USS Gonzalez, FPO AP 77843",Mobile,5556,Free,Yearly
3354,Crystal Ochoa,26,haleytaylor@example.org,"8289 Martin Flat Apt. 109, East Bianca, VI 15090",Desktop,5558,Free,Yearly
3355,Nichole Flores,60,hermansusan@example.com,"122 Jane Village, Morenoview, IN 79660",Tablet,898,Premium,3 Month
3356,Nicholas Reynolds,44,steinkatherine@example.net,"Unit 8114 Box 1969, DPO AE 08956",Tablet,7778,Premium,Monthly
3357,Linda Mclean,44,teresaporter@example.org,"85493 Dudley Spring, Lisaland, CA 76453",Mobile,7063,Free,Monthly
3358,Anthony Thomas,45,jenniferreid@example.net,"906 Devon Ridges Apt. 121, Lake Dianeview, WI 24942",Mobile,5779,Premium,Yearly
3359,Mark Mckenzie,64,kevin60@example.com,"987 Jonathan Cliffs, New Jennifermouth, MI 21201",Desktop,7426,Free,Yearly
3360,Dustin Ramos,44,hilldorothy@example.com,"90850 Patel Orchard Suite 579, Port Michaelland, ID 67356",Desktop,8153,Free,Yearly
3361,Melissa Padilla,34,samantha54@example.net,"4726 Katherine Lake, South Josestad, HI 99067",Desktop,3960,Premium,Monthly
3362,Megan Mckinney,44,daniellehenry@example.net,"696 Nichole Locks, Villegasview, AZ 15113",Mobile,599,Premium,Yearly
3363,Diane Ramos,55,vshannon@example.net,"25345 Mitchell Ridges, South Toniland, NC 84186",Tablet,7143,Premium,Monthly
3364,Jennifer Roth,44,brownjuan@example.net,"848 Weaver Track Apt. 664, Debramouth, ME 53082",Mobile,2138,Premium,3 Month
3365,Mia Moreno,44,jessicahughes@example.org,"67834 Rachel Plains, Harpertown, LA 13353",Mobile,8769,Family,Monthly
3366,Carrie Jackson,44,victorialong@example.com,"1187 Charles Junction Apt. 581, West Willie, CA 86471",Desktop,2008,Premium,Yearly
3367,Kyle Franco,44,angelacooper@example.net,"235 Freeman Island, Jessicastad, KY 68261",Desktop,2235,Free,3 Month
3368,Kelly Curtis,44,sallen@example.com,"229 Sullivan Roads, South Harry, AL 85352",Desktop,7449,Premium,Monthly
3369,Ariel Pierce,44,parkerkristen@example.org,"71226 Wise Plaza Apt. 118, New Robert, LA 16973",Mobile,3828,Premium,Monthly
3370,Christina Brown,44,catherine53@example.org,"3790 Kelley Ways Suite 322, Davisshire, AS 86742",Mobile,3524,Family,Monthly
3371,Mason Martinez,44,doughertyjeremy@example.com,"Unit 3449 Box 2268, DPO AP 39998",Tablet,5691,Premium,Monthly
3372,Joseph Melton,19,abarry@example.org,"090 Edwards Trace, New Daniel, WY 47497",Tablet,3682,Free,3 Month
3373,Todd Leon,64,alexander35@example.net,"9932 Stewart Junctions, Amybury, DC 65337",Desktop,8716,Family,3 Month
3374,Jeffrey Arnold,39,melissa66@example.net,"909 Cole Inlet Suite 092, Jacksonchester, DC 97733",Tablet,1029,Premium,Monthly
3375,Lauren Mitchell,63,joan03@example.org,"0002 Audrey Fall, New Nathanbury, WA 03034",Mobile,1131,Premium,Monthly
3376,Angela White,26,coxerica@example.org,"08776 Sandra Plaza, Hollyshire, WY 18773",Desktop,6775,Family,3 Month
3377,Rachael Graham MD,44,arnoldangela@example.net,"707 Jeremy Viaduct Suite 368, Burkefort, WI 41630",Mobile,1893,Premium,3 Month
3378,Daniel Cannon,44,tiffanybarrett@example.com,"7884 Bennett Spring Suite 416, New Sharon, MI 71879",Desktop,4796,Premium,3 Month
3379,Charles Hawkins,66,charlessoto@example.net,"69329 James Estate, Cortezport, VI 90807",Desktop,2368,Family,Monthly
3380,John Barnes,32,seansmith@example.net,"1625 Patrick Dam Apt. 176, Susanside, AS 96541",Mobile,9936,Premium,3 Month
3381,William Cox,44,johnmckinney@example.net,"Unit 0485 Box 4464, DPO AE 75765",Mobile,6773,Family,Monthly
3382,Bernard Horne,43,princewilliam@example.org,"1128 Rebecca Passage Apt. 525, Hernandezshire, SD 17684",Desktop,8092,Free,3 Month
3383,Michael Harrison,38,parksjason@example.com,"Unit 9297 Box 2931, DPO AP 85854",Mobile,9367,Premium,Yearly
3384,Heather King,21,timrogers@example.org,"USS Wells, FPO AE 08212",Mobile,743,Premium,Yearly
3385,John Castro,44,rsanchez@example.net,"899 Lauren Walk, Russelltown, NC 55401",Desktop,1848,Premium,3 Month
3386,Anthony Pittman,44,michelle26@example.net,"86076 Kaufman Flat, West Veronica, CA 29302",Tablet,6528,Premium,Monthly
3387,Kelly Mills DDS,60,nealdylan@example.net,"41849 Timothy Roads, South Christopher, WV 35465",Mobile,8324,Premium,3 Month
3388,Larry Johnson,44,hfreeman@example.org,"8572 Olson Wells Suite 316, Bennettland, DE 84573",Mobile,2508,Family,3 Month
3389,Jennifer Costa,44,lopezmolly@example.org,"4631 Allison Ranch Suite 317, New Steven, DC 83432",Desktop,8240,Premium,3 Month
3390,Jennifer Murray,32,jrivers@example.org,"USNV Smith, FPO AE 46067",Desktop,3461,Premium,3 Month
3391,Kara Mendez,44,alvarezkyle@example.com,"77183 Carol Knoll Apt. 624, Hughesborough, MP 33881",Desktop,7709,Free,Yearly
3392,Michael Adams,44,christy06@example.net,"5383 Walker Mountain Apt. 219, South Crystal, VI 79921",Desktop,8876,Free,3 Month
3393,Brian Ortiz,44,jacksonkurt@example.org,"Unit 0308 Box 3350, DPO AE 48853",Tablet,7926,Premium,3 Month
3394,Kelsey Jones,44,katherine45@example.com,"PSC 2517, Box 3964, APO AE 78451",Desktop,4751,Premium,Yearly
3395,Douglas Roth,44,christopher38@example.net,"62908 Walls Meadow Suite 030, Mccarthymouth, PW 45304",Mobile,8847,Premium,Yearly
3396,Rachel Anderson,33,blankenshipmelissa@example.org,"08682 Graves Fields, South Wendy, AL 45409",Mobile,5932,Premium,3 Month
3397,Paul Mccormick,44,andrewreyes@example.net,"5492 Harrington Tunnel, Danielton, OR 57088",Desktop,9069,Free,Yearly
3398,Matthew Hensley,44,fmartinez@example.org,"816 Darren Expressway Apt. 351, Cristinaborough, WI 59582",Desktop,9359,Premium,Yearly
3399,Miss Carol Brown,24,angelaritter@example.net,"USCGC Baker, FPO AA 03339",Mobile,9285,Free,Monthly
3400,Richard Patel,46,laurieparker@example.net,"177 Denise Roads, Donaldton, TX 06381",Desktop,1769,Premium,3 Month
3401,Thomas Adams,52,jasonvargas@example.com,"518 Mccoy Shore Suite 550, West Ryan, FM 64917",Mobile,6634,Premium,3 Month
3402,Amanda Lewis,60,jmartin@example.org,"USS Walker, FPO AE 88614",Tablet,8908,Free,3 Month
3403,Felicia Clay,45,tdougherty@example.org,"459 Freeman Prairie, Rebeccaside, NM 46441",Desktop,5944,Premium,Monthly
3404,Diana Hansen,52,robertmccarthy@example.net,"4205 Parker Drive Apt. 155, Morenoshire, GA 67922",Desktop,4637,Family,Monthly
3405,Frank Martinez,44,briannahartman@example.net,"73721 Brown Plaza, North Cheryl, SC 82486",Desktop,3860,Family,Yearly
3406,Thomas Roberts,48,thomas81@example.org,"7840 Serrano Island, East Jessicafort, MO 42073",Desktop,9490,Premium,3 Month
3407,Wendy Leonard,44,michaelwright@example.com,"5217 Carolyn Divide, Duffytown, VT 58223",Mobile,7983,Family,Yearly
3408,Linda Alexander,44,anthony58@example.com,"8391 Holly Flats, Port Timothy, HI 59582",Tablet,9139,Free,Yearly
3409,Vanessa Carey,44,wsantos@example.net,"Unit 7991 Box 1378, DPO AP 00515",Desktop,3351,Premium,Monthly
3410,Brent Carroll,44,herringmisty@example.org,"USNS Clark, FPO AA 54030",Tablet,5809,Free,Yearly
3411,Natalie Mack,49,jpatton@example.net,"543 Elizabeth Coves Apt. 098, Lake Markton, AL 14789",Mobile,1570,Family,3 Month
3412,Jeremy Padilla,44,kari13@example.net,"22039 Ashley Crest, Adamsville, NM 95981",Mobile,3055,Family,3 Month
3413,Maria French,27,mullinseric@example.com,"268 Rojas Shores, East Mark, AZ 83028",Desktop,6784,Free,Monthly
3414,John Gonzalez,28,taylorpaul@example.net,"204 Barber Vista, Jacobhaven, OK 44779",Mobile,1315,Premium,3 Month
3415,Jeffrey Moore,23,ayalacharles@example.net,"01744 Donald Shoals, Burtonside, VT 82107",Mobile,9251,Free,3 Month
3416,Sara Wilson,44,john29@example.org,"35792 Romero Mountains, Jamesborough, OR 58782",Tablet,6797,Premium,Monthly
3417,Christopher Kerr,68,wheelerlauren@example.net,"80803 Sanders Spurs, Karenfort, OK 47873",Mobile,3579,Family,Yearly
3418,David Smith,30,hnewman@example.net,"4093 Michael Divide, Kingside, IN 40405",Mobile,6396,Free,Yearly
3419,Cody Hanson,44,turnersergio@example.com,"246 Sherry Place Apt. 053, Conwayberg, MN 92806",Mobile,5080,Premium,3 Month
3420,Meredith Baker,56,tracie69@example.net,"98095 Morgan Cliffs, North Chad, PW 31800",Desktop,9730,Premium,Yearly
3421,Amy Kerr,50,gmartinez@example.net,"8858 Bowers Green, Youngborough, AK 68433",Desktop,1886,Free,Yearly
3422,Paula Mclaughlin,42,chambersstacey@example.net,"9647 Johnson Route Suite 065, South Scott, CO 96309",Mobile,2451,Free,Yearly
3423,Jason Colon,29,christopher60@example.org,"85994 Alexis Camp Apt. 380, Nancyville, NC 44680",Mobile,6093,Premium,3 Month
3424,Jose Thomas,44,mooreamanda@example.org,"56488 Patrick Corner Suite 452, Port Tyroneshire, RI 41164",Mobile,1755,Premium,Monthly
3425,John Werner,44,ytaylor@example.net,"245 Gonzalez Light Apt. 825, Port Rachel, TX 29888",Mobile,2980,Premium,3 Month
3426,Laura Thomas,44,jfischer@example.net,"98233 William Courts, Kimberg, NM 12127",Mobile,9022,Premium,Monthly
3427,Alexis Fox,30,alvarezadam@example.com,"0404 Jennifer Park Suite 440, North Joshua, TN 52068",Mobile,8491,Premium,Monthly
3428,Kyle Norman,31,adamharris@example.com,"213 Brian Parkways, Michaelton, WA 23816",Desktop,9874,Free,3 Month
3429,Anthony Jackson,44,danielnguyen@example.org,"41551 Cameron Lane, Zacharyside, OR 60765",Mobile,168,Family,Yearly
3430,Jonathan Arnold,44,westnicole@example.com,"14061 Stanley Stream Suite 832, North Andrewside, IL 79511",Mobile,1963,Premium,3 Month
3431,Natalie Lopez,44,smithashlee@example.com,"00220 Elizabeth Ville Suite 878, Reyesberg, VA 78623",Tablet,149,Free,3 Month
3432,Samantha Barnes,44,rgreene@example.net,"285 Jennifer Villages Apt. 077, Port Christineton, MH 23826",Desktop,8190,Family,Monthly
3433,Holly Hansen,35,kelly20@example.net,"91899 Benitez Drives, West Matthewshire, RI 49756",Desktop,853,Free,Yearly
3434,William Jackson,44,laneheidi@example.org,"PSC 6064, Box 2224, APO AA 16161",Desktop,9114,Premium,Yearly
3435,Joe Peterson,44,james26@example.org,"7150 William Forge Apt. 268, Adamhaven, CT 07681",Mobile,4932,Premium,Yearly
3436,William Barnett,44,miranda22@example.net,"8399 Garrett Ramp Suite 479, New Jason, MN 68724",Tablet,5010,Premium,Yearly
3437,Wanda Patterson,62,srodriguez@example.org,"570 Delacruz Camp Apt. 864, Karenstad, IN 90749",Mobile,9293,Free,Yearly
3438,Andrea Summers,28,gregoryallen@example.net,"9072 Bradley Grove Suite 555, South Kyle, AL 59432",Mobile,3973,Premium,Monthly
3439,James Coleman,44,michaelsmith@example.com,"79610 Kevin Garden Apt. 211, Wigginsbury, WA 68926",Mobile,5709,Family,Yearly
3440,Karen Pena,64,mikeclark@example.net,"USS Young, FPO AP 90625",Mobile,4239,Family,3 Month
3441,Dylan Vang,65,bushdalton@example.com,"176 Lydia Street, Kathleenfurt, CT 44056",Mobile,1673,Premium,Yearly
3442,Patricia Wolfe,69,rodriguezmitchell@example.net,"87639 Devin Bypass Suite 396, Levinebury, MD 29975",Desktop,4394,Family,Monthly
3443,Thomas Reese,44,erika52@example.net,"6380 Paul Estate Apt. 553, Jefferyborough, NC 95571",Desktop,3834,Family,3 Month
3444,Michael Lewis,52,clinemaria@example.net,"843 Price Ports, West Christopher, AS 28040",Desktop,9890,Premium,Yearly
3445,Donald Martinez,70,heidihines@example.net,"875 Frank Port Suite 694, Joshuaborough, NC 08773",Desktop,4906,Premium,Monthly
3446,Justin Garcia,44,adrian26@example.com,"6521 Brenda Track, New Patrick, OK 94839",Mobile,1895,Family,3 Month
3447,Peter Aguilar,44,kimberlyjohnson@example.com,"931 Jeffrey Port Apt. 316, Ethanmouth, OH 76825",Tablet,3690,Free,3 Month
3448,Jeremy Mann,44,alexander49@example.net,"485 Bray Cliffs Apt. 713, Christopherville, TN 82786",Desktop,3426,Free,3 Month
3449,Taylor Martinez,65,stevensmichael@example.org,"841 Thomas Mills Apt. 508, Mendezshire, OR 25267",Desktop,6163,Premium,Monthly
3450,Theresa Mccall,44,kevinpotter@example.org,"Unit 4978 Box 4407, DPO AP 91211",Mobile,5856,Premium,Yearly
3451,Martha Wilson,44,mosslaura@example.net,"5805 Jackson Summit, Sheilaview, IL 71612",Mobile,3635,Premium,Yearly
3452,Susan Vazquez,44,briangardner@example.net,"90788 Sarah Walks, East Mirandaville, WI 69015",Desktop,8591,Family,Yearly
3453,Kimberly Austin,44,joannpeck@example.com,"043 Nelson Corners, Jamesside, DC 70097",Desktop,1936,Free,Yearly
3454,Scott Gallagher,43,gordonphillip@example.com,"USCGC Goodwin, FPO AA 09187",Tablet,6677,Free,Monthly
3455,William Brewer,70,gutierrezchristopher@example.org,"30848 James Haven Suite 946, South Peterberg, VT 95387",Mobile,8961,Family,Monthly
3456,Daniel Miller,44,petersjoshua@example.org,"PSC 5669, Box 4025, APO AA 25987",Mobile,1632,Family,Yearly
3457,Frank Thompson,44,santosdaniel@example.org,"600 Jennifer Glen Apt. 514, New Tanya, GU 93400",Desktop,7681,Free,Yearly
3458,Robert Allen,37,lbruce@example.net,"72366 Antonio Loop, Baileyhaven, DC 75255",Desktop,3515,Family,Yearly
3459,Lee Griffin,44,richardsonkaren@example.net,"58037 Alan Stravenue Suite 090, West Greg, SC 92245",Desktop,3148,Premium,3 Month
3460,Allison York,44,jhenry@example.org,"9199 Delacruz Bridge Apt. 866, Stevefort, ND 23231",Mobile,9110,Family,Yearly
3461,James Oneill,25,leonardalexander@example.net,"54407 Cruz Street, East Lisa, KY 78320",Desktop,2001,Free,Monthly
3462,Kyle Murphy,44,pmorgan@example.net,"64691 Richard Circle, West Tashaside, OR 13916",Desktop,102,Free,3 Month
3463,Nathan Welch,63,vcurtis@example.org,"89795 Jefferson Crossing, Moonchester, CA 48440",Mobile,9790,Premium,Yearly
3464,Matthew Griffin,44,megan00@example.org,"Unit 1508 Box 2514, DPO AP 63305",Desktop,5087,Premium,Yearly
3465,Christopher Berger,44,bcochran@example.org,"58448 Carroll Mission Suite 619, West Maryville, MH 88901",Mobile,1695,Premium,3 Month
3466,Mary Smith,38,brodriguez@example.org,"3604 Jennifer Rest Apt. 391, Robertsstad, NJ 55631",Desktop,713,Premium,3 Month
3467,Kristine Keller,66,blackmichael@example.com,"863 Aaron Manor Suite 574, Port Jamesfort, MD 09055",Tablet,7801,Free,Monthly
3468,Tabitha Thomas,44,dgutierrez@example.com,"21665 Peter Mission Apt. 234, Kramerview, IN 37167",Mobile,3098,Premium,3 Month
3469,Brian Rios,44,chernandez@example.net,"268 Morgan Curve, South Victoria, VI 64167",Desktop,5215,Family,Yearly
3470,John Baker,39,jameselliott@example.com,"3059 Chavez Greens, Catherinefort, OK 97619",Desktop,1587,Premium,Yearly
3471,Robert Cox,23,econway@example.org,"1492 Anderson Roads Suite 013, New Thomas, SD 31994",Desktop,9666,Free,Yearly
3472,Joshua Young,32,owright@example.org,"579 Jennifer Rue Suite 140, West Alisha, GU 14953",Desktop,2860,Family,Yearly
3473,Emily White,44,samanthaanderson@example.net,"293 Stone Pine, North Benjamin, PR 11443",Mobile,7730,Family,Monthly
3474,Paula Riley,24,zjones@example.net,"88293 Phillips Forest Apt. 545, New Larry, NH 07595",Desktop,7206,Free,Yearly
3475,Isabel Miller,43,terrencebennett@example.com,"537 Angela Turnpike, Samanthaburgh, VT 09509",Mobile,791,Premium,Monthly
3476,Jeffrey Thompson,44,andrew81@example.net,"57225 Martinez Cape, Crystalborough, WA 56781",Mobile,7975,Family,Monthly
3477,Beth Brown,44,lisa35@example.net,"09943 Christopher View Suite 078, Port Manuelland, DC 88964",Desktop,9704,Family,Yearly
3478,Daniel Bryant,44,phernandez@example.com,"23741 Kim Shoal, Port Joseph, AL 17805",Mobile,6413,Premium,Monthly
3479,Sean Becker,55,jennifer75@example.com,"2623 Robinson Throughway, Lewisbury, OH 03730",Mobile,7644,Premium,Yearly
3480,Donna Craig,41,craigwilliamson@example.net,"160 Patterson Pass Apt. 153, East Joseph, ID 13050",Mobile,6840,Premium,Yearly
3481,Paul Brown,37,jenniferwright@example.com,"PSC 6899, Box 6616, APO AP 39813",Mobile,2346,Free,3 Month
3482,Mark Hernandez,44,laurielowe@example.com,"7741 Tucker Meadows Suite 312, New Davidside, NM 48575",Desktop,3006,Free,Monthly
3483,Ronald Taylor,44,gordonmark@example.com,"2328 Campbell Terrace, New Debrafurt, SD 69736",Desktop,8585,Free,Yearly
3484,David Hill,44,robert92@example.org,"02967 Riley Mission, North Terri, MH 24428",Mobile,3741,Premium,Monthly
3485,Christopher Cole,62,theresarangel@example.com,"PSC 1234, Box 7962, APO AP 18424",Tablet,6832,Premium,Yearly
3486,Karina Henderson,47,vchristensen@example.com,"Unit 0760 Box 2337, DPO AP 91595",Desktop,278,Premium,3 Month
3487,Angel Randolph,66,ewoods@example.org,"5151 Jacob Squares, West Richard, DE 77808",Mobile,5164,Premium,Yearly
3488,Carol Adams,44,stephanie05@example.net,"USNS Krueger, FPO AA 33262",Tablet,6488,Premium,Yearly
3489,Daniel Hicks,48,allenmark@example.net,"712 Davis Prairie Apt. 786, East John, DC 10535",Desktop,2859,Premium,Yearly
3490,Robert Weaver,44,rebeccawilliams@example.net,"74720 Harmon Hollow, North Bryanbury, ID 68652",Desktop,3698,Family,3 Month
3491,Jennifer Reed,44,garciasteven@example.com,"82800 Rodgers Inlet, East Alexton, NJ 85630",Tablet,8203,Premium,Yearly
3492,Brent Thomas,24,amyperez@example.net,"7437 Alicia Village Suite 000, Youngchester, RI 39097",Desktop,4090,Premium,Monthly
3493,Brian Tapia,44,mdavis@example.com,"8001 Jonathan Walk, Heatherview, WA 69696",Mobile,7868,Premium,Yearly
3494,Maurice Oneill,44,qfisher@example.net,"738 Norris Via, New Alicia, RI 22934",Tablet,2200,Family,3 Month
3495,Erik Rodriguez,24,grodriguez@example.net,"18258 Taylor Estates, Andrewhaven, DE 98742",Mobile,7618,Premium,Monthly
3496,Bryan Green,21,abbottchristopher@example.com,"Unit 3261 Box 2571, DPO AP 74685",Mobile,6251,Family,3 Month
3497,Kylie Stewart,44,williamsdiana@example.org,"078 David Spring Apt. 004, Lawrenceshire, NJ 70840",Desktop,7309,Free,3 Month
3498,Madison Sullivan,70,anna75@example.com,"70892 Robinson Road Apt. 170, South Alexandriafurt, MP 23420",Desktop,7961,Family,Yearly
3499,Jeffery Watson,53,abigail74@example.com,"262 Case Ford, Lake Angelafort, FM 59111",Mobile,675,Family,Yearly
3500,Steven Cooper,64,shawnproctor@example.net,"8769 Green Drive, East David, LA 61303",Mobile,850,Premium,Monthly
3501,Robert Powell,60,cindyhernandez@example.org,"5881 Jordan Extensions, Port Carolyn, AL 33188",Desktop,5912,Premium,3 Month
3502,Monique Mccarthy,41,lori44@example.net,"574 Hart Springs Suite 676, Mckeefort, FL 86357",Mobile,1585,Premium,3 Month
3503,Emily Ortiz,65,ecarter@example.com,"Unit 0011 Box 0599, DPO AP 03638",Desktop,3581,Premium,3 Month
3504,Ryan Thomas,44,kaylaharrison@example.org,"Unit 0166 Box 8804, DPO AA 88058",Tablet,5243,Family,3 Month
3505,Patrick Brooks,54,jessicarodriguez@example.net,"4962 Gregory Estates, South Lisaland, MD 79330",Mobile,2141,Free,Yearly
3506,Melissa Navarro,50,reynoldsedwin@example.org,"033 Miller Crossroad Apt. 899, Leeton, CO 59766",Desktop,694,Premium,Yearly
3507,Gina Meyer,44,dsmith@example.net,"857 Villarreal Isle Suite 153, Rodriguezbury, ID 28690",Mobile,6467,Free,Monthly
3508,Brian Anderson,56,paige06@example.com,"PSC 3330, Box 6180, APO AA 25682",Desktop,1342,Free,3 Month
3509,Raymond Hamilton,44,kwilliams@example.com,"08838 Elizabeth Cove Apt. 202, Kaisermouth, CO 41729",Mobile,9101,Free,3 Month
3510,Daniel English,26,kristina22@example.com,"559 Novak Courts Suite 704, Cindymouth, VT 21882",Tablet,7805,Free,Yearly
3511,Frank Torres,44,vasquezangela@example.net,"08650 Christopher Creek, New Wesleyborough, WV 81380",Tablet,372,Family,3 Month
3512,Linda Roberson,43,fgomez@example.net,"423 Hall Estates, West Markfurt, AK 30794",Desktop,3902,Free,3 Month
3513,Lynn Mitchell,44,morrisbilly@example.com,"916 Robert Bypass, Allisonport, MS 55131",Desktop,8570,Premium,3 Month
3514,Paul Wallace,44,nicholestevenson@example.net,"8212 Christine Hill Suite 103, Lake Jillmouth, SC 36933",Mobile,7122,Free,Yearly
3515,Heather Anderson,44,jennifer04@example.org,"2566 Ross Groves Apt. 400, North Gabrielchester, MD 81814",Tablet,2292,Premium,3 Month
3516,Kelly Kaufman,44,rileysarah@example.com,"744 Foster Mission, South Beth, OR 61929",Desktop,8276,Family,Monthly
3517,Ann Washington,25,halllauren@example.com,"45115 Sweeney Shores, East Emilyhaven, KS 64418",Desktop,8689,Premium,Monthly
3518,Michaela York,44,edward41@example.com,"39960 Garza Center Suite 244, Buckleymouth, CO 64746",Mobile,8609,Free,3 Month
3519,Kevin King,55,crosschristine@example.com,"305 Chung Ports Apt. 439, Douglasmouth, FL 35753",Desktop,2477,Free,Monthly
3520,Emily Ross,31,joelroberson@example.com,"568 Robert Parkway, Gilbertfurt, NE 97167",Mobile,5766,Free,Monthly
3521,Marc Dawson,44,justin44@example.net,"5287 Davis Ford, Sawyerchester, VT 28836",Desktop,1819,Free,Monthly
3522,Maria Elliott,66,danielthomas@example.com,"2870 Walker Knoll, Suzannehaven, TN 57031",Desktop,6233,Premium,3 Month
3523,James Hunter,57,shane20@example.org,"116 Stacy Terrace, Jessicafort, PW 32392",Mobile,5506,Premium,3 Month
3524,Aaron Hall,19,cmendoza@example.org,"3427 Smith Inlet, Romerotown, ID 80560",Tablet,3983,Free,3 Month
3525,David Morris,54,hufftommy@example.com,"73159 Warren Ports Apt. 058, Port Frank, KY 18111",Mobile,9806,Free,Yearly
3526,Donald Roberts,32,eric41@example.org,"85878 Ricky Alley, Grantmouth, NC 27751",Mobile,8081,Free,3 Month
3527,Frank Hughes,28,zjackson@example.com,"318 Patrick Spur, Cheyennestad, WI 38586",Tablet,9003,Premium,Yearly
3528,Joseph Johnson,18,willisangela@example.net,"5118 Scott Row Apt. 086, Lucasmouth, AZ 24784",Desktop,4417,Premium,Monthly
3529,Rose Collins,44,blopez@example.org,"04236 Daniel Shore Apt. 980, East Jamieland, MS 85358",Desktop,2432,Family,Monthly
3530,Eric Novak,44,hannahcannon@example.org,"248 Moyer Tunnel Apt. 177, South Sarah, AZ 28913",Mobile,7354,Family,3 Month
3531,David Green,38,christine22@example.com,"84999 Justin Hill Suite 326, New Monica, UT 61007",Desktop,7368,Family,Yearly
3532,Matthew White,55,tatelinda@example.net,"442 Castillo Keys, East Lauren, KY 07356",Tablet,3246,Premium,Monthly
3533,Emma Hunt,39,nancy15@example.net,"2217 Martinez Summit Apt. 478, Munozview, ME 95272",Desktop,8960,Family,Yearly
3534,Richard Bauer,44,leelauren@example.net,"7303 Davis Trail, Roseburgh, DE 17159",Tablet,7885,Premium,3 Month
3535,Kimberly Vega,44,belllaura@example.net,"5237 Russo Prairie Suite 156, Adamsport, NC 31530",Desktop,7427,Premium,Yearly
3536,Tammy Lopez,49,perezashley@example.net,"4664 Welch Forges, North Jane, FM 48114",Desktop,9202,Premium,Monthly
3537,Lisa Johnson,65,wgonzalez@example.net,"3042 David Bypass, New Sandy, LA 98985",Desktop,9675,Family,Monthly
3538,Sarah Norris,44,wendy05@example.com,"PSC 6448, Box 9680, APO AE 32019",Tablet,5176,Premium,Yearly
3539,Travis Gomez,44,nicholasmack@example.com,"373 Erica Common Apt. 283, Port Jeremyland, CT 11918",Mobile,4554,Free,Monthly
3540,Travis Silva,35,kirstengeorge@example.org,"137 Brown Manors Suite 180, Ellisview, MS 86362",Mobile,4610,Family,Yearly
3541,Claudia Gonzalez,44,courtneywilliams@example.org,"2849 Hernandez Parks, Santiagoton, FM 89139",Tablet,3804,Family,3 Month
3542,Clayton Love,20,vsmith@example.com,"679 Kristi Plains, Cynthiaville, CT 32999",Mobile,7609,Free,Yearly
3543,Brittany White,65,matthewterry@example.org,"931 Ashley Vista Apt. 648, Browntown, VT 23116",Desktop,6433,Premium,3 Month
3544,Cindy Sanford,36,jessica26@example.org,"2267 Wells Prairie, Port Emilyhaven, ND 43448",Desktop,8068,Premium,Monthly
3545,Edward Keller,44,christina74@example.com,"327 Paula Flats, Brendanstad, SD 70588",Tablet,8590,Premium,Yearly
3546,Ashley Garcia,48,ohaynes@example.net,"06984 Maxwell Crossing Apt. 159, Lindafort, NE 56473",Desktop,4262,Free,3 Month
3547,Dwayne Harmon,44,karen27@example.org,"62445 Lucas Forge Suite 006, Dianemouth, GA 57857",Tablet,7617,Free,3 Month
3548,Joseph Nelson DDS,44,kmoore@example.org,"72210 Johnson Via Suite 872, Nicholefort, IL 48535",Mobile,4461,Free,3 Month
3549,Barbara Lawrence,44,ashley69@example.org,"39724 Corey Mount Suite 397, North Jessica, NE 95189",Desktop,5486,Premium,Yearly
3550,Ashley Lopez,44,michaelmckinney@example.org,"9392 Jill Plains, Matthewbury, HI 71523",Mobile,5786,Free,3 Month
3551,Amanda Chang,44,jason46@example.org,"0605 John Field Suite 209, Davidton, MI 42400",Desktop,5584,Free,Monthly
3552,Chelsea Bryant,25,scottfischer@example.com,"95193 Elizabeth Key, Taraborough, MT 58009",Tablet,6281,Premium,Monthly
3553,William Swanson,56,brownbrenda@example.org,"62123 Davis Mountains Suite 880, New Courtney, AL 28456",Mobile,5400,Premium,Monthly
3554,Tracey Williams,44,michele71@example.org,"Unit 6079 Box 1410, DPO AE 57242",Tablet,5110,Free,Monthly
3555,Gavin Taylor,29,judith73@example.org,"5613 Rodriguez Ramp, Jenniferview, IA 62565",Mobile,3349,Family,3 Month
3556,Julian Duran,44,johnburnett@example.org,"285 Roman Heights Suite 743, East Danielchester, AL 73108",Mobile,857,Free,3 Month
3557,Emily Bautista,44,rojasjesus@example.com,"5127 Mcclure Points, West Jon, LA 96426",Tablet,4141,Free,Yearly
3558,Lori Hughes,50,victoria61@example.net,"4996 Nicole Lake, Charlesshire, CT 21319",Desktop,325,Premium,Monthly
3559,Scott Murphy,63,garydavis@example.com,"2530 Joseph Lodge, West Williamburgh, FL 25619",Desktop,1039,Free,3 Month
3560,Veronica Levine,44,lrocha@example.net,"9229 Chad Valleys Apt. 480, Kaneburgh, AS 06384",Tablet,2350,Family,3 Month
3561,Christine Dorsey,44,dudleyaaron@example.net,"110 Kenneth Ridges, Schultzmouth, LA 40588",Tablet,3932,Premium,Monthly
3562,Lori Williams,44,uholt@example.net,"USCGC Gardner, FPO AP 52450",Desktop,3862,Free,Yearly
3563,Ashley Black,47,allisoncooper@example.net,"49175 Christopher Dale Suite 946, South Brianna, RI 46961",Mobile,2897,Premium,Monthly
3564,Anthony Jones,59,thomascarney@example.net,"8841 Anderson Forest Suite 744, Westchester, TN 86889",Desktop,9002,Premium,Yearly
3565,Jacob Garrett,44,adamrobinson@example.com,"6640 Jason Mission Apt. 350, West Joshuaview, NC 56647",Tablet,3167,Family,Yearly
3566,Kimberly Woodard,44,rhondaduffy@example.org,"197 Jones Key, Noblemouth, MD 07013",Desktop,3139,Free,Monthly
3567,Elizabeth Allen,44,ldavila@example.org,"981 Sanders Trafficway, East Jesus, GA 92795",Tablet,7263,Premium,3 Month
3568,Patricia Hall,45,dianeaguilar@example.net,"Unit 4029 Box 1385, DPO AP 44994",Desktop,5220,Family,Yearly
3569,Brian Brown,50,leonard21@example.com,"17044 Allison Summit, Jamesburgh, CO 06491",Tablet,1233,Premium,Yearly
3570,Joshua Johnson II,44,denise16@example.net,"836 Carroll Cove Apt. 651, Ellishaven, NY 18744",Desktop,8017,Family,3 Month
3571,Anthony Jordan,36,bnorman@example.org,"11871 Hull Spur Suite 501, Edwardsfurt, GU 88927",Mobile,2313,Free,Yearly
3572,Morgan Cole,47,bennettdebbie@example.com,"1604 Parsons Overpass Apt. 002, Lake Erikaburgh, AR 80304",Mobile,6281,Premium,Monthly
3573,Ian Mendoza,44,lisawilson@example.org,"31589 Amanda Skyway, Port Jeanberg, ND 67316",Tablet,4979,Free,Monthly
3574,Walter Oneal,44,ihenry@example.net,"75852 Levine Court Suite 552, New Patricia, KY 72932",Mobile,6764,Family,Monthly
3575,Thomas Harris,44,brittanypham@example.org,"USCGC Woodward, FPO AP 98479",Mobile,8970,Free,3 Month
3576,Richard Smith,44,agay@example.org,"2761 Chung Locks, North Christopher, HI 64567",Mobile,8481,Premium,Yearly
3577,Sarah Blackwell,41,ldavidson@example.com,"222 Michelle Trafficway, South Megan, MN 54019",Desktop,3059,Premium,3 Month
3578,Monica Frazier,44,richardcox@example.com,"3347 Cody Causeway, Webbview, IL 40101",Tablet,3125,Premium,3 Month
3579,Alexa Cowan,23,flevy@example.com,"41694 Bell Inlet, Craigshire, WY 46414",Mobile,6796,Free,Monthly
3580,Kimberly Brewer,67,crystal07@example.com,"USNV Roberts, FPO AE 22189",Tablet,8326,Premium,3 Month
3581,Katherine Osborne,44,petersonamy@example.net,"47724 Louis Pike Suite 294, Michaelburgh, AL 76227",Desktop,5905,Premium,Yearly
3582,Kyle Patterson,44,megan69@example.org,"868 Wilson Branch Apt. 140, Cindymouth, WV 77029",Mobile,7224,Family,3 Month
3583,Ashley Hernandez,44,davidsonrobert@example.com,"Unit 2509 Box 3303, DPO AA 98407",Mobile,6130,Premium,3 Month
3584,Marcia Cline,49,bradley08@example.net,"488 Jason Shoal, Leblancfurt, TN 48525",Mobile,6675,Premium,Monthly
3585,Albert Hawkins,43,robert90@example.com,"2865 Johnson Track, Lake Jason, ID 02368",Desktop,2678,Family,3 Month
3586,Benjamin Brown,44,fedwards@example.com,"984 Ruiz Fall, Sharonshire, WY 24135",Tablet,7603,Family,3 Month
3587,Danielle Gonzales,44,mariafleming@example.com,"507 Nolan Run Suite 719, Morganhaven, NM 99350",Mobile,5017,Premium,Yearly
3588,Heather Sanders DDS,52,jeremy84@example.org,"5439 Renee Roads Apt. 192, South Dalton, HI 06828",Desktop,2523,Premium,Monthly
3589,Shannon Smith,44,gpierce@example.net,"PSC 4266, Box 3661, APO AA 18823",Mobile,7376,Family,3 Month
3590,Juan Reynolds,44,opatel@example.org,"892 Maria Road, Jenkinsfort, MA 93768",Tablet,4561,Premium,Monthly
3591,Amy Adams,44,john94@example.org,"315 Bryant Crest Apt. 910, East Stephaniefurt, NJ 04134",Mobile,9479,Family,Monthly
3592,Stefanie Perez,44,brandoningram@example.com,"3701 John Path Suite 975, Adamland, GA 25254",Desktop,982,Family,3 Month
3593,Stephen Ruiz,44,anthonybell@example.com,"3723 Miller Hill Suite 822, New William, SC 73320",Mobile,4143,Premium,3 Month
3594,Michele Miller,54,tarahawkins@example.org,"40519 Laura Mountain, Olsenborough, MI 12302",Desktop,2377,Premium,Yearly
3595,David Jones,32,watkinsrebecca@example.org,"801 White Way Suite 579, Royfurt, DE 62994",Mobile,9183,Premium,Monthly
3596,Cynthia Harris,47,swood@example.org,"0698 Kayla Forks Suite 898, West Tammy, DE 81915",Desktop,7137,Family,3 Month
3597,Brandon Wiggins,44,kylecollins@example.net,"77543 Shane Springs, Port George, NM 12757",Mobile,1846,Premium,Monthly
3598,Amber Harper,58,pwheeler@example.net,"47405 Bridget Curve Apt. 262, Port Justinton, GU 35325",Tablet,8776,Free,Monthly
3599,Jeffery Stanley,44,colinduke@example.net,"3219 Evans Forge, Keithfort, CO 40932",Tablet,4031,Premium,Monthly
3600,Pamela Clark,26,danielle06@example.org,"4205 Warren Meadows Suite 056, Kristenburgh, DC 56696",Mobile,2192,Family,Yearly
3601,Eric Moses,44,rebecca41@example.net,"486 Gutierrez Orchard Apt. 024, Lynnshire, MT 19995",Tablet,3031,Family,Monthly
3602,Christopher Manning,37,williamsgabriel@example.net,"76957 Jessica Key, Jamesview, OH 72232",Mobile,2337,Premium,Yearly
3603,John Zamora,44,baileytimothy@example.com,"825 Cowan Corner Apt. 044, Flemingshire, VI 73020",Mobile,2861,Family,3 Month
3604,Jennifer Knight,57,jperry@example.net,"27052 Todd Summit Apt. 066, South Wendy, AS 69863",Desktop,743,Free,Monthly
3605,Matthew Ortiz,44,cbell@example.com,"6071 Jaime Trafficway Apt. 014, Mariaport, MA 16513",Tablet,2296,Premium,Monthly
3606,Steven Blake,44,christianstevens@example.com,"8738 John Mews, South Bonniechester, OR 51081",Desktop,912,Family,Yearly
3607,Anthony Jones,29,wilsonphillip@example.org,"39321 Kelly Track Suite 125, North Cherylview, KY 24267",Mobile,1498,Free,3 Month
3608,Larry Valencia,44,dennisashley@example.net,"133 Andrew Freeway Suite 042, Lawrenceview, FL 72466",Desktop,9663,Premium,3 Month
3609,Maria Hughes,55,collinslisa@example.org,"7145 Timothy Unions, Bowmanchester, SC 71347",Mobile,3726,Premium,3 Month
3610,Jason Garcia,44,hnelson@example.net,"USS Smith, FPO AP 35774",Mobile,3747,Family,3 Month
3611,Megan Wright,47,coryrich@example.net,"437 Mcintosh Plain, Carolynfort, CA 19310",Desktop,2502,Free,Yearly
3612,Andrew Koch,44,christianjones@example.org,"94166 Laurie Stravenue, East David, MH 27778",Desktop,8244,Free,Yearly
3613,Kathleen Walker,44,gail65@example.net,"9115 Miguel Bypass, Port Calvinborough, MS 46005",Mobile,2602,Family,Monthly
3614,Jeremy Garcia,33,owells@example.net,"Unit 3524 Box 0840, DPO AA 96543",Desktop,3062,Premium,3 Month
3615,Gabriel Cook,64,joseph03@example.com,"08859 Brett Mall Suite 115, Martinezfort, OK 70418",Mobile,5166,Free,Yearly
3616,Nathaniel Torres,44,qmiller@example.com,"32004 Townsend Village, Juliaside, NJ 02905",Mobile,2598,Premium,3 Month
3617,Terri Pierce,44,bryan71@example.com,"88238 Moran Ports, Stewartfort, WV 00909",Desktop,5494,Free,Yearly
3618,Tracy Johnson,44,zwoods@example.org,"359 Patterson Dam, West Randy, OH 23385",Mobile,403,Premium,3 Month
3619,Jon Smith,51,alice70@example.org,"Unit 3755 Box 5057, DPO AA 53866",Mobile,898,Family,Yearly
3620,Wendy Sims,46,matthewmurphy@example.org,"8899 Ashlee Garden Apt. 692, West Ryanmouth, SC 16091",Mobile,4443,Premium,Monthly
3621,Joseph Reid,65,cameronpaul@example.com,"79696 Jacob Run, Lake Lynn, MD 31509",Desktop,4139,Premium,Monthly
3622,Richard Berg,44,xhunt@example.com,"433 Boyle Hills, Christensenmouth, DE 23352",Tablet,1887,Free,3 Month
3623,Tara Robinson,44,fwatkins@example.org,"6866 Hale Lights, Michelleview, PR 37996",Desktop,8178,Free,Yearly
3624,Charles Brown,61,dustin19@example.net,"17709 Evan Extension Suite 694, Leebury, AK 69509",Tablet,9549,Premium,Monthly
3625,Jorge Davis,57,natasha71@example.org,"696 Howard Fall Apt. 465, South Kathyport, OR 62564",Mobile,8459,Premium,Monthly
3626,Kevin Contreras,21,danaedwards@example.net,"3437 Thompson Drive Apt. 353, New Stephen, IL 91005",Tablet,3050,Family,3 Month
3627,Sarah Molina,44,kimkayla@example.com,"36791 Jesse Mills Suite 478, Stephenchester, MH 49521",Desktop,2941,Premium,3 Month
3628,Kim Bender,44,pcontreras@example.org,"7867 Clark Isle Suite 574, Spencebury, TN 88836",Tablet,4660,Premium,Yearly
3629,David Davis,56,fredwilson@example.com,"Unit 6225 Box 1629, DPO AE 03400",Desktop,6962,Family,3 Month
3630,Noah Henry,44,james06@example.com,"13453 Hall Streets Suite 555, West Teresa, NH 88699",Tablet,6153,Free,3 Month
3631,Keith Lee,44,xjohnson@example.org,"793 Colleen Points, Anthonyshire, MH 11017",Tablet,6228,Premium,3 Month
3632,Alexander Charles,50,dawnvasquez@example.org,"0453 Herrera Radial, South Melissaview, MS 23931",Mobile,2337,Family,Yearly
3633,Carmen Allen,63,anthony49@example.net,"1868 Hayes Bypass Apt. 465, West Thomasbury, MH 81692",Mobile,3661,Premium,Yearly
3634,Bernard Miller,58,bryanmiller@example.org,"749 Scott Landing, North Kyleville, VT 36463",Mobile,7475,Premium,3 Month
3635,Kenneth Macias,40,nancyarmstrong@example.com,"PSC 7098, Box 3274, APO AA 30643",Tablet,7265,Premium,Yearly
3636,Michele Berry,40,robbinsjames@example.net,"0651 Crystal Estate, Dicksonland, FL 34111",Mobile,8031,Premium,3 Month
3637,Robert Riley,57,watsonmichael@example.org,"09485 Karen Canyon, Bradfordborough, HI 80604",Desktop,1661,Premium,Yearly
3638,Denise Higgins,64,rrivera@example.net,"8016 Ellis Canyon, Markton, KY 69125",Desktop,3796,Premium,3 Month
3639,Stephanie Hubbard,44,aprilhoward@example.org,"86879 Tammy Ports, Kristenside, TX 38565",Desktop,3730,Premium,3 Month
3640,Christina Harvey,44,lgardner@example.net,"USNS Coffey, FPO AA 89576",Mobile,9101,Family,3 Month
3641,Regina Jones,44,elizabeth29@example.com,"56076 Meyer Rapids Apt. 311, Smithfurt, PR 09560",Desktop,5824,Premium,3 Month
3642,Jason Nelson,20,vpugh@example.com,"USS Hanna, FPO AP 57532",Mobile,1230,Premium,Yearly
3643,Andrew Brady,56,scottsmith@example.net,"7057 Russell Causeway, Grimeschester, MN 03797",Tablet,5600,Free,Monthly
3644,Tracy Pena,44,watsonwilliam@example.net,"131 Eric View Suite 935, South Christinaport, WI 58119",Desktop,9717,Premium,3 Month
3645,Timothy Stevens,44,cflores@example.com,"71556 Richard Isle Apt. 904, Andersonhaven, AR 01411",Tablet,9577,Premium,3 Month
3646,Douglas Bailey,47,casey72@example.net,"3376 Smith Vista Apt. 384, South Kathryn, AR 36376",Tablet,5190,Premium,Yearly
3647,Andre Combs,68,robert74@example.net,"2827 Jennifer Isle, Turnerhaven, OK 81882",Desktop,1767,Family,Monthly
3648,Jeremy Carroll,65,tamaraharrison@example.com,"9623 Davis Crescent Apt. 507, Cynthiaberg, VT 59168",Tablet,3255,Premium,3 Month
3649,Russell Johnson,31,christopher06@example.com,"332 Andrew Manors, Dominiqueland, PR 52239",Mobile,2423,Premium,Yearly
3650,Joshua Watkins,30,sweeneysara@example.org,"933 Rodriguez Mountains Apt. 137, Schultztown, ID 60892",Mobile,6796,Free,Monthly
3651,Katherine Gentry,44,lovelarry@example.org,"6913 Robinson Branch, South Mark, WY 34235",Mobile,7637,Free,Yearly
3652,Dawn Vega,44,vperez@example.org,"6060 Gonzales Harbor Suite 633, West Richard, MH 63154",Desktop,1145,Free,Monthly
3653,Michael Reynolds,45,glenndecker@example.net,"76501 Ball Parks Apt. 673, Victorialand, MN 99400",Desktop,669,Free,Monthly
3654,Darrell Ramos,63,cmartin@example.com,"4910 Kathleen Spring, Lake Elizabeth, KY 70946",Tablet,8086,Free,Monthly
3655,Desiree Alvarez,44,brandon43@example.net,"1447 Wells Wells Suite 666, Stephanieport, OH 23135",Desktop,6041,Family,Monthly
3656,Mckenzie Adams,69,autumnramirez@example.net,"5734 Robert Mills, East Travisshire, PA 91124",Mobile,5419,Free,Monthly
3657,Monica Lambert,35,ethomas@example.com,"361 Brian Falls, North Margaret, NM 40595",Tablet,5757,Premium,3 Month
3658,Sarah Ruiz,44,fernandezrodney@example.org,"622 Heather Mill Apt. 230, Bakerview, NC 93164",Tablet,7428,Premium,Yearly
3659,Joshua Flores,38,juliejohnson@example.net,"04741 Kayla Glens, Lake Benjamin, FM 28833",Desktop,2804,Premium,3 Month
3660,Christine Miranda,36,martha83@example.net,"6589 White Oval Apt. 080, Rachelshire, MO 37611",Desktop,3610,Premium,Monthly
3661,Alec Greene,34,kbarton@example.org,"89817 Clark Bypass Suite 037, Lake Scott, KS 62461",Desktop,9563,Family,3 Month
3662,Samantha Patel,34,ethansmith@example.net,"95191 Lori Shoals Suite 618, South Monica, MN 92845",Mobile,296,Premium,Yearly
3663,Mary Robinson,44,rachel97@example.com,"16514 Russell Island Suite 308, New Ann, NC 31764",Desktop,1455,Family,3 Month
3664,Beth Grant,45,ellisrobin@example.com,"9545 Jessica Centers Suite 018, Edwardsshire, DC 30414",Desktop,4434,Premium,Yearly
3665,Russell Greer,66,marymiller@example.com,"147 Mayo Stravenue Apt. 610, Carrieside, MN 03866",Desktop,2701,Premium,Monthly
3666,Daniel Sanchez,44,herreramichael@example.net,"1629 Christopher Camp, Port Sandra, MD 25808",Tablet,781,Premium,3 Month
3667,Jennifer Steele,39,phillipstraci@example.net,"7312 Jackson Dam, Morrismouth, TN 29841",Mobile,5207,Premium,Monthly
3668,Lance Hammond,48,kaitlinanderson@example.com,"89823 Black Forks Suite 040, Lake Caleb, TN 78153",Mobile,3719,Family,3 Month
3669,Ashley Morgan,21,amanda75@example.com,"7655 Christina Meadow, South Melissastad, MP 49111",Tablet,5145,Family,Monthly
3670,Jerry Wilson,44,robertsshawn@example.org,"8340 Zhang Garden Suite 129, Campbellton, MI 48141",Tablet,293,Premium,Yearly
3671,Lisa Baker,44,brittney00@example.net,"USCGC Poole, FPO AP 28380",Desktop,5610,Free,3 Month
3672,Kimberly Shepherd,44,davischarles@example.net,"254 Bradley Spur, South Travisborough, IL 28627",Tablet,9850,Family,Yearly
3673,Anthony Bishop,48,lovealexander@example.com,"1134 Scott Row, Sandramouth, FM 79527",Tablet,3722,Free,3 Month
3674,William May,44,dennis67@example.com,"8056 Hamilton Streets, South Stephenmouth, WV 14593",Mobile,7793,Family,Yearly
3675,Eric Soto,44,david88@example.net,"PSC 4394, Box 3762, APO AA 58096",Desktop,7458,Premium,Monthly
3676,Chad Love,44,ryanbuck@example.net,"2216 Candace Junctions, Dalefort, PW 35013",Desktop,4552,Free,3 Month
3677,Karen Brown,36,milleramber@example.com,"6407 George Roads, Gonzalezmouth, SC 42783",Desktop,2439,Premium,Yearly
3678,Michelle Jackson,53,jchen@example.net,"05982 Mercedes Loop, New Angela, MO 93116",Mobile,7543,Premium,3 Month
3679,Jason Smith,44,bendertamara@example.net,"42953 Jared Isle Apt. 896, Lake Jeffreyview, IL 38021",Desktop,9752,Premium,3 Month
3680,Marco Diaz,66,owoods@example.net,"57232 Heather Station, West Joyceshire, AR 52969",Mobile,1659,Family,Yearly
3681,Jason Zimmerman,44,vwilson@example.com,"PSC 2765, Box 5746, APO AP 60498",Desktop,8417,Premium,3 Month
3682,Haley Burke,66,robertbarrett@example.net,"40765 Amy Motorway, East Thomasbury, GU 34121",Mobile,8092,Premium,Monthly
3683,Misty Williams,44,whiteemily@example.com,"0998 Martinez Branch, Port Melissa, NM 71598",Mobile,3284,Family,3 Month
3684,Derrick Davis,44,carteranthony@example.net,"75970 Cook Coves, Howardborough, CT 38020",Mobile,5287,Family,Yearly
3685,Dominic Caldwell,18,glenn49@example.net,"15762 Kevin Crest, Smithtown, ND 33667",Mobile,912,Free,Monthly
3686,Jaime Harris MD,44,frobertson@example.org,"4113 Salinas Shores Suite 358, Mcclainmouth, RI 52015",Desktop,4823,Premium,3 Month
3687,Michael Daniel,32,malexander@example.org,"40254 Martin Roads Suite 504, New Sean, OK 68473",Desktop,3834,Free,3 Month
3688,Anthony Hayes,44,tanner28@example.org,"3341 Ellis Plains Suite 472, Anitafort, NM 96366",Mobile,1388,Premium,Monthly
3689,Sara Phillips,63,wtaylor@example.net,"1243 Williamson Groves, Fieldsmouth, MP 51676",Tablet,2384,Premium,Yearly
3690,Ryan Evans,41,uyoung@example.net,"59305 Devin Parkway, South Krista, MN 98376",Mobile,9371,Premium,3 Month
3691,Tommy Scott,37,robertwelch@example.org,"38888 Lee Cliff Apt. 661, Alyssamouth, KY 35998",Tablet,2206,Free,Monthly
3692,Brian Lara,44,estafford@example.net,"258 Daniel Mountains, New Victorport, OH 87881",Mobile,2847,Premium,Monthly
3693,Monica Fischer,44,phammond@example.net,"Unit 1876 Box 4802, DPO AA 47574",Desktop,5647,Premium,Monthly
3694,Kayla Adams,63,grahamnicole@example.org,"3862 Carey Underpass Suite 091, Lake Stacey, MN 75798",Mobile,3512,Free,Monthly
3695,Alexis Chen,44,mjohnson@example.com,"9106 Andrea Rapid, Reedfort, AK 16069",Mobile,2894,Premium,Yearly
3696,Tony Rodriguez,44,virginia90@example.com,"USNS Lewis, FPO AA 30941",Desktop,3860,Premium,Monthly
3697,Regina Riley,44,alexanderrobert@example.com,"38203 Nguyen Ways, Christinaland, CA 83405",Desktop,6073,Free,3 Month
3698,Walter Washington,44,phines@example.net,"7946 Johnson Course, South Mariafurt, UT 01027",Tablet,8278,Free,Monthly
3699,David Moore,44,christopherrichardson@example.org,"9125 Woodard Islands, South Pamela, IN 92905",Mobile,4056,Family,3 Month
3700,Julie Carpenter,51,mendezstephen@example.org,"45236 Dale Viaduct Suite 838, New Julia, VI 01351",Mobile,4461,Free,3 Month
3701,Justin Murphy,39,stevensdavid@example.org,"7300 Reed Turnpike, Janiceshire, UT 39870",Desktop,2140,Premium,Yearly
3702,Monica Zuniga,44,levinelarry@example.net,"977 Cherry Plain, Ericburgh, NM 23332",Tablet,4643,Free,Yearly
3703,Dominique Douglas,51,andersonholly@example.net,"USS Ware, FPO AE 30984",Tablet,1241,Premium,3 Month
3704,Ann Glover,30,oguerra@example.org,"0360 Larson Hollow, New Eric, MS 40837",Mobile,8812,Free,3 Month
3705,David Mcguire,44,wintersjonathan@example.net,"7391 Sandoval Turnpike Apt. 418, Perryton, NH 84726",Tablet,6837,Premium,Monthly
3706,Diane Hayes,44,taylorjeffrey@example.net,"9195 Sherry Bridge, Houseview, FM 36901",Desktop,6682,Free,Yearly
3707,Denise Thomas,44,danielle65@example.com,"Unit 4649 Box 3703, DPO AP 32836",Mobile,1300,Free,3 Month
3708,Michael Bowen,20,omunoz@example.net,"79490 Cook Loop Apt. 945, East Angela, KS 21251",Desktop,4566,Family,Yearly
3709,David Franklin,63,owalsh@example.com,"0908 Bobby Summit, West Tina, MO 94534",Tablet,3510,Free,Yearly
3710,Frank Howard,36,herreraoscar@example.org,"27371 Cox Points Apt. 761, East Rebecca, MI 23120",Mobile,6789,Family,Yearly
3711,Joshua Morrison,44,johnsonjames@example.com,"500 Mitchell Squares, North Aaron, DC 15962",Desktop,8279,Family,3 Month
3712,Casey Snyder,44,pjohnson@example.net,"48566 Duke Lakes, North Jared, AL 45274",Tablet,7838,Premium,Monthly
3713,Leonard Boone,26,jamesgonzalez@example.org,"341 Erickson Junction Apt. 838, Coleton, OK 16425",Mobile,2628,Family,Monthly
3714,Sylvia Williams,21,sheryl42@example.com,"03113 Shelby Curve, North Lisatown, PW 27337",Mobile,7893,Free,Yearly
3715,Jessica Hobbs,44,wgarcia@example.org,"46603 Gregory Vista Suite 441, Lake Susan, MA 51887",Mobile,8278,Premium,Monthly
3716,Brandy Silva MD,67,ygriffin@example.org,"2283 Danny Meadow Suite 432, Brittanyfort, DC 54695",Mobile,9245,Free,Monthly
3717,Julie Garcia,45,cabrerabrandon@example.net,"8069 Martinez Mission, New Nicholas, VA 01077",Desktop,1877,Free,Yearly
3718,Marcus Reynolds,44,cindyroth@example.com,"PSC 5851, Box 2896, APO AP 54892",Mobile,8526,Free,Yearly
3719,Laura Doyle,44,xmullen@example.com,"10766 Carrillo Flat, Lake Robert, TX 40142",Mobile,9289,Premium,3 Month
3720,Andrea Ross,42,deborahjones@example.com,"12395 Byrd River Suite 015, Melissafurt, RI 80722",Desktop,6923,Family,3 Month
3721,Melissa Williams,44,wilsongregory@example.org,"730 Bishop Walks Apt. 237, Campbellfurt, WV 89415",Mobile,5988,Premium,Monthly
3722,Jill Cochran,35,pmoore@example.net,"0728 Kimberly Fall Suite 302, Colemouth, AZ 91418",Desktop,8583,Premium,Monthly
3723,Omar Munoz,64,msmith@example.com,"782 Brown Road, North Caitlyn, DC 64452",Desktop,7248,Premium,3 Month
3724,Jared Pineda,44,brentcochran@example.org,"2598 David Island, Brownmouth, HI 64230",Tablet,9047,Premium,3 Month
3725,Eugene Adkins,28,cdonovan@example.net,"3499 Bates Plains, Andersonton, IN 21641",Desktop,822,Premium,Monthly
3726,Spencer Taylor,64,lkim@example.org,"Unit 1118 Box 4053, DPO AA 55985",Mobile,2911,Free,Yearly
3727,Aaron Scott,44,rwoodward@example.org,"Unit 8555 Box 1765, DPO AE 34119",Mobile,2424,Free,3 Month
3728,Ian Hayes,44,woodwardmatthew@example.org,"805 Brandy Parks, Patriciafurt, NJ 90138",Mobile,8028,Premium,Yearly
3729,Christina George,23,douglas33@example.com,"6922 King Mission, Susanborough, VT 94401",Tablet,2085,Free,Yearly
3730,Joel Bell,41,taylormitchell@example.org,"3497 Torres Lock, Lake Matthewview, NC 02299",Desktop,4725,Free,3 Month
3731,Garrett Lopez,44,murraypatricia@example.com,"558 Jackson Groves, Williamville, HI 85960",Desktop,3884,Free,Yearly
3732,Sylvia Brown,42,floydashley@example.com,"7559 Deborah Forks, Williambury, NV 18487",Desktop,5586,Premium,Monthly
3733,David Taylor,34,wilsonerin@example.net,"3990 David Pines Apt. 321, Kristinaberg, PW 99204",Mobile,9843,Premium,Yearly
3734,Amy Herring,58,jamesevelyn@example.com,"454 Thompson Skyway Apt. 388, Jenniferville, VT 35179",Desktop,423,Premium,Monthly
3735,Kendra Scott DDS,44,coopermichael@example.com,"487 Jill Drive Apt. 432, Duncanborough, WV 74680",Desktop,2100,Family,3 Month
3736,William Goodwin,44,anthonylewis@example.org,"22459 Brown Loaf, West Jeffreyport, GA 84690",Desktop,1122,Family,Yearly
3737,Anthony Nolan MD,44,qmorales@example.org,"730 Nguyen Unions, Gregoryland, AL 06590",Tablet,2634,Premium,Monthly
3738,Michelle Hood,44,holly63@example.org,"9671 Walker Mill, Markport, VI 96463",Tablet,537,Family,Yearly
3739,Brandon Hudson,44,perezbrandy@example.com,"4656 Brandon Wall, New Joshuastad, AZ 15838",Desktop,9822,Family,Monthly
3740,Jason Russell,66,xarnold@example.com,"8801 Robinson Loaf, Leahton, CT 96069",Desktop,9703,Premium,Yearly
3741,Manuel Simpson,44,ashley77@example.net,"106 Williams Motorway, Joannmouth, MI 08537",Mobile,242,Family,Yearly
3742,Jesus Kelley,68,berryelizabeth@example.org,"20585 Amanda Unions, Dorisberg, AL 50259",Mobile,9930,Free,3 Month
3743,Robert Beltran,66,nhuynh@example.com,"9695 Mccoy Viaduct Apt. 254, Lake Ian, MP 49919",Mobile,3645,Premium,Yearly
3744,Kimberly Carter,33,nchristensen@example.org,"77230 Gonzales Prairie Suite 209, Colemanborough, MP 85506",Desktop,5249,Premium,3 Month
3745,Tracy Estrada,23,lsanchez@example.net,"9161 Andrew Center, Diazberg, CA 31650",Mobile,7882,Premium,3 Month
3746,Richard Smith,26,edwardsrachel@example.com,"4486 Kevin Isle Apt. 048, Collinsport, CO 79896",Mobile,9755,Family,Yearly
3747,Melissa Bennett,44,smoody@example.com,"6802 Bell Field, Beckerland, ME 89890",Mobile,3517,Family,Yearly
3748,Caroline Russell,19,qfranco@example.com,"76397 Bass Turnpike, Lake Michael, MP 58443",Mobile,5099,Family,3 Month
3749,John Jones,53,dcardenas@example.com,"139 Lopez Mountain, East Kevin, PA 69035",Mobile,9005,Premium,Yearly
3750,Jacqueline Greene,44,erikmcguire@example.com,"4100 White Passage, Heathchester, CA 80361",Desktop,8730,Free,3 Month
3751,Brian Stafford,38,hblackburn@example.org,"785 Montes Ridges, Hartmouth, IL 17759",Tablet,8294,Premium,3 Month
3752,Justin Warren,44,michael08@example.net,"6230 April Roads, South Michael, PA 69099",Mobile,9655,Premium,Yearly
3753,Steven Bass,64,blairterri@example.com,"00917 Holmes Plaza, South Rachel, CO 58628",Desktop,7895,Premium,Yearly
3754,Raven Vazquez,35,cody28@example.com,"41035 Fleming Vista, Stevenshaven, NC 89235",Mobile,1304,Premium,3 Month
3755,Derek Williams,44,tracy15@example.net,"70847 Wallace Fort, West Matthewstad, MA 74826",Desktop,6643,Free,Monthly
3756,Antonio Salazar,24,fmoss@example.org,"21110 Michele Summit Suite 191, Port Tracey, IA 06457",Desktop,8056,Family,Yearly
3757,Phillip Powell,51,rachael16@example.net,"0966 Walker Neck Suite 145, South Jeffrey, FL 53396",Desktop,4728,Free,Yearly
3758,William Christian,41,melissa12@example.net,"53539 James Shoals Apt. 197, Julieshire, VI 33005",Tablet,1114,Free,Monthly
3759,Charles Stevens,44,hayden86@example.org,"51086 James Squares, South Nicholasside, CT 38553",Tablet,7502,Premium,Yearly
3760,Joshua Davila,63,bradshawdavid@example.com,"3865 Shannon Rapids, Lake Victoriabury, UT 32735",Mobile,8714,Family,3 Month
3761,Aaron Powell,70,sierra87@example.com,"77757 Debbie Terrace Suite 327, South Robert, SC 75429",Tablet,5608,Premium,Monthly
3762,Renee Wallace,44,yolandamiller@example.net,"706 Smith Station Apt. 531, Jasonside, MI 44097",Mobile,7670,Premium,3 Month
3763,Kristen Russell,34,michelerobertson@example.net,"88376 Elizabeth Canyon Apt. 345, New Steven, WA 09650",Desktop,8124,Premium,Monthly
3764,Joshua Lang,40,cory65@example.com,"734 Jennifer Course Apt. 542, Michelefurt, FM 64131",Mobile,6913,Family,Monthly
3765,Rebecca Aguirre,44,jasminegonzalez@example.net,"8684 Yvonne Streets Suite 544, Williamburgh, SC 91782",Mobile,1731,Premium,3 Month
3766,Emily Brown,66,fitzgeraldbobby@example.com,"236 Prince Point Suite 845, Melanieberg, AL 92324",Desktop,6681,Premium,3 Month
3767,Mason Russell,35,imartinez@example.org,"7031 Barnes Hollow, Richardview, SC 49427",Desktop,8815,Premium,3 Month
3768,Traci Jones,44,adriennewilkins@example.net,"4356 Steven Field Suite 211, Ellisside, ID 86080",Mobile,2880,Family,3 Month
3769,Morgan Owens,44,xhunt@example.com,"USCGC Morales, FPO AE 74788",Desktop,1647,Premium,Monthly
3770,Sherri Johnson,44,morganalexis@example.net,"68330 Merritt Island, New Ericborough, VT 33095",Desktop,9754,Free,3 Month
3771,Spencer Chan,66,starkcody@example.net,"0768 Kaylee Rapid Apt. 583, Port Christina, NJ 26944",Mobile,5993,Free,3 Month
3772,Dennis Gross,44,tiffanyflynn@example.net,"241 Jessica Terrace, Gardnerstad, AK 17079",Mobile,5186,Premium,Yearly
3773,Leslie Rivera,44,martinluke@example.net,"397 Roy Crossing, Lake Russellland, VA 14636",Desktop,8005,Free,Yearly
3774,Blake Smith,44,rbarrett@example.org,"48256 Soto Haven, Farrellhaven, KY 95498",Mobile,4421,Premium,Yearly
3775,Jennifer Guzman,44,raymond98@example.net,"987 Salazar Islands, Williamshaven, OK 60154",Desktop,3268,Free,Monthly
3776,Michael Obrien,44,elliottjessica@example.org,"61568 Cox Rapid, Brandyberg, CO 83754",Mobile,8820,Premium,Monthly
3777,Robin Lee,29,simmonsdavid@example.org,"424 Wanda Underpass Apt. 818, Whitebury, CT 18006",Tablet,8338,Family,Yearly
3778,Timothy Butler,27,frostrobert@example.org,"931 Zimmerman Lane Apt. 247, Ewingport, SD 74832",Desktop,6390,Premium,3 Month
3779,Katherine Miller,44,emeyer@example.net,"39068 Sullivan Mountains Apt. 088, New Margaret, TX 83019",Desktop,4041,Free,Yearly
3780,Michael Olson,54,allentracey@example.org,"73594 Erin Stravenue, Mcguirestad, AZ 73752",Desktop,2027,Premium,Monthly
3781,Michelle Brown,64,dereksmith@example.org,"60896 Johnson Path Apt. 321, Theresaberg, GA 82739",Desktop,8495,Free,Monthly
3782,Derrick Pineda,44,waguilar@example.com,"297 Brown Ranch, Port Jeffery, FL 07552",Tablet,2847,Family,3 Month
3783,Tyler Gonzalez,41,jennifercampbell@example.org,"06852 Figueroa Expressway Suite 959, Mitchellbury, TN 68979",Mobile,2682,Family,3 Month
3784,Mary Vazquez,44,josephanderson@example.net,"927 James Mills, North Lisaborough, AS 53780",Desktop,157,Free,Monthly
3785,William Caldwell,44,daguilar@example.net,"9318 Alyssa Village, Colonhaven, WY 33981",Desktop,9505,Premium,Yearly
3786,Kenneth Kelley,67,arianarussell@example.com,"382 Perry Street Suite 722, Dennisborough, FM 65946",Desktop,2622,Family,3 Month
3787,Jamie Elliott,44,ebony22@example.org,"Unit 4371 Box 4427, DPO AE 29889",Desktop,3653,Free,Yearly
3788,Ryan Bradley,67,fred45@example.org,"20019 Jason Viaduct Suite 627, Melissafurt, AS 59047",Desktop,2332,Free,Monthly
3789,Melissa Smith,60,stokesjillian@example.net,"16782 Cline Wall Apt. 541, North Heidi, TX 18314",Mobile,9381,Free,Monthly
3790,Ryan Oconnor,70,ellenmason@example.net,"63991 Joel Dam Suite 869, Patrickfort, PA 15017",Tablet,9010,Premium,3 Month
3791,Maria Stephens,44,tylerwells@example.net,"3391 Brown Street, South Theresastad, NY 33112",Mobile,3689,Premium,Yearly
3792,Stephanie Black,44,randallbyrd@example.org,"71088 Emily Squares Apt. 049, Greggberg, VA 67096",Tablet,7354,Family,Monthly
3793,Marissa Smith,27,gcox@example.com,"296 James Stream Apt. 914, Port Whitney, ID 36038",Mobile,9652,Premium,Monthly
3794,Catherine Rodriguez,49,jennifertran@example.net,"3166 Pratt Forges, Jimenezbury, ME 88220",Mobile,6276,Premium,Monthly
3795,Anthony Carrillo,44,justin82@example.net,"2189 Mays Circle, North Tammymouth, OR 29356",Mobile,8654,Premium,Yearly
3796,Christopher Williams,28,robertsmathew@example.com,"910 Gonzales Underpass Apt. 263, Gonzalezberg, KY 39543",Mobile,8647,Free,Monthly
3797,John Levine,30,hortonthomas@example.net,"Unit 8858 Box 2230, DPO AE 34663",Desktop,2913,Premium,3 Month
3798,Frances Salazar,41,carriegregory@example.net,"6275 Ferguson Ranch Suite 301, North Andrew, VT 39143",Desktop,548,Free,Yearly
3799,Laura Winters,44,lori41@example.com,"1434 Paul Haven, East Kennethside, VA 33337",Desktop,3509,Premium,Monthly
3800,Patricia Phelps,44,rodrigueztheresa@example.com,"61002 Lawson Walks Suite 813, Alantown, SC 48436",Desktop,3628,Premium,Yearly
3801,Rachel Singh,24,anthonyjackson@example.net,"739 Lisa Shore, East Coltonchester, MP 79002",Desktop,7744,Premium,Yearly
3802,Michaela Jenkins,26,cervantesdarrell@example.org,"138 Gonzalez Camp Suite 310, Paultown, OR 46313",Mobile,6490,Premium,Monthly
3803,Leah Murphy,59,alvaradojoanna@example.net,"67234 Heather Trace Apt. 307, Randallchester, PA 18009",Tablet,1120,Free,Monthly
3804,Lindsey Reed,44,nancysims@example.org,"0208 Amy Causeway Apt. 202, North Ashley, RI 83420",Tablet,9289,Free,3 Month
3805,Mary Murphy,64,ulivingston@example.org,"85597 Russo Trail, Jeffberg, SC 72486",Mobile,8788,Premium,Monthly
3806,Timothy Sanchez,44,matthewmorgan@example.org,"95822 Katherine Mall Suite 904, East Tiffany, IN 24324",Mobile,1886,Premium,Monthly
3807,Mario White,45,cgutierrez@example.net,"263 David Divide Apt. 903, South Jose, GU 07908",Mobile,7491,Family,Yearly
3808,Jennifer Johnson,44,stacyjohnson@example.com,"874 Hernandez Parkways Suite 433, East Tamimouth, DC 68680",Tablet,8588,Family,Monthly
3809,Edward Peterson,44,amanda99@example.org,"63288 Moreno Mews, Arellanoview, CT 31602",Desktop,7527,Family,Yearly
3810,Christopher King,51,christopherrivas@example.net,"USNS Green, FPO AP 83618",Desktop,804,Family,Yearly
3811,Katrina Williams,19,tracyscott@example.org,"7223 Jack Shores Suite 993, Allenview, SC 67471",Mobile,2005,Premium,Monthly
3812,Marilyn Mcdonald,44,michelle95@example.net,"01383 Lewis Hollow, North Kimberlyshire, CA 43164",Desktop,199,Premium,3 Month
3813,Susan Harris,44,gooddana@example.net,"513 Miller Turnpike, Lake Sandra, MO 37529",Tablet,2997,Family,Monthly
3814,Richard Miller,26,turnerjasmine@example.net,"3790 Vaughan Shores Apt. 699, Mistytown, LA 43849",Desktop,8510,Family,Yearly
3815,Mary Norris,46,fbrown@example.org,"USNV Williams, FPO AP 87687",Tablet,7359,Free,3 Month
3816,Jeffrey Simmons,65,laurahamilton@example.org,"32998 David Pass, Jenniferbury, UT 35048",Tablet,6218,Premium,Yearly
3817,Gilbert Rios,44,carriemiller@example.net,"836 Bennett Ramp, Heatherton, WV 88547",Desktop,1123,Premium,Monthly
3818,Brian Frye,44,kellyjimenez@example.com,"85656 Peter Trail, South Jody, AR 95718",Desktop,9559,Family,Monthly
3819,Jason Brady,44,colemandouglas@example.net,"2971 Thomas Mountain Apt. 625, Lake Amandastad, CT 45153",Mobile,4572,Free,Monthly
3820,Michele Griffith,19,frederickcole@example.net,"557 Katherine Lane, Lutzstad, HI 48424",Desktop,1023,Free,Yearly
3821,Javier White,22,npage@example.net,"88741 Christine Locks, Oconnorshire, AL 38913",Mobile,4402,Family,Monthly
3822,Mark Rosales,55,riggskaren@example.net,"49826 Christopher Lake, Josephfurt, IL 39782",Desktop,9911,Family,Monthly
3823,Adam Brandt,34,pateljacob@example.org,"037 Olivia Trace, East Hayley, NM 80582",Desktop,2644,Premium,3 Month
3824,Valerie Johns,56,gsmith@example.net,"64029 Paul Harbor, South Jackstad, PR 38327",Mobile,8982,Free,Yearly
3825,Meagan Coleman,36,griffinlee@example.org,"535 Regina Pike Apt. 920, Cardenasberg, WV 53929",Mobile,1166,Family,Yearly
3826,Timothy Thomas,44,jrose@example.com,"615 Snyder Villages Apt. 451, Smithburgh, KY 43918",Desktop,4728,Premium,Yearly
3827,Joseph Hart MD,44,rjohnson@example.net,"17195 Destiny Ville Apt. 218, Port Randy, MT 62312",Tablet,587,Family,Monthly
3828,Brian Frank,44,caseyramirez@example.org,"9106 Hughes Ridges, West Christine, VI 04702",Desktop,6433,Free,Yearly
3829,Deanna Rice,44,angela40@example.org,"USNS Phillips, FPO AA 18080",Tablet,9969,Free,Yearly
3830,Cheyenne Chase,59,angela19@example.com,"73282 Stephanie River, South April, NM 36097",Mobile,792,Premium,Monthly
3831,Pamela Williams,44,vanessagray@example.com,"USNV Combs, FPO AP 76728",Mobile,2957,Family,Yearly
3832,Christopher Morgan,70,lewisdonald@example.net,"5352 Andrea Crossing Suite 284, New Nathan, SD 26489",Desktop,4115,Family,Yearly
3833,Taylor Gomez,35,baileyana@example.org,"090 Martinez Forges, Smithmouth, HI 08387",Mobile,9038,Family,Yearly
3834,Emily Cole,44,bweeks@example.org,"00690 Kimberly Plains, Hernandezchester, AZ 29976",Mobile,5198,Premium,Yearly
3835,Patricia Waters,52,audrey44@example.com,"418 Katelyn Harbor, New Ashley, LA 04484",Desktop,969,Premium,3 Month
3836,Denise Morrison,56,qjenkins@example.com,"24300 Strong Well Apt. 974, South John, CA 66484",Desktop,5912,Premium,3 Month
3837,Steven Martin,44,margaret08@example.org,"472 Matthew Lane, Lake Sara, IL 30939",Tablet,9360,Premium,Yearly
3838,Stephanie Henderson,41,jodimccarty@example.com,"7379 Weber Grove Apt. 892, Andersonfort, HI 57291",Mobile,6577,Free,Monthly
3839,Janet Blackwell,44,jaclyn87@example.org,"0647 Frazier Locks, East Robertport, NH 96529",Desktop,244,Free,Yearly
3840,Tim Young,37,sheabrandon@example.com,"02676 Lynn Loaf, East Michaelbury, AL 91510",Desktop,7840,Premium,Monthly
3841,Paul Johnson,44,gphelps@example.net,"6916 Welch Burgs Apt. 902, Tranberg, NY 57881",Mobile,246,Premium,Monthly
3842,Monica Ortiz,54,wramirez@example.org,"64198 Catherine Isle, South Charles, SD 29434",Mobile,8756,Family,Monthly
3843,Jennifer Collins,66,fredericklewis@example.com,"66195 Christopher Cliff, Marychester, MN 01773",Tablet,6917,Premium,Monthly
3844,Rebecca Brown,19,webbbelinda@example.com,"17217 Jonathan Orchard Apt. 395, Port Sylvia, OR 12078",Mobile,1704,Premium,Monthly
3845,William Mason,44,julianhopkins@example.org,"6516 Hoover Rapid, Port Elizabeth, NC 57349",Desktop,7910,Family,Yearly
3846,Thomas Torres,23,timothy45@example.com,"2459 Kimberly Junction Suite 521, Wardtown, MI 37086",Mobile,2369,Premium,Monthly
3847,Shawn Mcdonald,44,davidsonjohn@example.org,"98899 Maria Circle Suite 785, Contrerasland, IA 58214",Mobile,6490,Family,Monthly
3848,Brian Gibbs,21,michaelbell@example.org,"893 Smith Passage Suite 564, East Jamesstad, AL 21289",Mobile,8170,Premium,Yearly
3849,Sara Love,41,heatheryoung@example.com,"Unit 7504 Box 1732, DPO AP 80889",Desktop,4810,Family,3 Month
3850,Margaret Lopez,56,meganfowler@example.org,"42115 Tina Landing Suite 252, Lake Dawnshire, PA 43875",Desktop,2213,Premium,Monthly
3851,Jennifer Hernandez,44,zreynolds@example.org,"50387 Karen Turnpike Suite 871, Linshire, OR 56824",Mobile,9200,Premium,Monthly
3852,Michael Villanueva,44,whiteangela@example.org,"91488 Jeremy Canyon, Lake Kylieshire, NV 60231",Tablet,3138,Premium,Monthly
3853,Holly Murphy DVM,44,deborahchavez@example.com,"430 Pittman Isle Suite 766, New Charlene, FM 20945",Desktop,1296,Free,Monthly
3854,Gregory Lee,57,clarkbrandon@example.com,"2135 Baker Drives, Pattersontown, OH 99185",Tablet,1526,Free,Yearly
3855,Anthony Morgan,40,qwagner@example.net,"PSC 8603, Box 0610, APO AE 55866",Tablet,7126,Family,3 Month
3856,Shelly Smith,44,qwood@example.org,"64707 Gilmore Via Apt. 128, South Allison, AZ 70139",Desktop,5854,Family,Monthly
3857,Lisa Peterson,44,robinsonmichael@example.com,"418 Andre Groves, Joneshaven, AL 59346",Desktop,5110,Premium,3 Month
3858,Benjamin Gonzalez,44,vross@example.com,"4450 Timothy Harbor Apt. 338, Cassandramouth, OR 48076",Desktop,9253,Free,Yearly
3859,Melanie Hernandez,44,thompsonbrendan@example.org,"1198 Patrick Glen, Jacobmouth, KS 37067",Desktop,4423,Free,Monthly
3860,Michelle Bullock,60,vhatfield@example.org,"PSC 1765, Box 5454, APO AP 48468",Desktop,9770,Premium,Monthly
3861,Richard Ramirez,44,rodgerschris@example.net,"877 Ashley Knolls Suite 411, Susanville, WI 62167",Desktop,5231,Premium,Monthly
3862,Carl Pratt,44,stephanie61@example.net,"3353 Rachael Junctions Suite 433, East Davidborough, MD 71628",Mobile,9323,Premium,3 Month
3863,Kathryn Jenkins,64,sarah31@example.com,"783 Atkinson Mount Suite 381, New Dorothyland, AL 12189",Mobile,450,Family,Monthly
3864,Frank Wilcox,28,vwalker@example.net,"666 Wilson Causeway, North Cody, VA 63343",Mobile,4012,Premium,Monthly
3865,Scott Stevens,37,natashajenkins@example.com,"14407 David Forest, New Jessica, TX 09701",Mobile,9401,Free,Monthly
3866,Eddie Williams,44,ricardo87@example.net,"PSC 7243, Box 1062, APO AP 05690",Desktop,5970,Free,Monthly
3867,Jennifer Mcdaniel,44,jamesjoseph@example.com,"93866 Eric Gateway, Lake Dominique, NE 77012",Mobile,6352,Free,3 Month
3868,Kaitlyn Martinez,44,jaime23@example.com,"34354 Ingram Coves, Berryshire, RI 58657",Desktop,4102,Premium,Monthly
3869,Richard Townsend,27,wnelson@example.com,"173 Willis Land Suite 868, North Caleb, HI 98806",Mobile,6761,Free,Yearly
3870,Joseph Jarvis,59,josephboyle@example.org,"149 Bridges Garden, Taylorview, PR 89267",Tablet,7769,Family,Monthly
3871,Donna Phillips,22,michellecurry@example.org,"8281 Harris Stream Apt. 039, Port Sarahmouth, KY 21707",Tablet,8875,Premium,Yearly
3872,Sandra Sexton,44,jonesronald@example.net,"3871 Shawn Court Suite 267, East Kathleen, MO 63414",Desktop,2615,Premium,Yearly
3873,Virginia Bradley,20,robertsjerry@example.net,"7158 Snyder Pike, Elizabethshire, FL 79089",Mobile,8494,Free,Monthly
3874,Blake Wright,44,burkechristopher@example.org,"968 Suzanne Streets, Youngview, UT 75088",Mobile,1937,Premium,Monthly
3875,Mark Beltran,49,billyshepherd@example.com,"358 Knight Cove, Nicolestad, MO 52821",Mobile,6898,Family,Yearly
3876,Christian Schneider,41,kelli09@example.com,"00015 Erik Dam, Oconnorside, AL 74670",Desktop,2909,Family,Yearly
3877,Bethany Rasmussen,65,ugibbs@example.net,"1993 Lisa Forges, East Diana, OR 63164",Desktop,2753,Free,Yearly
3878,James Munoz,44,jgallegos@example.org,"5080 Luis Cove Apt. 376, Deborahmouth, CT 38634",Desktop,3744,Premium,Monthly
3879,Todd Ramirez,66,smosley@example.net,"517 George Fort, North Karenhaven, FL 70472",Tablet,5717,Family,Monthly
3880,Audrey Tucker,56,hoodadam@example.org,"45705 Turner Springs, Stacyhaven, NY 90790",Mobile,2128,Premium,Monthly
3881,Joseph Schmidt,44,cynthia71@example.net,"26642 Melanie Pines, Katherineview, OK 04137",Mobile,1469,Family,Yearly
3882,Mary Fox,69,noah43@example.org,"Unit 1634 Box 6400, DPO AP 41564",Desktop,580,Premium,Monthly
3883,Nicole Grimes,44,bflores@example.net,"4235 Tracey Tunnel, West Alex, AZ 06624",Desktop,5617,Premium,Monthly
3884,Mary Nunez,53,james00@example.com,"13302 Kelly Lake, Lake Tammyside, MS 68300",Desktop,5667,Family,Yearly
3885,Michelle Farrell,55,angelholland@example.com,"8229 Cory Crescent, North Robertborough, OH 22822",Tablet,1435,Family,Monthly
3886,Felicia James,29,ghubbard@example.org,"6304 Elizabeth Road, West Davidton, MN 30815",Desktop,6542,Premium,Yearly
3887,Julia Carroll,44,lochoa@example.org,"4470 Lowery Estates Suite 765, West Kenneth, LA 88566",Desktop,2335,Free,3 Month
3888,Jenna Davis,44,sharpjessica@example.org,"762 Mary Neck, West Wyattfurt, MD 92638",Tablet,2154,Free,Monthly
3889,Meredith Montes,44,joanne06@example.org,"375 Galvan Plain Suite 422, Andersonport, NY 16560",Desktop,5143,Free,Monthly
3890,Steven Davila,44,melanie99@example.org,"73877 Nielsen Road Suite 011, Mendozastad, ND 03080",Mobile,1918,Family,3 Month
3891,Kristen Reilly,44,fcortez@example.com,"5886 Esparza Loaf, Jeffreyhaven, ID 84817",Desktop,9240,Premium,Monthly
3892,Jesus King,68,samuel37@example.org,"32010 Moore Stravenue Suite 909, New Tonya, AL 52598",Desktop,4054,Premium,3 Month
3893,Sean Brown,44,oharper@example.com,"01544 Cohen Parkways, Donaldmouth, UT 12689",Tablet,626,Premium,Yearly
3894,Ashley Swanson,51,ybryant@example.com,"0623 Mullins Point Suite 609, Jennifermouth, OH 31225",Mobile,2088,Premium,Monthly
3895,Tracy Gentry,32,tyler60@example.net,"56314 Gary Shores, Justinfort, MS 86119",Mobile,5810,Premium,Monthly
3896,Phillip Santana,49,davidrollins@example.net,"8955 Armstrong Unions Suite 281, Bakerfurt, GU 66216",Mobile,2815,Premium,Yearly
3897,Dalton Williams,44,qmatthews@example.com,"1042 Burns Manor Suite 948, Kellyfort, VA 14266",Desktop,5003,Free,Monthly
3898,Stephanie Stevenson,44,sgarcia@example.net,"44017 Rocha Valleys Apt. 426, North David, MN 10670",Tablet,9178,Premium,Yearly
3899,Eric Webb,44,nwalls@example.com,"Unit 1603 Box 6398, DPO AA 59394",Desktop,1642,Family,Monthly
3900,Erika Harrison,34,carriepearson@example.com,"5597 Santos Ports, Michaeltown, NY 77502",Desktop,3669,Premium,Monthly
3901,Heather Marsh,24,tammy89@example.com,"7748 Edward Branch, Hudsonmouth, VI 33101",Desktop,5167,Premium,Yearly
3902,Lisa Cohen,58,danieltorres@example.net,"6992 Vanessa Streets Apt. 240, New Joelhaven, NC 50139",Mobile,4806,Free,3 Month
3903,Eric Christian,65,harmonjennifer@example.org,"PSC 1121, Box 8498, APO AP 34734",Desktop,2183,Family,Monthly
3904,Christopher Weaver,44,mvargas@example.net,"060 Stewart Green, Owenfort, KY 65428",Desktop,351,Premium,Monthly
3905,Jasmine Levy,44,bridget63@example.net,"7282 Hines Tunnel Apt. 371, South Laurenview, AK 88743",Tablet,9194,Premium,3 Month
3906,Frederick Johnson,44,nmacdonald@example.net,"3890 Shaw Cliff Apt. 762, Tashachester, MA 15835",Mobile,6100,Family,Monthly
3907,Gwendolyn Kelley,44,omccullough@example.com,"Unit 4922 Box 2233, DPO AE 99248",Mobile,5663,Family,Yearly
3908,Steven Williamson,63,dennismoore@example.org,"49724 Cuevas Walks, East Keith, OK 52758",Mobile,2770,Premium,Yearly
3909,Brandi Smith,44,egarcia@example.org,"374 David Drive Apt. 288, Benjaminland, AK 04552",Mobile,7896,Premium,Monthly
3910,Sherri Collins,49,hillamanda@example.com,"1723 Jordan Port, New Isaiah, MI 09126",Tablet,249,Free,Yearly
3911,Jason Garcia,44,warepatrick@example.net,"94809 Craig Harbor, South Gailside, KS 97449",Tablet,7231,Premium,Monthly
3912,Tammy Long,49,jamesadams@example.com,"Unit 2554 Box 9635, DPO AP 76651",Desktop,5818,Free,Yearly
3913,Shirley Estrada,21,howellanne@example.com,"0752 Hill Harbor, Port Matthewberg, MA 32371",Desktop,4132,Family,Monthly
3914,Jonathan West,29,zcook@example.org,"83234 Hall Shores Apt. 782, South Summerton, MP 10932",Mobile,5391,Free,Monthly
3915,Cassandra Guzman,21,dhart@example.com,"Unit 4545 Box 2346, DPO AP 93998",Mobile,9193,Premium,Yearly
3916,Kevin Vazquez,44,garciadebra@example.com,"916 Crystal Motorway, New Brian, NH 06130",Desktop,4259,Premium,3 Month
3917,Adam Orr,55,hendersonheather@example.com,"0876 Smith Isle, West Riley, MD 13019",Desktop,901,Family,Yearly
3918,Michael Shaw,44,ccherry@example.org,"18156 Bryan Canyon Suite 457, Port Angela, CT 22464",Mobile,1154,Family,3 Month
3919,Nicholas Williams,60,allisongray@example.com,"USS Martin, FPO AP 95670",Mobile,3482,Premium,3 Month
3920,Jon Jones,41,watsonheather@example.net,"1382 Johnson Pass, Lake Amyport, TX 41409",Mobile,6502,Family,3 Month
3921,William Cunningham,39,xarmstrong@example.net,"01435 Julia Stravenue, South George, WV 83555",Desktop,8755,Free,Monthly
3922,Maria Swanson,23,michaelgamble@example.org,"7463 Daniels Parkway, Thomasberg, MP 42658",Mobile,2946,Family,3 Month
3923,Melinda Lopez,49,kellyperry@example.net,"013 Hahn Summit, New Anthony, NH 37603",Desktop,9076,Family,3 Month
3924,Kristen Ortiz,22,nicholsbrittany@example.org,"778 Thomas Valley Suite 951, South Dianahaven, WV 23951",Mobile,653,Family,3 Month
3925,Barbara Bowman,20,caitlynherman@example.com,"Unit 6562 Box 4772, DPO AP 84702",Tablet,5090,Premium,3 Month
3926,John Williams,24,pmcmahon@example.net,"51736 Christensen Fords Apt. 950, Annshire, AR 70452",Desktop,7853,Free,3 Month
3927,Lauren Sanders,54,sortiz@example.net,"9359 Jeffrey Route, Robertchester, FM 77925",Tablet,2568,Premium,Monthly
3928,Cody Schultz,27,navarronatalie@example.com,"33449 Hawkins Radial Apt. 983, Dawnborough, MN 29514",Mobile,4069,Premium,3 Month
3929,Rebecca Miranda,44,wrodriguez@example.net,"199 Melissa Spring, Lake Brandonview, UT 09628",Mobile,8292,Free,Yearly
3930,Traci Martin,70,burnettbobby@example.org,"PSC 5614, Box 0103, APO AA 29200",Mobile,4897,Free,3 Month
3931,Morgan Estes,46,samantha55@example.org,"6707 Thomas Lakes Apt. 473, Taylorburgh, KS 68706",Mobile,6726,Free,3 Month
3932,Manuel Rogers,44,veronicahenry@example.com,"1018 Wall Loop Apt. 646, Port Brianfort, IL 55673",Mobile,965,Family,3 Month
3933,James Dorsey,65,smitheric@example.net,"56872 Davis Spurs Apt. 321, Lisaville, NC 93277",Mobile,1093,Premium,Monthly
3934,Carlos Mejia,44,benjamin63@example.net,"4405 Blair Locks Apt. 373, Foxshire, NV 75070",Desktop,2172,Premium,Monthly
3935,Kyle Parker,44,pennyporter@example.com,"3084 Richard Inlet Suite 306, Lake Christianhaven, TX 37125",Mobile,5149,Premium,Monthly
3936,Michael Lynch,68,afinley@example.org,"58744 Smith Meadows Suite 520, Marybury, NM 69634",Mobile,6628,Premium,3 Month
3937,Michelle Perez,49,btorres@example.net,"728 Ewing Trail, Martinezville, AK 50187",Desktop,8763,Premium,Yearly
3938,Shannon Wilson,44,suzannewilson@example.net,"21052 Romero Crossroad Suite 706, Davisbury, UT 86772",Mobile,1387,Premium,Monthly
3939,Margaret Green,68,corey93@example.org,"30813 Campbell Alley, North Hectorport, DE 81367",Tablet,3640,Premium,3 Month
3940,Richard Edwards,44,fordjeremiah@example.com,"7112 Lisa Path, Parkerstad, NV 41850",Desktop,9380,Premium,3 Month
3941,Cynthia Atkins,20,jessicaparks@example.net,"781 Williams Circle Suite 509, East Amanda, AK 61451",Mobile,8892,Free,Monthly
3942,Philip Russell,44,jmatthews@example.org,"0861 Andrew Knoll, Ryanport, MI 03912",Tablet,1121,Family,Yearly
3943,Michelle Barker,48,sotostacy@example.com,"609 Fields Roads Suite 876, New Sandraside, HI 99779",Mobile,6126,Family,Yearly
3944,Kayla Murphy,24,austinmichael@example.com,"350 Frazier Meadows, Huntermouth, WI 92704",Mobile,7436,Premium,Yearly
3945,Catherine Pitts,44,ecohen@example.net,"489 David Land Suite 623, Andreamouth, MO 33727",Mobile,1840,Premium,Monthly
3946,Allison Scott,48,melissa97@example.org,"76033 Mcfarland Green, Josephside, PA 09757",Desktop,1505,Free,Yearly
3947,Jason Ryan,37,ashley59@example.net,"PSC 6125, Box 5827, APO AA 17210",Mobile,6268,Premium,Monthly
3948,Alicia Brooks,35,goodwincameron@example.net,"961 Brown Cliffs Suite 057, East Laura, KS 77413",Mobile,8273,Family,Yearly
3949,Ashley Zhang,66,swansonbruce@example.org,"07214 Michele Isle, South Robert, NC 93886",Desktop,1740,Premium,Monthly
3950,John Oneill,44,ubarron@example.com,"6296 Kelly Forges Suite 053, North Meghanport, MO 68340",Mobile,5286,Family,Yearly
3951,Jason Lindsey,44,taylormichael@example.org,"241 Miguel Village Apt. 531, Brianabury, FM 47512",Tablet,5175,Premium,Yearly
3952,Jeff Brooks,41,mortonalexander@example.com,"0951 Lisa Ramp, South Bradleyfurt, MT 77815",Tablet,6999,Family,3 Month
3953,Katie Anderson,57,cgoodman@example.net,"Unit 6512 Box 6207, DPO AE 49957",Mobile,1113,Free,3 Month
3954,Nathan Hall,68,tom40@example.org,"Unit 3005 Box 7814, DPO AP 64480",Mobile,2032,Family,Monthly
3955,Todd Owens,20,carrieavila@example.org,"73262 Simmons Corners Suite 484, West Keithborough, AS 14054",Tablet,3245,Family,Yearly
3956,Lawrence Daugherty,44,brookejohns@example.com,"1588 Rodriguez Springs Suite 490, North Jamesburgh, PR 60504",Mobile,1701,Premium,3 Month
3957,Andrew Holloway,44,johnrodriguez@example.net,"139 Carter Trafficway Suite 642, Port Deborahville, HI 39502",Tablet,5796,Premium,Yearly
3958,Andrew Diaz,44,kentmatthew@example.net,"373 Hobbs Isle, East Stephanietown, ND 44805",Mobile,6028,Premium,Yearly
3959,Arthur Boone,44,nbutler@example.com,"25154 Hernandez Locks Apt. 792, Williamsberg, NH 04452",Mobile,7529,Free,Yearly
3960,Robert Baker,44,brownamanda@example.com,"033 Robinson Terrace, Port Alexisstad, NV 38966",Desktop,4708,Premium,Monthly
3961,Alicia Hendrix,44,christinamyers@example.net,"9143 Jonathan Pike, Lake Steven, MN 85858",Mobile,5009,Free,Monthly
3962,Jill Peterson,67,cookmichelle@example.com,"7157 Patricia Wall, East Kelsey, AZ 51123",Mobile,9726,Premium,3 Month
3963,Mike Carter,36,amanda10@example.org,"3053 Berry Ports Apt. 846, Ponceshire, WA 70716",Mobile,8199,Premium,3 Month
3964,Philip Roman,24,egrimes@example.com,"26153 Kathryn Throughway, Lake Sarahburgh, VA 52136",Desktop,1808,Premium,Monthly
3965,Tom Keller,70,wilsonmelissa@example.org,"56665 Rebecca Locks, Tylertown, MO 35642",Tablet,1829,Premium,Yearly
3966,Carla Castro,44,njones@example.org,"USNS Bradford, FPO AE 98280",Tablet,4127,Premium,3 Month
3967,Roberto Martin,44,xacosta@example.com,"USCGC Brown, FPO AE 04197",Mobile,8006,Premium,Yearly
3968,Russell Burns,44,sbell@example.net,"495 Park Row, Lake Williamview, MO 89024",Mobile,7251,Premium,Yearly
3969,Benjamin Dalton,44,drakejennifer@example.com,"9558 John Junction Suite 978, Gibsonville, KS 32812",Desktop,8654,Family,Monthly
3970,Lorraine Carr,44,jasminedixon@example.org,"062 Santos Port, New Caitlinport, WI 14458",Mobile,4350,Premium,3 Month
3971,Jonathan Dominguez,63,aguilarraymond@example.net,"574 Michael Turnpike Apt. 591, West Kimberlyshire, CT 14623",Tablet,8675,Premium,3 Month
3972,Tracey Moore,56,nstein@example.net,"0047 Michael Place Suite 638, Bradyshire, PA 35967",Tablet,4889,Premium,Yearly
3973,Matthew Mann,60,mperry@example.org,"80827 Collier Pine, East Heidi, PR 48770",Mobile,1245,Premium,3 Month
3974,Russell Price,68,rtyler@example.org,"27397 Fuller Viaduct Apt. 496, Michaelaton, OK 16297",Mobile,4967,Premium,Yearly
3975,Nicole Hudson,22,moranjennifer@example.net,"15310 Stephanie Plain Suite 737, Laurabury, MA 01416",Desktop,7173,Family,3 Month
3976,Sean Snyder,65,davisluke@example.com,"70241 Laura Lakes, West Coryport, WI 96769",Tablet,8721,Premium,Monthly
3977,Marcus Anderson,44,kyle52@example.net,"USNV Kline, FPO AP 17285",Mobile,1286,Family,Yearly
3978,Dana Kelly,53,williemccarthy@example.org,"668 Simmons Throughway, Deanton, MA 48643",Mobile,4569,Premium,3 Month
3979,Mary Ramirez,59,ryanaustin@example.net,"USCGC Bush, FPO AA 13640",Mobile,9011,Free,Yearly
3980,Robert Wilkerson,44,mccoydiane@example.com,"763 Jeffery Dam, Dawnhaven, OR 21180",Mobile,2947,Family,3 Month
3981,Michael Allen,44,floresjoseph@example.org,"032 Oconnor Shore, Davidville, WV 76948",Tablet,8876,Free,3 Month
3982,Gabriella Contreras,44,mcollins@example.org,"27840 Adams Spur Suite 314, Timothyshire, AK 20114",Desktop,2390,Premium,Monthly
3983,Tiffany Perez,44,ibennett@example.com,"08242 Smith Lights, Cervantesview, KS 02827",Desktop,1095,Free,3 Month
3984,Thomas Rowe,43,tamara26@example.com,"0443 Dawson Drive Apt. 402, Fernandezshire, AL 03737",Mobile,975,Premium,3 Month
3985,Tina Pittman,44,theresa36@example.org,"1860 Alicia Mills, West Ashleyberg, ID 55966",Mobile,2325,Premium,Yearly
3986,William Church,59,ohammond@example.net,"55320 Lozano Brooks Suite 671, East Franklin, DE 10223",Desktop,2295,Premium,3 Month
3987,Sonia Ward,44,pauldyer@example.org,"1513 Douglas Gardens Suite 244, Jennifermouth, ND 87022",Desktop,3142,Premium,Monthly
3988,Diana Brown,44,lopezstacy@example.net,"572 Harrison Squares Suite 692, Alexmouth, WA 06070",Desktop,5907,Premium,Yearly
3989,Tina Herrera,46,khughes@example.com,"76851 Thomas Plains Suite 264, Christineville, SD 05094",Mobile,9327,Family,3 Month
3990,Anita Hernandez,26,lowens@example.net,"7359 Dawn Roads Suite 462, East Danielleburgh, ME 21949",Mobile,822,Premium,Monthly
3991,John Turner,44,farrelltimothy@example.com,"PSC 7612, Box 4478, APO AA 18640",Tablet,1661,Family,Yearly
3992,Jamie Greene,51,clayrita@example.org,"Unit 2042 Box 5845, DPO AE 59737",Desktop,7550,Free,Yearly
3993,Kelsey Mueller,30,lauren49@example.net,"Unit 2541 Box 8813, DPO AP 18557",Tablet,8916,Premium,Yearly
3994,Patricia Byrd,44,jennifercarr@example.com,"468 Nguyen Via, Michaelton, FL 11136",Mobile,6511,Family,3 Month
3995,Carol Jones,44,sarahjackson@example.net,"331 Sanders Trace, Lake Kevinmouth, VA 08847",Tablet,9109,Premium,Yearly
3996,Emily Christensen,44,michelle23@example.com,"PSC 3147, Box 1479, APO AE 75816",Mobile,2706,Premium,3 Month
3997,David Crawford,26,mitchellrodney@example.org,"51181 Aaron Coves, Jessicabury, IL 09206",Tablet,7668,Free,3 Month
3998,Patrick Ramirez,44,erica38@example.org,"9725 Frazier Camp, Arroyostad, MH 98199",Mobile,9408,Free,3 Month
3999,Kenneth Ponce,45,popejoe@example.com,"4325 Martinez Keys, South Jamie, WA 61988",Mobile,6954,Premium,Monthly
4000,Madison Rodriguez,44,jodyking@example.net,"34176 Ritter Wall Apt. 948, Port Kayla, AK 30826",Tablet,4400,Premium,Monthly
4001,Anna Lopez,44,michael77@example.net,"874 Reyes Orchard Apt. 477, Clarkside, MN 93834",Mobile,3038,Premium,3 Month
4002,Jennifer Beck,35,xtodd@example.com,"351 Thomas Causeway Suite 531, New Stephanie, NH 04826",Tablet,1608,Premium,Yearly
4003,Jessica Nichols DVM,44,fishernicholas@example.com,"PSC 7644, Box 8279, APO AA 07294",Desktop,8826,Premium,3 Month
4004,Thomas Franco,44,zorr@example.com,"USCGC Blankenship, FPO AA 84651",Tablet,3748,Premium,Yearly
4005,Tracy Gross,22,xreed@example.org,"31922 Cline Square Suite 308, South Preston, MI 38231",Mobile,3015,Free,Yearly
4006,James Jimenez,44,jessicabeard@example.net,"476 Brenda Lodge, Kevinburgh, MO 45990",Mobile,1880,Family,Monthly
4007,Thomas Morris,44,patrickrodgers@example.org,"3362 Scott Parks, Omarbury, FM 58130",Desktop,7585,Premium,Monthly
4008,Margaret Gross MD,70,nina53@example.org,"63022 Travis Light, North Alexbury, MT 16666",Desktop,435,Family,Yearly
4009,April Torres,35,garciajames@example.org,"0554 William Brook Apt. 997, New Joshua, FL 12828",Tablet,6154,Family,3 Month
4010,Gary Hayes,44,ejohnson@example.net,"0205 Tanya Trail Suite 823, New Dannyfurt, VA 22263",Tablet,2482,Family,Monthly
4011,Courtney Hines,44,qespinoza@example.com,"37162 Dennis Square, Port Jonathanberg, GU 69764",Desktop,3395,Free,Monthly
4012,Rodney Ryan,42,mary50@example.org,"36673 Pollard Roads, South Rogerhaven, NH 23036",Desktop,694,Free,Monthly
4013,Cory Rose,43,westkenneth@example.org,"31571 Ortiz Manors Apt. 519, North Marciamouth, LA 53800",Mobile,241,Premium,Yearly
4014,Jessica Ramirez,51,zimmermanvictoria@example.net,"88709 Roberto Forges, Lake Gabriela, AS 84537",Desktop,9510,Free,Yearly
4015,Ryan Chase,44,elainevalenzuela@example.net,"94784 Patterson Inlet, Bushhaven, HI 30463",Desktop,1151,Free,Monthly
4016,John Mitchell,24,james59@example.com,"Unit 0013 Box 7743, DPO AE 24142",Desktop,3100,Free,Monthly
4017,Patricia Gibson,25,mckinneykatherine@example.net,"4625 Avila Extension, West Josephville, NJ 68363",Tablet,287,Family,Yearly
4018,Mary Gardner,44,gprice@example.com,"Unit 2103 Box 1245, DPO AE 12298",Tablet,2962,Free,Monthly
4019,Jose Arnold,44,jameswhitehead@example.com,"90995 Ashley Isle Apt. 072, Nicoleville, KS 68672",Mobile,2590,Free,Monthly
4020,Joshua Carroll,40,johnsonjessica@example.net,"120 Hamilton Court, East Kyle, CO 98627",Desktop,287,Premium,Yearly
4021,Travis Kennedy,44,ngarcia@example.com,"53672 Bryant Squares Suite 226, West Patriciaside, SC 61019",Mobile,7502,Premium,3 Month
4022,Andrew Price,31,mclaughlinkatelyn@example.com,"03370 Chang Cliffs Apt. 294, Lake Jennifermouth, AK 98168",Mobile,8915,Free,Yearly
4023,Rachel Landry,65,jasonabbott@example.net,"698 Jenkins Harbor, North Jeffrey, OH 49437",Desktop,6013,Premium,Yearly
4024,Daniel Barnes,31,reynoldssandra@example.org,"58388 Tanner Shore Suite 285, Jeffreymouth, TN 63125",Tablet,912,Premium,Monthly
4025,Daniel Murphy,44,scottschultz@example.org,"806 David Circles, Rogersmouth, NE 82539",Desktop,6733,Premium,3 Month
4026,Lindsey Phillips,27,mwalton@example.net,"587 Barrett Glens, Lloydton, PR 75204",Mobile,9033,Family,Yearly
4027,Laura Taylor,42,valeriebradshaw@example.net,"72008 Ann Mission Apt. 398, Wellsview, PA 16129",Desktop,5917,Premium,Monthly
4028,Kevin Turner,44,lwhite@example.org,"9722 Glover Heights Suite 511, Laurenshire, IN 36434",Desktop,4974,Family,Monthly
4029,Brittany Allen,44,sfields@example.com,"97698 Frost Inlet, South Dawn, ND 74650",Tablet,7301,Premium,3 Month
4030,Deborah Ross,44,julie10@example.org,"657 Diana Run, Diazberg, WY 88579",Mobile,7897,Free,Yearly
4031,Kimberly Brown,25,crystalhudson@example.org,"1912 Schneider Mills, Jessicamouth, AS 72431",Mobile,6693,Family,3 Month
4032,Ann Hicks,44,darrell81@example.net,"456 Michelle Ford Apt. 481, Port Karen, GU 90900",Desktop,7751,Free,Yearly
4033,Janice Wilson,44,jamesmoore@example.com,"358 Jensen Street Apt. 094, East Renee, NE 96695",Mobile,7364,Free,Monthly
4034,Lori Ross,44,lreed@example.org,"58256 Jennifer Vista Apt. 180, Samanthaborough, OK 09247",Mobile,7487,Premium,Yearly
4035,Courtney Dixon,44,whitneycollins@example.com,"528 Alexander Green Apt. 135, Grayville, AR 48849",Mobile,2100,Family,3 Month
4036,Tina Kerr,44,geraldstanley@example.com,"594 Candice Valleys, Gregorytown, ID 11110",Desktop,5626,Premium,3 Month
4037,Christina Jones,44,parkthomas@example.com,"8410 Cynthia Avenue, East Desireefurt, ND 22767",Mobile,4150,Premium,Yearly
4038,Elizabeth Ortiz,44,brandon61@example.net,"3883 Ashley Land, South Christianview, RI 01484",Desktop,9244,Premium,3 Month
4039,John Wheeler,44,mikayla45@example.net,"973 Lee Spurs Suite 736, East Marymouth, CA 37734",Mobile,942,Premium,Yearly
4040,Johnny Alvarado,44,oramirez@example.net,"636 Randy Park Suite 540, Thomasshire, FM 04052",Desktop,780,Free,Yearly
4041,Mark Wilson,41,kathryn21@example.org,"9804 Chan Fork Suite 677, Baileyport, ND 93106",Desktop,8547,Premium,3 Month
4042,Lisa Howard,19,jbrady@example.net,"71058 Mike Ports, Davidville, TX 08888",Tablet,3370,Premium,Monthly
4043,Cheryl Rodriguez,44,lauren32@example.org,"1565 Henson Junctions Suite 771, Chelseaborough, TN 82627",Desktop,7628,Free,3 Month
4044,Mary Leonard,44,lmacdonald@example.net,"4189 Phillip Island Apt. 820, Shahburgh, DC 89088",Desktop,6538,Premium,3 Month
4045,Julia Logan,44,fhudson@example.com,"063 Tyler Underpass, East Joshuaville, NV 14951",Desktop,9918,Family,Monthly
4046,Danielle Palmer,59,obell@example.net,"31594 Matthews Motorway Apt. 820, Cynthiamouth, KY 09441",Desktop,9938,Free,Monthly
4047,Meredith Mills,44,jeffrey87@example.net,"920 Johnny Crest, Lake Katherinefurt, CA 65375",Desktop,2566,Family,3 Month
4048,Marc Skinner,44,joneswalter@example.net,"574 Anderson Lane, Lake Victoriahaven, WY 51645",Mobile,7194,Family,Yearly
4049,Todd Arellano,42,chadwu@example.com,"7625 Robert Burg, Burkeland, GA 65550",Desktop,5733,Premium,Monthly
4050,Kayla Morton,44,brian04@example.com,"6035 Rebecca Loaf Suite 940, Port Johnbury, DE 85660",Mobile,6050,Free,Monthly
4051,Kirsten Raymond,44,robertsnicole@example.net,"3032 Campbell Inlet, Robertstad, OK 38417",Desktop,6674,Family,3 Month
4052,Jose Trevino,60,walter89@example.net,"0561 Valerie Lakes, South Jennifer, WY 50356",Desktop,5569,Family,Monthly
4053,Patricia Perez,46,williejacobs@example.com,"Unit 0120 Box 2129, DPO AP 98597",Mobile,5372,Premium,Monthly
4054,Jennifer Lewis,29,chelsea57@example.com,"USCGC Sandoval, FPO AE 06937",Mobile,1480,Premium,Yearly
4055,Gregory Berry,20,crystalcantu@example.org,"Unit 6617 Box 8873, DPO AE 72393",Mobile,9454,Premium,Yearly
4056,Joseph Richard,40,evanslisa@example.org,"04378 Michael Villages, East Tammy, GA 15758",Desktop,6069,Premium,Monthly
4057,Olivia Bishop,24,rosarionina@example.net,"Unit 0904 Box 5077, DPO AA 48823",Mobile,2349,Premium,Yearly
4058,Vanessa Patterson,23,frankcarson@example.org,"8333 Gardner Flats Suite 996, Morenoville, VT 56788",Desktop,182,Premium,Yearly
4059,Joseph Morales,44,elizabeth16@example.com,"01093 Bell Crossing, West Nancymouth, NV 39893",Mobile,3186,Family,Monthly
4060,Deanna Bird,44,alexandertaylor@example.net,"83131 Michael Loaf, Galvanmouth, TN 34972",Desktop,477,Premium,3 Month
4061,Thomas Perry,44,jrogers@example.org,"877 Isaac Pines, New Kenneth, TN 87718",Tablet,7068,Family,Monthly
4062,Albert Bowen,53,terrence66@example.org,"USCGC Mullins, FPO AE 29706",Desktop,3552,Premium,Monthly
4063,Sarah Myers,24,marcreynolds@example.org,"69679 Guzman Pine, New Michael, NY 16673",Tablet,9371,Free,Monthly
4064,James Jordan PhD,28,oshaw@example.net,"100 Jenkins Tunnel, Brandychester, NY 98341",Desktop,5636,Free,3 Month
4065,Jason Hill,50,brownkevin@example.com,"Unit 3233 Box 3665, DPO AP 09758",Mobile,3510,Family,Yearly
4066,Angela Barnes,20,emilybennett@example.com,"9109 Joseph Bypass, West Jacob, NH 48492",Mobile,3364,Family,3 Month
4067,Dan Davis,57,gallagherchristopher@example.com,"4780 Acevedo Loaf, North Jasonland, PW 03141",Mobile,3930,Premium,3 Month
4068,Paula Brock,44,kimberlybishop@example.org,"08550 Ponce Estates, East Ashlee, MT 77945",Mobile,9198,Premium,Monthly
4069,Ruben Valenzuela,44,christinawood@example.org,"865 Hayes Hill, East Kathleenchester, NY 55983",Desktop,3966,Family,Monthly
4070,Evan Myers,52,obarron@example.org,"76693 Ryan Pine Apt. 190, West Debra, MA 11096",Desktop,8482,Free,3 Month
4071,Nicholas Rose,44,lanemichael@example.net,"1583 May Inlet, Brandonside, WI 52772",Mobile,6121,Premium,3 Month
4072,Jackie Wilkerson,44,thomas86@example.org,"PSC 6275, Box 2330, APO AA 87231",Mobile,4413,Family,Monthly
4073,James Thomas,57,robert38@example.com,"826 Danielle Meadow Apt. 742, Port Scott, TX 93191",Tablet,1865,Family,3 Month
4074,Rachel Guzman,44,tsparks@example.org,"26590 Katrina Parks, Austinshire, VT 19189",Desktop,6368,Family,Yearly
4075,Alex Torres,25,moralesmargaret@example.net,"37224 Coleman Extensions Suite 436, Port Tinaside, IL 14320",Tablet,5631,Family,3 Month
4076,Cheryl Cherry,44,zachary62@example.net,"02053 Alexander Park, Thompsonfort, IL 47769",Mobile,9007,Premium,Yearly
4077,Russell Dennis,44,whitney67@example.com,"PSC 5499, Box 9165, APO AE 41961",Mobile,2087,Free,Monthly
4078,Stephen Shaw,44,hwilson@example.org,"576 Michael Path Suite 421, Katiebury, OH 93525",Desktop,7699,Premium,Yearly
4079,Daniel Harrison,44,jeffreygomez@example.net,"222 Rodriguez Ports, Brownville, KS 51378",Desktop,4679,Premium,3 Month
4080,Michelle Peters,27,kjones@example.net,"33204 Emma Trail Apt. 654, West Stacy, MP 45805",Desktop,3541,Family,Yearly
4081,Christine Buckley,26,djones@example.org,"750 Mark Gateway, Tamaraton, ND 07543",Tablet,2138,Free,3 Month
4082,Shawn Park,44,mario46@example.com,"155 Rivera Drive, Lake Kirsten, GU 71474",Desktop,5135,Free,3 Month
4083,Cathy Chavez,53,snorris@example.net,"71520 Shawn Loop Apt. 248, Marcuschester, TN 39011",Mobile,4364,Family,Yearly
4084,Joshua Grant,18,scantrell@example.com,"22390 Ramirez Circle, Homouth, MI 25213",Desktop,6749,Family,Yearly
4085,Timothy Henson,18,joseph15@example.com,"0505 Ashley Centers, Emilyfort, ID 76485",Desktop,1537,Free,3 Month
4086,Wendy Morrison,44,belinda35@example.org,"247 Huff Villages Suite 317, Danielview, TX 39615",Mobile,3207,Premium,Monthly
4087,Tabitha Strong,44,mikepetersen@example.net,"287 Gross Lock, North Tiffany, NH 16452",Desktop,573,Family,Monthly
4088,Ruth Perez,26,teresaburns@example.com,"17307 Patrick Park Suite 064, South Crystal, OK 86141",Desktop,4234,Premium,Yearly
4089,David Fisher,30,jasmin98@example.com,"1224 Ware Unions Apt. 650, West Austin, HI 49590",Mobile,2965,Premium,Yearly
4090,Cynthia Nguyen,50,brownjohn@example.net,"74269 Robert Lake Suite 786, New Alexistown, WI 08294",Mobile,7392,Premium,3 Month
4091,Kelli Rodriguez,50,twhite@example.net,"867 Tracy Brook, Port Daniel, MS 99319",Tablet,7501,Family,Monthly
4092,Nicole Davis,44,karlaguirre@example.org,"1527 Mckay Village, Morrowville, AL 25594",Mobile,9939,Premium,3 Month
4093,Sherry Carter,44,gcook@example.net,"4900 Garcia Centers, Bryantfurt, PA 07967",Desktop,8434,Family,Monthly
4094,Daniel Gilbert,44,calvinwade@example.net,"33512 Lewis Park Apt. 100, New Jason, HI 78199",Mobile,5655,Family,3 Month
4095,Kelly Murray,44,owilkerson@example.org,"157 Kayla Views Apt. 086, East Lindseyland, MH 60781",Mobile,6686,Premium,Yearly
4096,Evan Wiley,44,xpatrick@example.org,"91371 Alexander Land, Vanessastad, SC 63577",Desktop,3219,Free,Monthly
4097,Jason Kerr MD,58,uacevedo@example.net,"786 Moore Heights, New Christine, ME 67785",Desktop,5261,Free,Monthly
4098,Stanley Massey,44,teresa85@example.net,"9582 Carolyn Trail, New Amyshire, LA 07299",Desktop,3409,Family,Yearly
4099,Janice Flores,44,phillipsjames@example.net,"778 Myers Summit Apt. 455, Kaylaborough, IA 09727",Desktop,3128,Premium,Yearly
4100,Bonnie Dalton,44,jhoward@example.net,"732 Jackson Villages, South Brandon, KY 01631",Mobile,2361,Premium,Monthly
4101,Eric Espinoza,26,btaylor@example.com,"31929 Gregory Glens Suite 848, East Jenniferburgh, NM 72933",Desktop,789,Family,Monthly
4102,Bradley Brown,21,mark64@example.com,"670 Steven Port, Sethside, VA 85062",Mobile,9394,Free,Yearly
4103,Susan Ashley,44,joelfrost@example.org,"95139 White Springs Suite 617, Robertfort, WA 53379",Tablet,657,Free,3 Month
4104,Sarah Williams,37,hshields@example.net,"PSC 7662, Box 7551, APO AP 61899",Mobile,4409,Premium,Yearly
4105,Charles Webster,44,tinaglover@example.net,"70882 Allison Square, Port Sandrastad, MN 27130",Mobile,1906,Premium,Yearly
4106,Jose Huffman,44,zbrown@example.com,"3736 Crystal Causeway Apt. 086, Sarachester, NC 11350",Tablet,635,Family,Yearly
4107,Olivia Miller,44,xwoods@example.com,"527 Romero Pine, Jeffersonshire, NC 49945",Desktop,3881,Premium,Yearly
4108,Jesus Frazier,44,ipineda@example.net,"196 Jennifer Well, Paulborough, DC 82750",Tablet,8949,Free,3 Month
4109,Rachel Simmons,44,jamesraymond@example.net,"975 Greene Mill Suite 463, Kimberlyview, OH 80842",Desktop,1389,Premium,Yearly
4110,Melissa Gallegos,66,zwiggins@example.net,"475 Joshua Turnpike, Changview, MS 93109",Desktop,9439,Family,Yearly
4111,Jeremy Cooley,61,emilyholmes@example.com,"14618 Clark Courts, West Tony, WI 40425",Desktop,524,Free,Monthly
4112,Heather Bean,20,kramertyler@example.com,"919 Drew Land Suite 706, North Brandi, AL 92289",Mobile,3143,Premium,3 Month
4113,Sarah Evans,60,cheyennehawkins@example.org,"63564 Cody Trail Apt. 946, Lake Dylanbury, MA 54688",Desktop,1486,Premium,Yearly
4114,David Kennedy,50,shane64@example.com,"7098 Glenn Prairie Suite 413, Devonhaven, PA 26387",Tablet,1519,Free,3 Month
4115,Steve Smith,40,watsonsarah@example.org,"PSC 0044, Box 4271, APO AA 72269",Desktop,2257,Free,Yearly
4116,Jonathan Parker,44,jordangina@example.net,"14639 Gardner Neck Apt. 427, Lake Christophershire, DE 52096",Mobile,2135,Free,Monthly
4117,Erica Santos,44,theresa19@example.com,"1116 Francis Via, Patriciabury, NC 82531",Desktop,8236,Family,3 Month
4118,Jonathan Stark,68,espinozaanthony@example.com,"65117 Vincent Tunnel Suite 350, Claudiaburgh, DC 10258",Desktop,354,Free,Yearly
4119,Ana Novak,44,obrienpatrick@example.org,"235 Martin Park, North Ronaldside, MI 59685",Mobile,3589,Premium,Yearly
4120,Joyce Price,44,jeffreypowell@example.com,"1089 Cruz Village Apt. 134, West Leslieton, MO 98034",Mobile,7208,Premium,3 Month
4121,Nicole Bell,44,tim01@example.net,"1220 Silva Isle, Lake Christopherburgh, WI 54781",Tablet,3635,Free,Monthly
4122,Diane Martinez,44,melissa12@example.net,"960 Moss Ports Suite 543, Wrightbury, NH 00731",Desktop,3927,Family,Monthly
4123,Jose Martin,31,madisonwells@example.com,"540 Kelly Dale Apt. 909, Carterborough, IN 91725",Mobile,1193,Premium,3 Month
4124,Katherine Jones,44,vmedina@example.org,"397 Mcdowell Burg, Riosborough, ME 04593",Desktop,7712,Free,3 Month
4125,Marissa Johnson,44,roberthunter@example.org,"5881 Gregory Spring, Elizabethchester, WI 76991",Desktop,6359,Family,Monthly
4126,Harold Banks,18,caldwellrobert@example.org,"96726 King Springs, Marvinhaven, OR 76568",Tablet,2066,Family,Monthly
4127,Paula Warren,44,kwyatt@example.org,"709 Melissa Viaduct Suite 083, Reillyfort, FL 02210",Mobile,2673,Premium,Yearly
4128,Michael Lloyd,44,aguilardaniel@example.com,"81906 Jesus Mall Apt. 022, Daltonmouth, ID 98224",Mobile,2338,Family,Yearly
4129,David Pennington,34,ikelly@example.net,"22653 French Isle, Michaelport, TX 07235",Desktop,7729,Family,Monthly
4130,Mary Robinson,65,gardnerdonna@example.org,"7758 John Throughway Apt. 088, Rangelhaven, IL 37705",Mobile,4450,Free,3 Month
4131,Tina Sanchez,44,jenniferallen@example.net,"81828 Bruce Plains Apt. 975, South Mary, MA 57051",Mobile,5709,Premium,Monthly
4132,Bill Sandoval,69,hunterhunter@example.net,"70727 Mckinney Harbors Suite 951, Manuelstad, IA 27753",Desktop,4034,Family,Yearly
4133,Edwin Marsh,44,navarrojoseph@example.com,"69838 Nixon Knoll Suite 274, Port Cindy, NJ 01886",Desktop,9564,Free,3 Month
4134,Thomas Page,69,czamora@example.com,"329 French Fork Apt. 897, South Traci, GU 34666",Desktop,7532,Premium,3 Month
4135,David Valenzuela,44,diazemily@example.net,"3492 Rodriguez Ford, South Ashleyton, LA 64330",Mobile,8636,Premium,3 Month
4136,Brian Short,44,joshua84@example.org,"1081 Dana Divide Suite 551, Lake George, GU 93473",Mobile,1959,Family,3 Month
4137,Megan Larson,44,gary44@example.org,"3696 Jack Viaduct, Lake Frankburgh, WI 44735",Desktop,3298,Premium,3 Month
4138,Elizabeth Hopkins,48,paynechristina@example.net,"507 Black Plain, Davidland, PA 57459",Desktop,7407,Premium,3 Month
4139,Dylan Pruitt,44,uwalker@example.net,"96902 John Field Apt. 181, East Cassandra, PW 42786",Tablet,1692,Family,Yearly
4140,Daniel Rosales,65,michael71@example.com,"24213 Carlson Corners, North John, MT 12342",Desktop,2576,Premium,Yearly
4141,Amanda Greer,42,ochoamelissa@example.com,"49038 Grant Heights Apt. 087, Lake Dylanborough, RI 67273",Desktop,3690,Premium,Monthly
4142,Jonathan Smith,44,sharon81@example.com,"0201 Summers Crossroad Apt. 441, Snyderton, DE 99787",Mobile,1856,Free,3 Month
4143,David Pearson,44,rshields@example.com,"039 Mary Gateway Apt. 466, Duffyborough, LA 42903",Tablet,6243,Family,3 Month
4144,Brian Simpson,31,pamela74@example.net,"3593 Rice Roads Suite 711, New Saraton, HI 49784",Desktop,7779,Premium,3 Month
4145,Ashley Raymond,44,markdavidson@example.net,"645 Alicia Mews, Jefferytown, TX 27080",Desktop,3771,Premium,Monthly
4146,George Hernandez,44,fredericklewis@example.com,"9061 Colleen Skyway Apt. 223, Dunnland, MO 84460",Mobile,2845,Premium,3 Month
4147,Anne Thomas,53,mckeerobert@example.org,"525 Michael Flat, Snyderport, MD 86135",Tablet,1294,Premium,Monthly
4148,Alice Haynes,44,vwilliams@example.net,"79870 Ebony Summit, Olsonbury, GU 44024",Desktop,6749,Free,Monthly
4149,Diane Wells,32,lucashull@example.com,"4830 Eugene Cliffs, Wilsonbury, NV 94405",Mobile,4028,Premium,Monthly
4150,Kellie Clark,44,ccoleman@example.org,"08949 Diana Manor Suite 549, Lake Meaganburgh, NM 91003",Desktop,5301,Family,3 Month
4151,Tracy Hammond,40,umartin@example.org,"72242 Snyder Bypass Apt. 164, Port Debrabury, NJ 06787",Desktop,7129,Premium,Yearly
4152,Benjamin Olson,44,biancahudson@example.com,"515 Elliott Greens, Cynthiaberg, HI 41399",Tablet,2784,Free,Yearly
4153,Cynthia Dixon,44,emilyreynolds@example.net,"Unit 9037 Box 7157, DPO AP 01696",Mobile,3547,Premium,3 Month
4154,Elizabeth Rivera,44,tgriffin@example.net,"USCGC Washington, FPO AE 89164",Mobile,9695,Premium,Yearly
4155,Brian Graves,27,lauren83@example.net,"1464 Sanchez Lock, West Nicole, VA 63767",Tablet,3227,Free,Monthly
4156,Kayla Grant,44,bryantbetty@example.org,"USCGC Johnson, FPO AE 36617",Desktop,4277,Free,Yearly
4157,Justin Lynch,44,vasquezangela@example.org,"172 Christina Tunnel, Kimberlyport, WY 58541",Mobile,4077,Family,Monthly
4158,John Fuller,44,ronaldguzman@example.org,"27085 Gary Club, Barryhaven, AK 63557",Mobile,8396,Free,Yearly
4159,Todd Lopez,31,tstafford@example.com,"11083 Tracy Springs Apt. 503, South Gloriafort, RI 48404",Mobile,2121,Family,Monthly
4160,Robert Bryant,44,nhays@example.com,"02925 Williamson Green Apt. 492, Ryanview, OK 52462",Mobile,225,Free,Monthly
4161,Craig Fischer,63,denisedavis@example.net,"Unit 5331 Box 9251, DPO AP 78216",Desktop,7443,Free,Yearly
4162,Steven Ware,53,staylor@example.net,"635 Jessica Street, Johntown, CA 48464",Desktop,462,Premium,3 Month
4163,Carlos Mckinney,44,mcummings@example.net,"26830 Booth Lights, Paulmouth, VA 71391",Mobile,2144,Free,Yearly
4164,Alyssa Mills,44,rowematthew@example.com,"92963 Riley Streets, Kennedytown, NM 90932",Mobile,4882,Free,3 Month
4165,Melissa Reyes,44,maynardjacob@example.com,"091 Natalie Garden Apt. 653, Calderonfort, CO 71586",Tablet,2172,Premium,Monthly
4166,Patricia Cruz,70,cody03@example.net,"598 Kayla Mews Apt. 102, Perezshire, RI 23866",Mobile,3559,Family,Monthly
4167,Kenneth Navarro,37,rjackson@example.com,"553 Singh Roads Apt. 142, Donaldsonstad, AL 59341",Mobile,2315,Free,Monthly
4168,Colton Anderson,70,moorejoshua@example.org,"675 Christopher Spring, Heidichester, SD 11503",Mobile,8102,Free,Monthly
4169,Samantha Molina,39,natasha31@example.org,"39238 Natalie Mission, Johnsonton, KS 81244",Desktop,5246,Free,Monthly
4170,Lisa Salinas,44,jsmith@example.org,"PSC 4025, Box 6802, APO AP 90782",Desktop,112,Premium,Yearly
4171,Anthony Beck,44,scott76@example.org,"9471 Elizabeth Ways, Michaelshire, WV 93884",Mobile,5578,Family,3 Month
4172,Ricky Mcdaniel,44,christopher65@example.org,"352 Hunter Squares, Kimberlyhaven, FL 50318",Mobile,7104,Premium,Monthly
4173,Steven Hart,40,wwilliams@example.net,"9283 Miller Canyon, Lake Christopher, KY 58942",Tablet,2714,Free,Yearly
4174,Molly Woods,49,qharris@example.com,"74620 Bowman Wells, New James, PA 24733",Desktop,6973,Premium,3 Month
4175,Heather Webb,65,brittany20@example.org,"USNS Jones, FPO AP 91632",Tablet,4863,Premium,Yearly
4176,Christopher Silva,48,nicholas74@example.com,"955 John Meadows Apt. 190, Ayerschester, KY 18570",Mobile,2624,Free,Yearly
4177,Jessica Thompson,44,lisa65@example.net,"8973 Perry Place, New Robert, CO 98574",Desktop,5614,Premium,Monthly
4178,Mark Wells,44,christinamack@example.com,"939 Jason Key Apt. 009, Racheltown, RI 30802",Desktop,7318,Free,3 Month
4179,Joseph Gray,44,zbrown@example.net,"213 Heather Greens Suite 001, Boydshire, UT 85077",Desktop,5575,Family,Monthly
4180,Drew Robles,37,jordanterrell@example.org,"272 Pamela Mountains, Davidview, OK 43402",Mobile,7570,Premium,3 Month
4181,Jonathan Newman,44,toddgray@example.org,"237 Debra Meadows Suite 027, Lawrenceview, KS 55304",Tablet,3154,Premium,Yearly
4182,Terri Marquez,44,theodorelong@example.org,"0815 Tabitha View, Lake Brittany, MI 97836",Mobile,7160,Premium,3 Month
4183,Michael Reed,44,amanda80@example.net,"135 Patricia Squares, Williamhaven, UT 78097",Desktop,6285,Premium,Yearly
4184,Renee Rios,44,carsonnicholas@example.com,"1377 Burns Club Suite 851, Simpsonland, WV 11592",Mobile,3370,Premium,3 Month
4185,Jared Paul,44,michaelfleming@example.com,"7444 Larry Turnpike, North Richard, MT 87861",Desktop,8708,Family,Monthly
4186,Sean Martin,44,kramermatthew@example.org,"9975 Barton Path, Acostastad, VT 78205",Tablet,3992,Premium,3 Month
4187,William Richardson,26,michellefisher@example.com,"93663 Green Locks, Port Timothy, OH 64975",Desktop,5621,Family,Monthly
4188,Mary Chandler,44,claytoncross@example.org,"4717 Hunter Lodge Suite 982, Wangside, AS 23192",Mobile,699,Family,Monthly
4189,Eddie Moore,65,graysandra@example.com,"723 Charles Roads Suite 891, Lake Laura, PA 67310",Desktop,7221,Premium,Monthly
4190,Samantha Carrillo,44,price@example.net,"37709 Wilkins Locks Suite 269, Bradyport, OH 13772",Desktop,1909,Premium,3 Month
4191,Tara Garcia,69,kennethwilson@example.net,"750 Brown Keys Suite 767, Pamelafort, MH 83341",Desktop,5633,Premium,3 Month
4192,Craig Wolfe,44,michael34@example.net,"16474 Ronald Landing, Galvanland, GA 55036",Mobile,5675,Family,Monthly
4193,David Tucker,44,scottjacobs@example.com,"13502 Scott Summit Apt. 867, East Tammytown, AR 30811",Mobile,5356,Premium,Yearly
4194,Mitchell Lewis,44,michele28@example.net,"320 Stephen Summit Apt. 261, Lake Joan, SC 23571",Desktop,9078,Family,3 Month
4195,Nicole Young,44,rgarza@example.org,"PSC 9097, Box 2408, APO AP 27263",Mobile,7564,Free,3 Month
4196,Kevin Frazier,40,pking@example.net,"PSC 8484, Box 8922, APO AE 18672",Tablet,4838,Premium,3 Month
4197,Jennifer Roth,20,charris@example.com,"497 Perez Pike Suite 356, West Ashley, MA 54720",Mobile,4710,Family,3 Month
4198,Miss Erin Mcconnell MD,44,troyadams@example.net,"Unit 8780 Box 2284, DPO AE 24959",Desktop,8463,Premium,Yearly
4199,John Graves,46,scott27@example.net,"681 James Heights Suite 121, West Frank, MS 27846",Mobile,8975,Free,Yearly
4200,Joseph Garcia,48,haaslori@example.org,"PSC 8273, Box 5707, APO AE 55666",Desktop,6106,Premium,3 Month
4201,Tabitha Burns,70,josephfrank@example.net,"224 Diane Plains, Lake Patricia, PR 53589",Desktop,3405,Free,Yearly
4202,Misty Garcia,50,robinsoncindy@example.org,"83250 Ortiz Pine Suite 296, Gonzalezborough, IA 47800",Mobile,8017,Premium,3 Month
4203,Benjamin Berry,44,kjohnson@example.net,"15766 Tina Shores, Joseberg, DE 16296",Mobile,3083,Family,Monthly
4204,Ryan Perez,27,gilbertrachel@example.net,"260 Valentine Groves, Michelleland, MA 68751",Mobile,2237,Premium,3 Month
4205,Anthony Allen,41,danny98@example.net,"9058 Mark Spur Suite 762, Port Kathryn, FL 22046",Mobile,7181,Free,3 Month
4206,Mark Hawkins,40,lwilliams@example.com,"4934 William Roads, East Davidville, DC 89268",Desktop,3960,Premium,Monthly
4207,Lauren Jackson,44,kristenhernandez@example.com,"576 Harmon Landing Apt. 761, Yatesville, MI 85240",Desktop,2732,Family,Yearly
4208,Keith Scott,44,bobby97@example.org,"PSC 6483, Box 1004, APO AP 91859",Mobile,3740,Premium,Yearly
4209,Patrick Thomas,45,zacharyherring@example.net,"38524 Tony Mission Apt. 012, East Jamie, VT 84871",Desktop,7272,Family,Monthly
4210,Stacie Gutierrez,22,yjames@example.org,"2524 Kimberly Mountains, Port Michael, NV 89362",Mobile,6495,Premium,3 Month
4211,Frederick White,44,washingtondenise@example.net,"19999 Garza Fall, New Patricia, NH 65094",Tablet,8092,Premium,Monthly
4212,Carl Walker,44,gonzalesrichard@example.net,"33602 Chapman Club Apt. 079, East Darrellchester, AR 62709",Desktop,7289,Premium,3 Month
4213,Courtney Baldwin,66,chambersdaniel@example.org,"931 Joseph Flat, Hodgeville, MH 27210",Desktop,4717,Family,3 Month
4214,Maria Jones,46,linda37@example.net,"3721 Shah Ports Apt. 615, Hernandezbury, WY 17552",Desktop,6114,Free,Yearly
4215,Mark Ortega,59,riverarose@example.com,"1891 Lauren Dale Suite 275, Port Rodney, NH 40922",Mobile,9522,Free,Monthly
4216,Jennifer Farmer,35,lauren15@example.org,"084 Mathews Trace Apt. 548, South Nataliehaven, VI 36863",Desktop,6952,Family,3 Month
4217,Rebekah Martin,37,shelbyblack@example.org,"68762 Chelsea Causeway, Lopezville, AR 96694",Desktop,4074,Family,3 Month
4218,Sean Hawkins,44,gallagherjonathan@example.net,"067 David Lakes, West Jeremiah, NY 82975",Mobile,1197,Free,3 Month
4219,Sarah Davis,24,kimberlyguerrero@example.net,"2327 Yates Terrace Suite 726, East Arthur, NE 60824",Desktop,3347,Free,Monthly
4220,Kenneth Burke,26,nbrown@example.net,"37618 Burns Gateway Apt. 918, Jacksonmouth, NH 80529",Tablet,2810,Free,Yearly
4221,Justin Gardner,44,ugreene@example.net,"061 Barbara Walks Apt. 247, West Karen, ME 30281",Mobile,2235,Family,Yearly
4222,Jacqueline Miller,44,gcochran@example.net,"428 Jacob Lock Suite 008, East Melissaland, SD 46639",Mobile,1653,Family,Monthly
4223,Robyn Callahan,40,acostakelsey@example.net,"5607 Rhonda Vista, Port Stephenchester, DC 89393",Mobile,6515,Free,Yearly
4224,Karen Duncan,44,april02@example.org,"16962 Logan Rapid, Stoneport, WV 26194",Desktop,5899,Family,Yearly
4225,Gail Wood,54,pmurphy@example.com,"118 Hines Circles, Scottport, AZ 72656",Desktop,440,Premium,Monthly
4226,Robin Price,44,heather90@example.net,"296 Rodney Plaza, Andreashire, NC 77426",Mobile,5993,Family,Yearly
4227,Jennifer Waters,36,tmoore@example.org,"273 Clark Views, Jacksonland, ID 47745",Desktop,3338,Family,Yearly
4228,Megan Carter,18,youngkevin@example.com,"6386 Hall Lock Apt. 331, Debraland, KS 21769",Desktop,883,Premium,Monthly
4229,Tanner Walter,44,elizabethcrawford@example.org,"38263 Snyder Village, Santiagoland, MP 18330",Mobile,5163,Premium,Yearly
4230,Jesus Jennings,44,ivaldez@example.com,"5473 Mcclain Walks, Ochoabury, MP 72432",Mobile,3462,Family,Monthly
4231,Rebecca Ortiz,44,paul99@example.org,"435 Howard Coves, South Morganshire, TX 46995",Mobile,3257,Premium,3 Month
4232,Natasha Perry,44,kathryn33@example.com,"471 Swanson Circle Apt. 694, East Ashley, IL 92063",Desktop,4767,Free,3 Month
4233,Debra Ramirez,53,schapman@example.com,"823 Rebecca Rapids Suite 393, Lindsayland, AK 66630",Mobile,3081,Premium,Yearly
4234,Joseph Barr,22,crussell@example.org,"83847 Heather Mount Apt. 474, Port Leah, NE 91969",Mobile,8193,Premium,3 Month
4235,Seth Tyler,44,megan80@example.org,"514 Heather Junctions, North Jenniferport, AR 16729",Desktop,9240,Premium,Yearly
4236,Mark Williams,67,alexanderwatson@example.com,"054 Aaron Avenue, Robertborough, MT 62243",Tablet,5737,Premium,Monthly
4237,Kristin Davis,48,erinwood@example.com,"8729 Chambers Rue, Troyton, PR 13623",Mobile,6582,Family,Yearly
4238,Brenda Perkins,40,dana54@example.net,"603 Thomas Motorway Apt. 449, Port Jacqueline, AS 16050",Desktop,2730,Premium,Monthly
4239,Juan Brown,44,andrewsrobert@example.org,"05346 Kaitlyn Tunnel, West Ashley, MH 92901",Desktop,8825,Premium,3 Month
4240,Mark James,44,nicholasperez@example.org,"744 Carpenter Ports Suite 793, Bakerside, FL 43098",Mobile,5216,Premium,3 Month
4241,Frederick Gonzalez,44,jack12@example.net,"288 Jennifer Trail Apt. 288, Elizabethhaven, ID 84611",Mobile,1208,Free,Monthly
4242,James Willis,31,morrisvictoria@example.org,"9767 Kimberly Radial, Meganport, MA 44453",Mobile,9280,Family,Yearly
4243,Louis Clark,21,keith68@example.net,"09519 Holly Parkways, South John, WV 17375",Tablet,8423,Free,Yearly
4244,Mark Rodriguez,36,lawsonmichael@example.com,"USNS Hicks, FPO AE 06612",Tablet,2328,Free,Yearly
4245,Jamie Clarke,40,troyfigueroa@example.net,"3581 Monica Divide, Mcbrideton, WV 37321",Mobile,5353,Free,3 Month
4246,Heather Burgess,44,hicksphilip@example.com,"Unit 6292 Box 4718, DPO AE 74096",Desktop,448,Family,3 Month
4247,Rachael Clark,44,wshepherd@example.net,"0279 James Knolls Apt. 061, West Patricia, MN 82893",Desktop,6889,Free,3 Month
4248,Brian Johnson,31,bryan51@example.com,"4553 Martinez Center, Garychester, MH 88168",Mobile,4811,Premium,Monthly
4249,Patrick Nichols,44,eproctor@example.com,"03850 King Views Apt. 272, New Heatherbury, OR 43646",Tablet,830,Free,Monthly
4250,Patrick Harvey,65,vlopez@example.com,"297 Ponce Track, South Jonathan, PR 97482",Tablet,6679,Premium,3 Month
4251,Hayden George,49,yarias@example.net,"173 Linda Brooks Apt. 532, Jamesbury, AZ 49194",Tablet,6792,Premium,3 Month
4252,Marie Taylor,44,lhicks@example.com,"60416 Kirk Squares Suite 870, Danafort, MO 77324",Mobile,2249,Premium,Monthly
4253,Laura Adams,44,rsutton@example.com,"79434 Jimenez Rest, Lake Rebecca, IN 51983",Desktop,6010,Premium,3 Month
4254,Tracy Ford,63,gibsonrebecca@example.org,"71625 Moody Crescent Suite 226, North Brianberg, UT 26123",Mobile,8789,Premium,3 Month
4255,Christopher Browning,44,alyssa12@example.com,"5940 Ariel Mountains, Port Harold, NM 56477",Tablet,6195,Family,3 Month
4256,Haley Stout,44,natalie62@example.com,"Unit 0565 Box 3084, DPO AA 74886",Tablet,6157,Premium,Yearly
4257,Lisa Carter,44,kaitlingilbert@example.net,"25056 Heather Mews, South Raven, WY 31142",Desktop,8544,Free,Monthly
4258,John Hamilton,44,mullenmark@example.org,"12125 Nelson Trail Suite 020, New Joseville, VA 60966",Mobile,7229,Family,3 Month
4259,Emily Davis,35,robert37@example.net,"3824 Melissa Fords Apt. 451, Port Victoria, PW 47345",Desktop,2276,Free,3 Month
4260,Jennifer Paul,44,bonillacharles@example.net,"64224 Emily Mission, Alexandershire, WA 42360",Mobile,8519,Family,3 Month
4261,Daniel Taylor,44,jennifer63@example.com,"20441 Smith Squares, North Victoria, NM 78203",Mobile,6400,Family,Yearly
4262,Lauren Colon,44,molly10@example.net,"7987 Chang Drive Apt. 726, West Scotthaven, SC 07229",Desktop,3950,Premium,Yearly
4263,Kyle Ramirez,44,pauljohnson@example.com,"25249 Jasmin Keys, Zhangtown, IA 94581",Desktop,824,Free,Yearly
4264,Michael Smith,44,paguilar@example.net,"PSC 8591, Box 6246, APO AP 71061",Mobile,2271,Premium,Yearly
4265,Anna Lopez,44,watsonbenjamin@example.org,"62574 Jason Hollow Apt. 715, West Isaacstad, MP 64024",Mobile,4053,Free,Yearly
4266,James Hanna,44,taylortracie@example.com,"9284 James Brooks Suite 493, Robinsonfurt, HI 74618",Desktop,4005,Premium,Monthly
4267,Brian Robinson,44,lmorales@example.org,"028 Kaitlyn Loaf, Gloriachester, SC 32457",Tablet,236,Premium,Yearly
4268,Carrie Lee,44,isaac84@example.org,"3912 Crawford Isle, North Mackenzie, VT 84092",Desktop,6692,Premium,Monthly
4269,David Miller,64,george71@example.org,"16220 Jessica Centers Suite 313, New Lisa, OH 57479",Tablet,8100,Free,Monthly
4270,Sara Lambert,44,jenniferleblanc@example.org,Not Provided,Mobile,6590,Premium,Monthly
4271,Lindsay Guzman,44,juanburgess@example.net,"30522 Brown Walk Suite 918, Richardstad, KS 16700",Mobile,9688,Premium,Monthly
4272,Dana Soto,25,olsonchase@example.org,"25935 Quinn Stream, West Sarah, NV 20237",Desktop,167,Premium,Monthly
4273,Eric Dodson,52,gtran@example.com,"10063 Sandra Island Suite 899, Barrstad, MP 92978",Desktop,6524,Premium,3 Month
4274,Elaine Simmons,32,rodriguezcharles@example.com,"2405 Michael Path Apt. 223, Michaelberg, ID 85906",Tablet,2617,Free,Yearly
4275,Megan Burke,44,mhernandez@example.org,"495 Thomas Cliffs Suite 203, Martinborough, IN 92747",Desktop,8249,Free,Monthly
4276,Jay Chavez,23,sortiz@example.com,"34924 Michael Lodge Apt. 994, Salazarshire, AS 86728",Desktop,7674,Family,Monthly
4277,Kimberly Hernandez,24,fortega@example.net,"325 Collins Rapid Apt. 391, Martinburgh, NM 90182",Mobile,597,Free,Yearly
4278,Miranda Strickland,44,ilewis@example.org,"887 Hogan Orchard, Barajasburgh, AR 28013",Desktop,4409,Family,Monthly
4279,Kaitlyn Robinson,28,daniel21@example.com,"2744 Crawford Garden Suite 524, Port Sarastad, AR 78875",Desktop,5491,Premium,3 Month
4280,Katelyn Young,28,riddlelaura@example.org,"964 Zachary Road Apt. 431, New Larryport, MP 48210",Mobile,1084,Premium,3 Month
4281,Amy Harmon,43,loweryjoshua@example.org,"328 Lam Spur, East William, TX 91949",Mobile,9710,Family,3 Month
4282,Bryce Rodriguez,60,corey58@example.net,"4432 Smith Station Suite 352, Johnbury, NE 91150",Desktop,1001,Family,3 Month
4283,Jose Hancock,27,collinsgabriel@example.net,"40733 Carmen Route Apt. 702, Larsenmouth, LA 92288",Mobile,5758,Family,Yearly
4284,Steve Kelly,22,xphillips@example.org,"7562 Jeff Rest, Jodichester, TX 69033",Tablet,4030,Family,Monthly
4285,Amy Giles,44,zevans@example.com,"34027 Price Cliff Suite 001, New Aliciatown, SC 38796",Desktop,8238,Premium,Monthly
4286,Christopher Jones,44,dixonkathleen@example.net,"4966 Allison Rapid Apt. 315, Joebury, UT 33840",Mobile,4955,Family,Monthly
4287,Christina Taylor,22,rodriguezalvin@example.org,"418 Teresa Club Suite 328, West Toddtown, VI 75204",Desktop,3411,Family,Monthly
4288,Nancy Hansen,57,rwilliams@example.org,"572 Robertson Hills Apt. 468, Port Kaylee, MT 00942",Tablet,7044,Premium,Monthly
4289,David Christensen,45,terri70@example.com,"1786 Leah Squares Apt. 733, East Sandra, AS 80014",Mobile,556,Premium,Monthly
4290,Carla Dickson,44,kimberlyanderson@example.org,"605 Wagner Tunnel Apt. 485, Corychester, OR 56110",Mobile,2409,Family,3 Month
4291,Patrick Williams,44,brittneyreynolds@example.com,"615 Katherine Rue Apt. 055, New Matthew, KY 61937",Mobile,6346,Premium,3 Month
4292,Daniel Perry,44,matthew20@example.net,"0540 Kathleen Motorway, New Ryan, MT 37644",Mobile,3566,Free,Yearly
4293,Stephanie Morales,47,awilson@example.org,"865 Ramirez Well Suite 155, New Danny, PA 26438",Desktop,1930,Premium,3 Month
4294,Anna Rowland,44,barryperez@example.com,"61193 Beard Falls Apt. 200, Harrisonmouth, NM 22380",Mobile,1859,Family,3 Month
4295,Dustin Harmon,50,robertholmes@example.com,"700 John Wells Apt. 909, Tiffanychester, VA 86010",Mobile,9565,Family,Monthly
4296,Donald Perry,22,nathaniel24@example.org,"70345 Anthony Crossroad, West Cynthiafurt, NY 06290",Desktop,8035,Premium,Monthly
4297,Gary Smith,44,sanchezjuan@example.org,"09315 Miller Place Suite 309, East Danny, NC 98998",Mobile,4156,Premium,Monthly
4298,Richard Cardenas,44,xcarlson@example.net,"561 Thomas Greens Apt. 510, West Sandra, AK 37963",Mobile,9826,Family,Monthly
4299,Sarah Herman,35,susan26@example.com,"608 Teresa Tunnel, South Thomas, DE 62220",Desktop,4612,Premium,Yearly
4300,Samantha Bautista,44,chaserice@example.net,"43772 Stevens Centers Suite 146, Lisaburgh, AS 11010",Tablet,5062,Premium,Yearly
4301,Deanna Andrews,44,rhonda71@example.com,"9555 Jones Trafficway, Gonzalesborough, KY 46393",Mobile,3932,Free,3 Month
4302,Alexander Long,64,jhayes@example.net,"PSC 0570, Box 0088, APO AA 63531",Desktop,9894,Premium,3 Month
4303,Marc Wilson,54,lhines@example.com,"3399 Mayo Glen Suite 204, Floresport, TN 73631",Tablet,3885,Family,Yearly
4304,William Young,51,leslie48@example.net,"USNS Wong, FPO AA 77684",Tablet,5883,Family,3 Month
4305,Marcus Reeves,63,wolfraymond@example.org,"2762 Valerie Keys, North Danielleland, CT 05048",Mobile,4995,Family,3 Month
4306,Darrell Scott,62,jennifer61@example.net,"662 Zimmerman Motorway Suite 983, Townsendmouth, PW 29068",Desktop,4975,Free,3 Month
4307,Rebecca Myers,44,davisjennifer@example.net,"62331 John Harbor, Nelsonton, MA 62010",Tablet,2345,Premium,Yearly
4308,Joshua Mitchell,66,curtishayes@example.org,"78206 Jason Stravenue Apt. 283, North Stephanie, SD 63349",Mobile,2193,Premium,Yearly
4309,Daniel Hill,44,droberts@example.org,"64821 Scott Gardens Suite 922, Orozcoburgh, OH 59774",Desktop,3466,Family,Yearly
4310,Kelly Cox,44,wweaver@example.com,"PSC 7727, Box 1693, APO AA 87064",Tablet,7877,Premium,3 Month
4311,Rebecca Pearson,44,mmann@example.com,"3645 Kristen Place, East Amandastad, PW 39148",Tablet,241,Family,3 Month
4312,Robert Jones,44,obradley@example.com,"818 Davis Forge, South Luis, NC 53897",Tablet,5484,Premium,3 Month
4313,Shannon Simmons,44,ohumphrey@example.net,"7050 Samantha Grove, West Courtneyfurt, NH 74073",Mobile,4429,Free,Monthly
4314,Amy Ferguson,60,pamela42@example.net,"28252 Ryan Summit, South Alexismouth, ME 96462",Tablet,2719,Premium,Yearly
4315,Joanna Chapman,44,david19@example.com,"153 Jennifer Lane, Lake Jamesport, DC 54447",Desktop,3180,Family,3 Month
4316,Leonard Patterson,54,angelaford@example.net,"970 Jose Court, East Gregory, AL 01990",Mobile,5024,Family,Yearly
4317,Alexandra Moody,44,wanda39@example.net,"981 Powell Island Suite 891, Tinahaven, NY 18120",Tablet,3440,Free,3 Month
4318,Kathryn Lee,44,jonsnyder@example.org,"0544 John Underpass, East Richard, CO 46278",Tablet,1415,Premium,Monthly
4319,Charles Kline,47,monicawade@example.net,"1822 Sanchez Overpass Suite 652, East Michaelville, WV 72746",Desktop,6930,Free,Yearly
4320,Cheryl Adams,43,daniel32@example.net,"55402 Krystal Motorway Suite 055, Katiemouth, OR 85407",Mobile,4708,Premium,Yearly
4321,Cheryl Watson,44,reyesjames@example.com,"89786 Morrison Dale, Millerton, MD 89600",Mobile,8432,Family,Monthly
4322,James Welch,44,debraconley@example.com,"307 Matthew Pine Apt. 593, Lake Jody, FL 77078",Desktop,6386,Premium,Monthly
4323,Michael Smith,36,watkinspatricia@example.org,"39192 Baker Dale, Hensleyburgh, GA 22096",Mobile,8135,Premium,3 Month
4324,Nicole Anderson,43,doyleshaun@example.com,"5270 Jeremy Terrace, Port Patrick, LA 48686",Mobile,6590,Premium,Monthly
4325,Anthony Ramirez,69,jdeleon@example.net,"2388 Joseph Plains, Lake Hannah, FM 97176",Desktop,8283,Family,3 Month
4326,Paul Vaughn,44,lburnett@example.com,"PSC 0173, Box 7252, APO AA 70528",Mobile,8875,Premium,Yearly
4327,Lauren Flynn,44,perezjonathan@example.com,"21718 Danielle Lodge Apt. 486, Brendamouth, MP 56792",Tablet,1859,Premium,3 Month
4328,Adam Krueger,26,patricia29@example.net,"507 Lopez Road, Rachaelhaven, MH 92837",Tablet,6982,Family,3 Month
4329,Katherine Velez,54,guerrapatricia@example.net,"267 Howard Cove Suite 305, Dennisland, LA 81964",Mobile,355,Family,3 Month
4330,Sabrina Jones,47,ehull@example.org,"3309 Victoria Isle, Robersonburgh, WA 95985",Desktop,7554,Free,Yearly
4331,Tracy Johnson,44,cynthiaandrews@example.net,"02928 Mckinney Burgs Apt. 679, Patelfurt, MH 68033",Desktop,7832,Family,Yearly
4332,Christopher Deleon,63,david84@example.com,"398 Hill Squares, Dukehaven, VT 03506",Mobile,155,Premium,Yearly
4333,Eugene Nelson,32,isellers@example.com,"624 Ethan Glens Suite 691, Amyshire, OK 57672",Desktop,4753,Family,Yearly
4334,Deanna Davis,44,sboyer@example.com,"Unit 4127 Box 6148, DPO AE 35108",Desktop,3357,Premium,3 Month
4335,James Sandoval,70,mknight@example.com,"2006 Bauer Canyon Apt. 371, Kennethhaven, IL 44510",Tablet,7281,Free,3 Month
4336,Kaitlyn Bradley,22,nicholasrose@example.com,"730 Newman Lodge Apt. 045, Lake Caseyton, MP 64785",Mobile,9550,Family,Yearly
4337,Brian Anderson,32,brian45@example.com,"4953 Pamela Forest Apt. 789, South Cindyville, CT 09533",Mobile,4007,Free,3 Month
4338,Angela Wilson,44,brownsusan@example.com,"94853 Jill Skyway Suite 857, New Jeremy, GA 58728",Tablet,103,Family,3 Month
4339,Megan Mckee,62,carolgilbert@example.net,"23072 Young Vista Apt. 183, Port Krystalville, LA 87588",Mobile,884,Premium,Yearly
4340,Kevin Simon,44,jamie92@example.com,"7089 William Corners, West Jeremy, OH 31774",Mobile,3112,Premium,Yearly
4341,Norma Torres,22,adamstyler@example.net,"44992 Martinez Harbors, Gardnertown, ND 91433",Mobile,3301,Premium,3 Month
4342,Heather Cobb,44,uwebb@example.net,"30058 Thompson Gardens, North Paulville, AR 02472",Mobile,2085,Free,Monthly
4343,Teresa Mccall,39,crystal54@example.net,"6108 White Shores Suite 014, Port Josephmouth, AS 68576",Mobile,5893,Premium,Yearly
4344,Thomas Martin,44,kyleskinner@example.net,"7961 Jeffrey Viaduct, North Joshua, NV 24831",Desktop,284,Premium,Yearly
4345,Stephen Nicholson,69,gibsonmichele@example.com,"34953 Roberts Alley, New Jamesmouth, PR 82831",Desktop,5726,Family,Yearly
4346,Tasha Campbell,68,larryaustin@example.net,"877 Avila Track Suite 662, Medinahaven, NH 91787",Desktop,7006,Premium,Monthly
4347,Joshua Flowers,44,wprice@example.com,"7079 Deborah Prairie Suite 020, West Sara, OR 63487",Mobile,6001,Premium,Yearly
4348,Tony Jacobs MD,44,mary55@example.org,"Unit 0906 Box 4264, DPO AA 79219",Mobile,7666,Premium,Yearly
4349,Aaron Perry,39,jackrandall@example.org,"44673 Noah Pines, Coryview, CA 75291",Mobile,2223,Family,3 Month
4350,Matthew Wilson,33,adominguez@example.org,"007 Edward Turnpike Apt. 689, Shanebury, GU 47921",Mobile,9398,Premium,Yearly
4351,John Kelley,44,debra68@example.org,"370 Salazar Glen Suite 683, Bookerview, SC 11106",Tablet,2884,Premium,3 Month
4352,Jennifer Cisneros,47,cobbgregory@example.net,"4706 Robin Canyon, North Sabrina, NJ 49240",Mobile,326,Free,Yearly
4353,Walter Navarro,44,keithallen@example.com,"65450 Krista Knoll Apt. 385, Port Connor, NJ 47883",Mobile,3771,Family,Monthly
4354,Hannah Bass,44,russellmorgan@example.com,"6284 Cox Forks Suite 179, East Susan, CO 05997",Mobile,717,Family,Monthly
4355,Benjamin Smith III,66,awilliams@example.com,"183 Barnes Freeway Apt. 622, Blackwellshire, KY 88256",Desktop,5024,Family,Yearly
4356,Kelly Hill,69,zclark@example.org,"324 Fuller Manors Apt. 480, Caseberg, MS 88624",Desktop,9862,Premium,Monthly
4357,Destiny Bryan,44,hannastephanie@example.com,"799 Gordon Ways, Johnmouth, IN 75845",Mobile,1526,Family,3 Month
4358,Lisa Anderson,44,deannamyers@example.net,"39372 Hayden Mill Suite 588, Nicholasland, GA 17431",Mobile,9181,Free,Monthly
4359,Mallory Wilson,44,jessicaromero@example.net,"608 Sharon Unions, East Janice, OH 75157",Mobile,6903,Premium,Yearly
4360,Jaclyn Dean,44,jennifercook@example.com,"33466 Howell Knolls Suite 203, Ryanbury, MO 79185",Tablet,8630,Free,Yearly
4361,Christopher Taylor,44,aesparza@example.com,"257 Misty Forest Apt. 676, Kirkmouth, WI 49358",Desktop,2995,Free,3 Month
4362,Alexander Morales,44,stevendennis@example.com,"88174 Gonzales Cape Apt. 914, Jonathanland, UT 48373",Desktop,6820,Free,Yearly
4363,Deborah Johnson,44,richard17@example.com,"07506 Alyssa Crescent, Katherineburgh, TX 27249",Mobile,5086,Premium,3 Month
4364,Meghan Campbell,29,teresamurphy@example.net,"71327 Jasmine Pine, Marissaborough, IL 59747",Desktop,8984,Family,3 Month
4365,Sara Fisher,44,hmcdowell@example.net,"42139 Miller Way, Richardfurt, MH 99203",Mobile,4382,Premium,Yearly
4366,Joseph Palmer,60,rachel55@example.net,"952 Sarah Ridges Apt. 564, West Candiceton, WA 03890",Mobile,5599,Premium,3 Month
4367,Rachel Garcia,44,jessica54@example.org,"0430 Isabel Parkways Apt. 422, Jonesview, FM 48770",Tablet,5063,Free,Monthly
4368,David Vargas,40,sheliawallace@example.com,"37235 Rodgers Run Apt. 340, Cherylborough, KS 79232",Desktop,1646,Free,3 Month
4369,Michael Holder,44,fsmith@example.com,"4651 Palmer Plain, South Jodimouth, NY 35700",Mobile,7954,Premium,Monthly
4370,Deborah Wolfe,39,donald66@example.net,"50158 Whitehead Glens, West Katherineshire, CA 54225",Desktop,421,Premium,Monthly
4371,Phillip Knight,62,gknight@example.net,"662 Swanson Mission Apt. 288, Knightberg, OK 52677",Desktop,2332,Premium,3 Month
4372,Jessica Arnold,26,horneanne@example.net,"656 Cody Mountain Apt. 174, Bradshawstad, IL 17679",Mobile,2292,Family,3 Month
4373,Kelly Taylor,44,zcollins@example.org,"2184 Andrew Ford, Avilafurt, FM 90713",Mobile,5418,Premium,Monthly
4374,Gregory Jones,41,vpatrick@example.com,"05208 Ruth Trail Suite 897, Jessemouth, OH 13720",Mobile,9234,Family,Monthly
4375,Jennifer Bell,44,elijahgreen@example.org,"5840 Alexis Tunnel, New Diana, NY 14031",Desktop,6978,Premium,Yearly
4376,Glenn Scott,18,wanda15@example.org,"USCGC Hall, FPO AA 24064",Desktop,4530,Family,3 Month
4377,Theresa Arnold,24,ymoore@example.com,"445 Simon Locks Suite 691, West Donna, ID 63033",Tablet,6606,Free,Monthly
4378,Thomas Kelley,44,christopher48@example.com,"USNV Daniel, FPO AP 39293",Desktop,2705,Free,3 Month
4379,Gabriela Hamilton,40,jason92@example.net,"58852 Patterson Club Suite 362, Leeville, AL 08889",Mobile,8643,Free,Monthly
4380,Megan Alvarez,44,adamnguyen@example.com,"41084 Lewis Village Suite 803, New Theresa, DE 22989",Tablet,8733,Premium,Yearly
4381,Taylor Patton,44,lisa50@example.net,"6024 Daniel Trafficway Suite 123, South Robert, OR 48124",Mobile,1588,Premium,Monthly
4382,Kelly Davis,49,courtneysmith@example.net,"2909 Nichols Circle Suite 453, Lisaland, AZ 53255",Mobile,8894,Free,3 Month
4383,Elizabeth Gutierrez,44,caseyglenn@example.com,"248 Phillip Dam Suite 005, Wagnerborough, LA 30054",Mobile,5398,Premium,Yearly
4384,Rebekah Robinson,23,pamela47@example.net,"6952 Graham Prairie Apt. 029, Williamsbury, AR 00942",Tablet,2760,Family,Monthly
4385,Stacey Hawkins,37,fosterjacob@example.com,"79918 Nicholas Stream, Christinetown, DE 05987",Mobile,4423,Premium,3 Month
4386,Marissa Bowman,23,vanessa42@example.net,"184 Nelson Village, Ashleyland, OH 95220",Desktop,1270,Premium,3 Month
4387,Ann Miller,59,nicolemiller@example.com,"05565 Norris Extensions, Port Katherineville, OK 07547",Desktop,1387,Premium,Yearly
4388,Misty Meyer,42,jrichards@example.org,"76583 Sanchez Path Apt. 047, Brownborough, CO 72936",Mobile,7586,Premium,Monthly
4389,Vicki Meyer,44,kirbyandrew@example.net,"88213 Smith Isle Suite 166, New Donna, IA 25536",Mobile,8676,Free,Monthly
4390,Susan Jones,44,aschultz@example.com,"Unit 9805 Box 7239, DPO AE 03734",Desktop,5205,Premium,3 Month
4391,Leslie Price,43,fchavez@example.net,"44471 Laura Crescent, Vargasmouth, WA 19924",Desktop,6027,Family,3 Month
4392,Sean Wall,70,joelgould@example.org,"07008 Dominique Trace, South Rhonda, AL 70178",Tablet,9899,Family,Monthly
4393,Jason Garza,35,tracyking@example.org,"138 Brewer Estates, North Jason, MA 48038",Desktop,7989,Premium,3 Month
4394,Rodney Copeland,39,nathanhogan@example.net,"18862 Leah Divide Suite 957, Stacychester, MD 77158",Mobile,6310,Free,3 Month
4395,Lisa Gomez,58,reneehouse@example.net,"8985 Miller Cape Suite 777, Riverafurt, NJ 14583",Mobile,5647,Premium,3 Month
4396,Tracy Goodwin,44,lauralamb@example.net,"1403 Alyssa Locks Suite 451, Port Tamaraview, WY 39086",Desktop,2362,Premium,Yearly
4397,Crystal Lopez,49,kimberlycosta@example.net,"732 Jeanette Trail, West Cassandra, OR 01467",Tablet,2384,Premium,Monthly
4398,Jacob Lee,51,melissaclay@example.com,"360 Williams Gateway, New Dakotamouth, FM 03232",Desktop,8450,Premium,Monthly
4399,Kaitlin Stewart,40,jordan37@example.com,"03858 Shannon Mews Suite 399, Port Derrickland, IN 23292",Desktop,9760,Free,Monthly
4400,Michael Pacheco,56,cherylwilliams@example.org,"USNS Ross, FPO AP 57426",Desktop,8652,Free,3 Month
4401,Mark Myers,18,perezanthony@example.org,"68752 Hill Road Suite 398, East Jamesmouth, NV 96594",Desktop,8955,Free,Monthly
4402,Julie Roth,44,wilkinsonerik@example.net,"69281 Jonathan Cliffs Suite 027, Whitefurt, NJ 73612",Mobile,4184,Premium,Monthly
4403,Victor Cameron,44,paul91@example.com,"782 Maxwell Union Suite 284, Emilyland, NM 96963",Mobile,838,Premium,Monthly
4404,Victoria Khan,28,xmcmahon@example.net,"Unit 2804 Box 0897, DPO AP 38526",Mobile,7414,Premium,Yearly
4405,Beth Robinson,43,lewismelissa@example.org,"08915 Dalton Club, Danaport, DC 75502",Desktop,701,Family,Monthly
4406,Shane Johnston,32,jenniferellis@example.net,"802 Jamie Manor Suite 507, Lauraton, KS 76015",Desktop,7313,Free,3 Month
4407,Erik Johnson,44,allenwilliam@example.net,"PSC 0431, Box 2694, APO AA 14643",Mobile,3976,Free,Yearly
4408,Bridget Obrien,44,rachel95@example.net,"1573 Rivera Pines, North Allenmouth, MP 55978",Desktop,7893,Family,3 Month
4409,Sandra Miller,44,gharper@example.net,"741 Tamara Rapid Apt. 485, North Ericside, KS 31229",Tablet,4394,Premium,3 Month
4410,James Bailey,28,perry69@example.com,"7526 White Isle Apt. 502, Williamsmouth, NM 63488",Desktop,9017,Premium,3 Month
4411,Cindy Brown,18,matthewarmstrong@example.net,"1913 Eric Run Apt. 526, North Cody, KY 76031",Desktop,8110,Family,Yearly
4412,Michelle Brooks,44,jonesdavid@example.com,"5265 Danielle Island Suite 932, Richardhaven, IA 46977",Desktop,9999,Premium,3 Month
4413,Wanda Malone,44,morrisonjessica@example.org,"4301 Moran Knolls, Port Christinaview, DE 10305",Desktop,9718,Free,Yearly
4414,Carla Pittman,44,diazsteven@example.org,"2370 Pruitt Loop Apt. 872, Michaelshire, FM 94110",Mobile,7354,Premium,Yearly
4415,Alexandra Mccormick,44,zsanchez@example.net,"2883 Michael Causeway, Wilsonhaven, WI 23624",Desktop,5290,Premium,Yearly
4416,Tracie Smith,44,williamsjack@example.com,"99322 Trevor Road Suite 228, Wardstad, UT 65006",Desktop,4566,Family,Yearly
4417,Jessica Wilson,63,emmacalderon@example.com,"USCGC Thompson, FPO AE 70158",Desktop,2952,Family,3 Month
4418,Anthony Reeves,57,mflores@example.com,"1179 Evans Dam, Simmonsburgh, TN 13446",Desktop,146,Premium,Yearly
4419,Stacy Lewis,62,sierramcintyre@example.org,"0433 John Trafficway Apt. 048, Riveraburgh, ME 24218",Tablet,2182,Free,3 Month
4420,Samantha Fernandez,26,genenelson@example.net,"7701 Allison Bridge, Debrahaven, VT 31668",Desktop,1802,Premium,3 Month
4421,Megan Fuentes,28,cooperjoshua@example.com,"496 Justin Common Apt. 830, Andrewton, PW 34545",Tablet,7539,Free,Yearly
4422,Jonathan Washington,54,fedwards@example.com,"254 Lori Inlet, Leblancchester, FM 07371",Desktop,8040,Premium,3 Month
4423,Renee Martin,65,alicekane@example.net,"864 Johnson Road, Rebeccaport, PW 30891",Mobile,9425,Family,Monthly
4424,Christine Duffy,44,suzanne74@example.net,"USNS Russell, FPO AA 60031",Tablet,8299,Premium,Yearly
4425,Sharon Velasquez,31,nicole11@example.com,"077 Morgan Parks, Blakeville, VT 43566",Mobile,5741,Free,3 Month
4426,Jeffrey Ramos,58,hreeves@example.com,"030 Brian Dale, Barberborough, KY 38726",Desktop,5182,Premium,Monthly
4427,William King,18,chrisphillips@example.org,"18676 Murray Drives Suite 012, Jasonville, OR 19347",Desktop,4777,Family,Monthly
4428,Kevin Hughes,70,davisjames@example.org,"220 Adam Hills, New Lisaport, AZ 17408",Desktop,2647,Premium,Monthly
4429,Adam Burgess,54,qjones@example.com,"349 Young Meadows Apt. 288, Harrisfurt, NE 73573",Mobile,1810,Free,Monthly
4430,Timothy Smith,44,icarter@example.com,"7896 Aaron Crossing Suite 173, Jonathanport, AS 31470",Tablet,7531,Premium,Yearly
4431,Samuel Warner,44,monroeclifford@example.com,"5966 Davidson Tunnel Suite 047, Michaelhaven, MH 82832",Desktop,3334,Premium,Yearly
4432,Linda Peterson,44,pearsonbradley@example.net,"514 Copeland Fall Suite 197, Kristenville, IL 11350",Mobile,150,Premium,Yearly
4433,James Choi,44,cathycraig@example.net,"03602 Taylor Greens Suite 535, West Debbie, AR 64033",Desktop,9960,Premium,3 Month
4434,Destiny Murphy,55,zstephenson@example.net,"37738 John Burgs, East Kenneth, ID 51570",Mobile,9917,Premium,Yearly
4435,Adam Parker,44,chase42@example.org,"9292 Julie Stravenue Suite 106, Jenniferfort, AS 86555",Desktop,3503,Family,Yearly
4436,Stacy Bernard,44,seanhernandez@example.net,"40898 Simmons Stravenue Apt. 391, Mathewchester, NM 79982",Mobile,8215,Premium,Monthly
4437,Holly West,44,stacy01@example.org,"59580 Fritz Highway Apt. 191, Glassside, CA 40710",Desktop,1611,Free,Yearly
4438,Brandon Frazier,44,joseph57@example.org,"15257 Harvey Isle Suite 340, Port Toni, SC 99931",Mobile,7056,Free,3 Month
4439,Debra Gutierrez,44,anthony40@example.net,"39508 Ferguson Route, Troymouth, MP 85551",Desktop,6144,Free,3 Month
4440,Monica Campbell,44,stephen36@example.net,"15864 Robert Row Suite 012, New Katherine, AS 22592",Tablet,7795,Premium,Yearly
4441,Mario Carrillo,44,anthony83@example.org,"7867 Kerry Fork, Hayesburgh, OK 75092",Mobile,9078,Free,3 Month
4442,Breanna Coleman,44,davidbrooks@example.net,"82553 James Trail, New Samuel, VA 84377",Mobile,3222,Premium,3 Month
4443,Debra Norris,20,michael63@example.net,"66199 Jeffrey Shoals Suite 002, Marcburgh, NC 11563",Mobile,8383,Family,Monthly
4444,Charles Wilson,50,james51@example.net,"7297 Wilson Prairie, North Sarah, NJ 73803",Mobile,9264,Premium,Monthly
4445,Devon Morris,44,maryball@example.net,"0574 Michael Village Suite 951, New Debbieville, MN 26243",Desktop,4426,Premium,Yearly
4446,Victor Yates,44,grimesnicholas@example.com,"28462 Richardson Village Apt. 676, Christopherbury, OK 20976",Desktop,305,Family,Yearly
4447,Lori Roberts,48,kelseymartin@example.net,"502 Bishop Ports Suite 029, East Douglaschester, IA 03778",Mobile,4301,Premium,Monthly
4448,Toni Mclaughlin,44,vickie82@example.org,"0835 Jackson Inlet Suite 427, Tylerfurt, MO 33976",Mobile,6879,Free,3 Month
4449,Natalie Simpson,44,mjohnson@example.net,"8112 Lisa Bridge Suite 284, Clarkbury, VI 95104",Mobile,6539,Family,Monthly
4450,Teresa Durham,63,debrabryant@example.com,"913 Jackson Port Suite 196, Lake Lori, ID 48632",Desktop,4571,Premium,Yearly
4451,Steven Kelly,44,rachaeljohnson@example.org,"78663 Williams Fort, Thomaschester, WA 18595",Mobile,1702,Premium,3 Month
4452,Jennifer Becker,42,morgan05@example.com,"678 Fisher Alley Apt. 911, Rodriguezberg, AR 81597",Mobile,1818,Premium,Monthly
4453,Anthony Rodriguez,44,williamsamanda@example.org,"461 Stark Lane, Josephport, TX 13394",Mobile,4320,Family,Yearly
4454,Elizabeth Harris,69,ygreene@example.net,"877 Gutierrez Passage, New Lisamouth, PR 25018",Tablet,3492,Family,3 Month
4455,Christopher Vaughan,44,patrickbrooks@example.org,"499 Williams Coves, Henryfurt, AK 83660",Mobile,5111,Family,Yearly
4456,Daniel Brown,48,rmelton@example.net,"449 Noah Island Suite 594, Moralesland, IN 69617",Desktop,7787,Free,Yearly
4457,Timothy Thompson,44,srich@example.org,"36160 Rodgers Shore, Brendanfurt, CA 35106",Mobile,6008,Free,Yearly
4458,Tonya Lowery,28,alexandriamitchell@example.org,"101 Young Coves Apt. 689, Port Jessicamouth, FL 67343",Desktop,5185,Premium,Yearly
4459,Matthew Little,44,kevinarroyo@example.com,"70212 Fisher Summit Apt. 880, Lake Thomas, IA 93395",Desktop,249,Premium,Monthly
4460,Sarah Logan,40,rodneykennedy@example.net,"54933 Lewis Springs Apt. 288, Jacksonton, IA 89318",Mobile,5882,Premium,Monthly
4461,Christopher Blake,20,ablair@example.com,"6332 Andrea Light Suite 750, Robertport, AR 20306",Mobile,434,Free,Monthly
4462,Tiffany Brown,44,deannarios@example.net,"773 Reed River Apt. 261, South Heatherborough, WA 52592",Mobile,1822,Premium,Monthly
4463,Denise Martinez,29,djames@example.com,"Unit 4786 Box 4969, DPO AA 51273",Mobile,1754,Premium,Yearly
4464,Michele Kim,22,hensonwilliam@example.org,"0348 Jonathan Locks, Scottton, IA 58670",Desktop,1303,Premium,Yearly
4465,Kenneth Brown,44,vwhite@example.com,"3096 Lowery Drive, East Danielle, FM 55315",Desktop,727,Free,3 Month
4466,Joseph Grant,44,weissmelinda@example.org,"7356 Wu Curve Suite 947, Everettmouth, PR 38373",Mobile,9490,Free,Yearly
4467,Alexandra Carter,44,rjones@example.net,"Unit 3141 Box 1201, DPO AE 40649",Mobile,9414,Premium,Yearly
4468,Elijah Smith,44,ann79@example.com,"36928 Thomas Run Suite 765, North Jennifer, UT 74526",Mobile,1887,Premium,Yearly
4469,Elizabeth Stanley,44,gdelgado@example.net,"USNV Hunter, FPO AP 87049",Desktop,1989,Family,3 Month
4470,William Stephens,70,crawfordcourtney@example.net,"516 Diane Wall, Shannonville, MI 22131",Desktop,7264,Premium,3 Month
4471,Steven Collins,42,ocarlson@example.net,"8001 Carolyn Tunnel, Whiteville, CT 52652",Desktop,4038,Premium,Monthly
4472,Daisy Carpenter,44,robert30@example.com,"01666 Alison Gardens Apt. 476, Larsenberg, RI 70631",Tablet,9239,Free,Yearly
4473,Gary French,44,breyes@example.net,"81699 Moody Streets, Ochoashire, CT 97186",Desktop,6706,Premium,3 Month
4474,Chad Munoz,44,michaelmarks@example.org,"764 Madison Shoals Apt. 688, North Johnbury, CA 85635",Mobile,9802,Family,3 Month
4475,Tammy Mendez,41,emilybuckley@example.net,"56389 Catherine Gardens, Lake Jonathan, NY 22470",Desktop,2783,Free,Monthly
4476,Amber Carpenter,70,jnolan@example.com,"17722 Brock Lane, New Maria, WY 31229",Tablet,7090,Premium,3 Month
4477,Jillian Porter DDS,44,justin15@example.com,"36102 Christopher Mall, New Nicholebury, KS 39826",Desktop,5959,Free,Yearly
4478,Jonathan Walker,44,john27@example.org,"47630 Charles Expressway, Sheilastad, UT 98843",Mobile,7285,Premium,Monthly
4479,Crystal Terry,68,smoss@example.net,"7340 Schneider Fields, Stephanieburgh, CT 34983",Desktop,4579,Family,3 Month
4480,Seth Barr,42,cynthiagutierrez@example.net,"965 Trujillo Park, Jenniferside, NY 83488",Mobile,9182,Premium,Yearly
4481,Caleb Thomas,67,toni80@example.org,"1730 Ramos Shoal Apt. 882, Kaylabury, VI 93073",Mobile,8530,Premium,Yearly
4482,Elizabeth Shepherd,44,jessicaking@example.org,"815 Mullen Keys, Christinestad, PR 82081",Desktop,9015,Family,Yearly
4483,Jessica Rice,44,alan57@example.net,"6503 Kayla Pike Apt. 302, Lopezland, VI 01904",Tablet,9701,Family,Monthly
4484,George Mercado,44,kirstenpetersen@example.net,"162 Reyes Center Suite 036, Derekport, FL 33527",Desktop,5460,Premium,Monthly
4485,Jackie Carter,44,donaldscott@example.com,"2519 Jamie Circles Apt. 278, East Christian, GU 24962",Desktop,1873,Premium,Yearly
4486,Samuel Morales,39,kathy77@example.org,"3119 Johnson Overpass, Port Randymouth, PW 69532",Mobile,1705,Premium,Monthly
4487,Scott Martin,48,amyallen@example.org,"8833 Cook Rapids, Port Bryanfort, PA 53942",Desktop,8789,Premium,Yearly
4488,Leah Decker,22,nicole96@example.com,"263 Moon Underpass Suite 683, Travisberg, KS 91250",Tablet,8974,Premium,Monthly
4489,Valerie Cooke,44,abush@example.com,"686 Laura Parkway Apt. 459, South Carrie, FL 69478",Mobile,2726,Premium,3 Month
4490,Angela Snyder,57,richardlin@example.com,"850 Bryan Stravenue, North Jacquelinefort, KS 16904",Mobile,7320,Free,Yearly
4491,Susan Daugherty,44,sarahcook@example.net,"USNS Estrada, FPO AA 30868",Desktop,8102,Premium,3 Month
4492,Natalie Flores,21,yhendricks@example.org,"USNV Brown, FPO AA 57806",Desktop,9808,Premium,3 Month
4493,Elizabeth Andrews,28,cweber@example.org,"USS Lopez, FPO AP 68440",Desktop,4693,Free,Monthly
4494,Vickie Miller,44,rodriguezmichael@example.org,"5953 Hannah Course Apt. 246, Port Briana, PW 78225",Desktop,6900,Premium,Yearly
4495,Nicole Diaz,18,stephanie39@example.org,"1640 Kline Lock, Lake Dennistown, NE 92830",Desktop,2873,Free,Yearly
4496,Tonya Griffin,44,tinapennington@example.org,"3082 Rachel Extension, Monicaview, MP 96645",Mobile,562,Free,Yearly
4497,Steven Juarez,51,gregorygray@example.net,"6909 Pamela Lodge, Russellberg, AK 88319",Mobile,4099,Family,Monthly
4498,Charles Davis,48,hunterlisa@example.com,"37710 Barbara Expressway Apt. 389, Johnsonbury, GA 78206",Desktop,9244,Family,Yearly
4499,Jodi Smith,21,richardjensen@example.org,"49654 Nichols Cliffs Suite 238, Lake Austinburgh, FL 99173",Mobile,6025,Premium,Monthly
4500,Ruben Copeland,44,nicholas48@example.net,"2043 Samantha Land, North Dawn, FM 04261",Mobile,6677,Premium,3 Month
4501,Brad Welch,47,joshuamason@example.org,"45985 Nicholas Common Apt. 530, West Benjaminstad, WI 94491",Desktop,7755,Premium,Monthly
4502,Edwin Bailey,52,williamskaren@example.net,"01670 Hardin Drive Apt. 255, New Daniel, FL 05536",Mobile,7828,Free,Monthly
4503,Richard Lee,30,grahamwalter@example.net,"15399 Adrienne Light, Lake Toddborough, SD 14628",Desktop,932,Premium,Monthly
4504,Linda Hudson,44,simonlisa@example.org,"1570 Shane Club, Booneshire, ID 16820",Desktop,3277,Family,Yearly
4505,Tracy Barnes,44,anthony30@example.org,"1697 Dawn Squares, Oconnellton, WY 64792",Mobile,7448,Premium,Yearly
4506,Robert Fernandez,44,adkinsjessica@example.org,"0468 Moore Run Apt. 441, Smithmouth, OK 45957",Desktop,7433,Premium,Monthly
4507,Lauren Morris,65,mariamiller@example.org,"2018 Samantha Road, East Josephville, AZ 72995",Desktop,7196,Free,Yearly
4508,Calvin Coffey,44,heather57@example.org,"222 Amanda Divide Suite 306, Lake Joseph, ME 69215",Tablet,4008,Free,Yearly
4509,Robert Jones,44,brettturner@example.org,"4974 Michael Squares Apt. 682, Pageshire, FL 38869",Mobile,2237,Free,Monthly
4510,Jason Thomas,44,elizabethsolis@example.com,"USNV Robinson, FPO AP 07261",Mobile,6403,Premium,3 Month
4511,Clinton West,44,danielmaxwell@example.com,"482 Jocelyn Plaza Apt. 327, North Kimberlystad, FL 63801",Desktop,5926,Premium,Monthly
4512,Lori Scott,31,carlos59@example.com,"342 Gonzalez Gardens Apt. 978, New Shaneberg, CT 13184",Mobile,3475,Free,Yearly
4513,Todd Schroeder,61,xkaiser@example.net,"4648 Anthony Dale Apt. 812, West Zachary, MD 53973",Tablet,9735,Free,3 Month
4514,Jerome Vazquez,37,wduarte@example.com,"00739 Murray Mission Suite 775, Adammouth, TX 30455",Tablet,2402,Family,Monthly
4515,Joy Sexton,44,kimberly19@example.com,"474 Arthur Gateway Apt. 089, New Emilymouth, MA 78733",Mobile,2626,Premium,3 Month
4516,Jade Kidd,44,patriciamurphy@example.net,"97155 Jessica Crest Apt. 956, Reynoldsshire, ND 56729",Desktop,4916,Premium,Yearly
4517,Trevor Crawford,32,lewissandra@example.org,"3616 Carter Pines, New Lauraport, GU 51318",Desktop,8606,Premium,3 Month
4518,William Rich,44,hunterjillian@example.com,"53710 Mahoney Bridge Suite 118, Halltown, DC 25467",Tablet,2195,Family,Monthly
4519,Jodi Ortega,44,sextonjohn@example.com,"92022 Romero Lights, Watsonstad, GA 79787",Desktop,7317,Free,3 Month
4520,Denise Martin,44,qanderson@example.com,"03595 Lee Union, North Megan, IA 49242",Tablet,1763,Family,3 Month
4521,John Cook,44,toddmiller@example.net,"PSC 5672, Box 3097, APO AE 21410",Desktop,3781,Family,Yearly
4522,Scott Price,44,karenwilson@example.com,"442 Lauren Ridges, Meghanbury, OR 10829",Mobile,8863,Premium,3 Month
4523,William Martin,44,tiffany10@example.net,"PSC 7833, Box 4768, APO AA 22113",Desktop,8323,Free,Monthly
4524,Jacqueline Bauer,67,ilambert@example.com,"078 Glenn Stream Suite 751, Port Michelle, MN 55736",Mobile,3236,Premium,Monthly
4525,John Jones,44,thomas48@example.net,"PSC 1880, Box 4496, APO AE 34512",Desktop,568,Premium,3 Month
4526,Brett Bradley,53,onealchristopher@example.net,"9842 Sarah Rue Apt. 573, Bakershire, FL 53517",Desktop,4230,Premium,3 Month
4527,Scott Paul,58,samuel07@example.com,"113 Danielle Turnpike, Woodhaven, FM 19309",Mobile,2102,Family,Monthly
4528,Krystal Fields,51,connorvargas@example.org,"025 Buchanan Views Apt. 067, Brycefurt, NE 66291",Desktop,6217,Premium,Monthly
4529,Crystal Horton,44,priceelizabeth@example.org,"289 Beck Station Suite 302, New Megan, NE 22290",Tablet,1348,Free,Monthly
4530,Stacy Knight,44,norma58@example.com,"Unit 5261 Box 9251, DPO AP 05214",Desktop,6361,Premium,3 Month
4531,Tina Smith,42,patrickking@example.org,"84730 Ashley Via Suite 557, Johnsonport, FM 03056",Tablet,7619,Premium,3 Month
4532,Heather Dickerson,35,stephen55@example.net,"2052 John Pike Apt. 712, Port Spencerton, CA 26986",Desktop,7875,Premium,3 Month
4533,Brian Ryan,44,joe02@example.com,"873 Castillo Place, Timothyview, CO 58808",Desktop,8292,Premium,3 Month
4534,Paige Graves,29,rebecca93@example.net,"USS Brown, FPO AA 92736",Desktop,9864,Free,Yearly
4535,Daniel Williams,62,katherineshepard@example.net,"004 Callahan Green, Lake Melissashire, GA 27647",Mobile,3712,Premium,Yearly
4536,Kathleen Thomas,44,ywood@example.net,"USNS George, FPO AE 04852",Desktop,7779,Family,3 Month
4537,Debra White,69,nichole64@example.com,"21496 Jordan Crossroad Suite 682, Barnesport, DC 08990",Desktop,5396,Premium,Monthly
4538,Brian Richardson,44,jperez@example.org,"03979 Kevin Creek Suite 386, Joshuaside, NM 86066",Desktop,240,Premium,3 Month
4539,Daniel Scott,39,timothy14@example.com,"76490 Abigail Turnpike Apt. 407, Vazquezview, NE 88137",Mobile,7482,Premium,Monthly
4540,Joshua Hale,63,nicoleromero@example.com,"53535 Nicole Mills Suite 270, East Carly, TX 63764",Desktop,2711,Family,3 Month
4541,Timothy Cox,44,hknox@example.net,"5720 Desiree Park, Travisside, AR 69884",Mobile,7958,Premium,Yearly
4542,Justin Davis,66,davisangela@example.net,"1126 Jackson Falls, Robertchester, KS 77756",Desktop,600,Free,Yearly
4543,Christopher Wilcox,44,grimessusan@example.com,"65879 Miles Harbor Suite 922, Mooreton, WV 74646",Tablet,8873,Family,Yearly
4544,Darlene Adams,25,bakercorey@example.net,"754 Marshall Grove, West Michael, MN 82129",Desktop,6956,Family,Yearly
4545,Dawn Melendez,43,josephhenry@example.net,"Unit 5557 Box 5558, DPO AA 59650",Mobile,8014,Premium,Yearly
4546,Brian Garcia,58,barnesabigail@example.net,"USNV Bush, FPO AE 40925",Desktop,5229,Premium,Yearly
4547,Elijah Davis,44,woodskathleen@example.com,"0306 Hunter Ville Suite 461, New Jacob, ME 66170",Desktop,9327,Free,3 Month
4548,Michael Shea,39,larsontonya@example.net,"118 Salazar Landing Apt. 497, Edwardsstad, CO 12169",Desktop,4350,Premium,3 Month
4549,Courtney Williamson,46,normanrachel@example.com,"048 Jennifer Fords, New Mackenzie, OH 43369",Mobile,6237,Family,3 Month
4550,Cheryl Bean,44,washingtonandrew@example.com,"14662 Gary Road, Port Janet, AR 15226",Desktop,1887,Free,3 Month
4551,Doris Hernandez,36,jclark@example.org,"663 Reeves Parks, Pricehaven, NY 81902",Mobile,8420,Premium,Monthly
4552,Patrick Miller,44,jennifer07@example.org,"641 Jack Haven, East Margarethaven, ND 12102",Mobile,2727,Family,Monthly
4553,Jeremy Yang,44,carrollkrystal@example.com,"726 Sheena Drives Suite 113, East Danielle, NC 65564",Mobile,2750,Premium,Monthly
4554,Anthony Nolan,52,camachowilliam@example.org,"83595 Brian Pass Suite 230, North Cynthiashire, AK 06366",Mobile,1141,Free,Yearly
4555,Karen Moore,44,mooreblake@example.org,"0339 Sonya Stream Apt. 179, Williamsville, WY 98331",Mobile,1797,Free,Yearly
4556,Bruce Giles,37,christian51@example.org,"1784 Hawkins Flats Suite 565, New Nicholas, CT 37421",Mobile,100,Free,Yearly
4557,Matthew Buchanan,29,vtorres@example.org,"306 Oneal Gardens, North Brittanyview, MT 15050",Mobile,6808,Premium,Yearly
4558,Shane Perez,44,andreaburns@example.net,"9016 Nathan Springs, Lake Biancaburgh, CA 80589",Mobile,5133,Free,3 Month
4559,Jennifer Calhoun,58,kvillegas@example.com,"25708 Patricia Mills, Port Brian, AK 35388",Mobile,4229,Premium,Monthly
4560,Jessica Murphy,48,alanwilkins@example.com,"20283 Kylie Lakes Apt. 699, Blackwellborough, MA 23114",Mobile,9658,Premium,Monthly
4561,Suzanne Williams,44,eric93@example.net,"871 Pena Ports Apt. 977, Sharpville, FM 58520",Mobile,7630,Premium,3 Month
4562,Kurt Padilla,44,kingcourtney@example.org,"50014 Nancy Plaza Suite 221, West William, IN 55564",Mobile,648,Free,Yearly
4563,Todd Horne,63,jeffreynielsen@example.org,"18763 Matthew Junctions, North Courtneybury, NJ 28230",Tablet,9278,Free,Monthly
4564,Tammy Odonnell,44,jason08@example.org,"6738 John Haven Suite 824, East Jennifertown, IL 93587",Desktop,7332,Premium,Monthly
4565,Yvonne Thomas,18,hgross@example.org,"4826 James Burgs Suite 175, Port Rodney, FM 59246",Tablet,6316,Premium,Monthly
4566,Brenda Nichols,44,brianjones@example.com,"2084 Shaw Alley Apt. 920, Lake Joshuamouth, VT 51498",Desktop,1545,Premium,Monthly
4567,Joshua Park,44,gcasey@example.org,"964 Foley Shoal, Lake Rodney, NH 50230",Mobile,8854,Premium,3 Month
4568,Penny Gross,35,yharris@example.com,"59942 Bennett Trafficway, South Mariastad, DE 80620",Desktop,2265,Free,Yearly
4569,Jacqueline Jensen,40,sancheztommy@example.com,"16107 Elizabeth Lane Apt. 130, East Heidiport, VT 02101",Desktop,4238,Family,3 Month
4570,William Hernandez,70,croberts@example.com,"406 Benjamin Ford, North Davidborough, PR 03559",Desktop,7447,Premium,Yearly
4571,Angela Hernandez,44,smithedward@example.org,"86730 White Gardens, South Stephanie, NY 64164",Mobile,6715,Free,Monthly
4572,Brady Jackson,44,ricekaitlyn@example.net,"2317 Todd Walks, Anneborough, MH 25084",Desktop,1096,Premium,3 Month
4573,Nicole Webb,22,steven73@example.org,"385 Weiss Corners Apt. 413, Samuelshire, AR 63865",Desktop,9289,Premium,Yearly
4574,Danny Jenkins,44,johnsonzachary@example.net,"851 Taylor Forks Apt. 742, Veronicamouth, VA 08610",Mobile,9392,Free,Monthly
4575,Ashley Johnson,43,torresbrian@example.net,"090 Johnson Radial, South Jacqueline, MP 84101",Desktop,913,Free,3 Month
4576,Victoria Bullock,22,cynthiaweber@example.com,"5930 Beltran Crossroad Apt. 120, Frazierside, UT 84170",Desktop,3837,Family,Yearly
4577,Andrew Wilson,44,martinvalencia@example.com,"2088 Harris Place, Port Javier, MH 04129",Mobile,4420,Premium,Monthly
4578,Jorge Richardson,44,brittany56@example.org,"1657 Yvonne Islands Suite 221, Villaburgh, WY 94276",Desktop,4997,Premium,Monthly
4579,Brent Sutton,63,jaimebailey@example.org,"465 Anderson Mountains Apt. 351, Campbelltown, CA 06956",Mobile,3713,Premium,Yearly
4580,Amber Vincent,44,teresafry@example.net,"02848 Sarah Locks Apt. 117, Juanview, HI 68684",Mobile,6653,Family,3 Month
4581,Jennifer Moran,66,zachary56@example.net,"74895 Mclaughlin Coves Suite 748, Garzaville, WY 96996",Mobile,6150,Family,Yearly
4582,Laura Monroe,44,omeyer@example.net,"51767 Hunter Port, Port Priscilla, PW 90389",Desktop,2178,Family,Monthly
4583,Jared Hansen,29,steven93@example.org,"184 Allison Trail, Allenshire, VT 43861",Tablet,9679,Premium,Monthly
4584,Sarah Hensley,42,morgan54@example.net,"0041 Joseph Well Suite 510, South Rachel, CT 58653",Tablet,8339,Free,Monthly
4585,Paul Hayes,44,peterwilliams@example.net,"31050 Ashley Squares, East Cathy, CA 29681",Desktop,1966,Family,Monthly
4586,Michelle Cook,34,vicki03@example.org,"PSC 7180, Box 6823, APO AA 91384",Mobile,8327,Premium,Yearly
4587,Kelly Roberts,44,perryshawn@example.net,"USCGC Brown, FPO AA 78504",Desktop,7478,Premium,Yearly
4588,Paul Russell,58,rachelmatthews@example.com,"5443 Rodriguez Inlet Suite 679, Torresstad, SD 31549",Mobile,3270,Premium,Monthly
4589,Cody Wilson,44,jeffrey22@example.net,"70554 Jason Plaza Apt. 064, Josephside, MH 50984",Desktop,8499,Premium,Yearly
4590,Mary Jackson,44,anthony71@example.com,"55139 Anderson Flats, New James, PA 83102",Mobile,2312,Free,Yearly
4591,Andrew Robinson,44,justin85@example.org,"22163 Sheila Road, Wisetown, IN 37012",Desktop,9550,Premium,Yearly
4592,Frank Donaldson,39,williamcarrillo@example.org,"514 Ashley Neck, East Nicholas, KS 45866",Desktop,2437,Family,3 Month
4593,Kathryn Vargas,44,kayla82@example.com,"891 Powell Hollow Suite 821, Howardtown, OR 82504",Tablet,2834,Free,Yearly
4594,Wesley Campbell,44,timothyherring@example.org,"75816 Joseph Ferry, Port Georgeburgh, NH 79853",Mobile,3506,Family,Monthly
4595,Ronald Montoya,40,bobbymontgomery@example.org,"0712 Alex Dale Apt. 412, New Peter, IN 04237",Desktop,5802,Family,Monthly
4596,Carla Smith,44,qarroyo@example.net,"6412 Johnston Ferry Suite 016, South Darrylville, CT 16756",Desktop,855,Free,Monthly
4597,Charles Fitzpatrick,46,toddbrian@example.net,"7343 Thornton Unions Apt. 294, Penningtonfurt, NV 72366",Mobile,6518,Family,3 Month
4598,Cindy Johnson,58,renee20@example.net,"26386 Jennifer Square, Avilaview, NE 77684",Mobile,4469,Premium,Yearly
4599,William Watkins,44,markreed@example.com,"00097 Colleen Courts Apt. 368, Lake Charlesport, ME 76846",Mobile,7222,Premium,Monthly
4600,Erika Velazquez,50,jamesdrake@example.org,"568 Lopez Canyon, North Sarah, NY 60267",Mobile,9088,Free,Monthly
4601,Clinton Turner,44,xwheeler@example.org,"20188 Smith Cape, Madelinefurt, AS 31210",Mobile,2319,Premium,Monthly
4602,Jody Moore,44,pamela93@example.com,"79044 Spencer Extension, Port Taylor, NM 10337",Mobile,1905,Premium,3 Month
4603,Nicholas Adams,26,nicole94@example.com,"5966 Davis Points Apt. 670, East Damon, VT 50916",Mobile,3511,Premium,3 Month
4604,Benjamin Wilson,56,kevinkent@example.org,"766 Soto Turnpike Apt. 471, Martineztown, DE 96568",Mobile,3912,Family,Yearly
4605,Steven Simmons,28,glenlopez@example.net,"223 Mark Mount, East Caitlinborough, IA 97909",Tablet,9119,Free,Yearly
4606,Michael Dudley,29,rmartinez@example.org,"7864 Benjamin Extensions Apt. 306, Millermouth, MS 12524",Desktop,4137,Family,Monthly
4607,Scott Chaney,26,pollardroger@example.org,"466 Brooks Groves, Scottfurt, OR 36020",Mobile,2108,Family,Monthly
4608,Randall Fields,26,jacksonkaren@example.net,"0013 Joshua Turnpike Apt. 771, East Thomas, MS 69902",Tablet,317,Premium,3 Month
4609,William Hartman,64,daniel07@example.net,"64219 Christina Lakes, Port Heidimouth, FM 16353",Tablet,7346,Free,Monthly
4610,Robin Livingston,44,megan36@example.com,"3627 Jack Islands Suite 983, Williamsshire, FM 03745",Mobile,9168,Premium,3 Month
4611,Mary White,33,ashleyadams@example.com,"398 Walter Burg, North James, MI 82357",Desktop,7179,Family,Monthly
4612,Jason Turner,44,tiffany04@example.org,"59096 Gabriel Hill Apt. 284, Meganton, MH 78404",Tablet,8645,Premium,Monthly
4613,Lynn Reyes,44,ewoods@example.com,"040 Harris Cliffs Suite 861, North Darrenmouth, OR 21683",Mobile,9440,Premium,Monthly
4614,Sue Williams,58,phillipsjustin@example.org,"PSC 4596, Box 9328, APO AE 47646",Mobile,9090,Free,3 Month
4615,Barbara Davis,65,amandaayers@example.com,"85839 Baker Gardens, Wolffort, NC 21842",Desktop,8964,Premium,3 Month
4616,Monique Hayes,25,david06@example.net,"3362 Terry Square Suite 829, West Michael, GA 96806",Tablet,9351,Family,Yearly
4617,Caroline Hawkins,19,olivia49@example.com,"59493 Smith Course Apt. 585, Port Brendaburgh, DE 91863",Mobile,4139,Free,3 Month
4618,Grant Mcdonald,54,phillip99@example.net,"848 Haley Viaduct Suite 757, South Franklin, UT 02675",Desktop,2718,Family,Monthly
4619,Michael Arias Jr.,44,alexandria02@example.net,"49121 Cowan Circle Apt. 879, Bennettton, WV 90514",Tablet,4170,Premium,Yearly
4620,Kaitlyn Haynes,38,danielwallace@example.org,"73246 Gomez Locks, Juanhaven, OK 63258",Desktop,6427,Premium,Monthly
4621,Austin Cruz,44,udoyle@example.net,"0058 Sara Ridge, Rodneyview, MA 55726",Desktop,5797,Premium,Yearly
4622,Kendra Webb,44,markjones@example.com,"72273 Lisa Wells Apt. 037, Amyhaven, DC 81575",Desktop,139,Premium,Monthly
4623,Richard Burton,23,smedina@example.net,"492 Stephen Expressway Apt. 391, East Brandiburgh, SD 05954",Tablet,1447,Premium,3 Month
4624,Shannon Smith,44,mariafoster@example.net,"07879 Lawson Squares, Martinezchester, AR 23970",Desktop,1046,Family,Monthly
4625,Jennifer Robinson,23,vcarter@example.com,"125 Adams Junctions Suite 130, New Marie, ME 86991",Mobile,2341,Premium,Yearly
4626,William Gutierrez,44,andrea78@example.org,"1498 Oneal Dam, West Jamesland, MN 71811",Mobile,1040,Family,Yearly
4627,Jeremiah Jones,44,knoxmatthew@example.org,"99985 Liu Village Suite 862, Lake James, GU 60850",Mobile,5454,Premium,3 Month
4628,Renee Mayo,35,williamfleming@example.com,"5253 Cody Roads Apt. 268, South Jessica, MD 94520",Tablet,6207,Family,Monthly
4629,Andrew Lewis,44,garciayolanda@example.org,"2431 David Motorway, Port Allenport, DC 31882",Desktop,6611,Free,Monthly
4630,Jeffrey King,44,danielbrewer@example.org,"PSC 3226, Box 5095, APO AP 95688",Mobile,4772,Free,Monthly
4631,Kenneth Ross,18,melissagomez@example.org,"PSC 2998, Box 5375, APO AA 59186",Mobile,6199,Premium,Monthly
4632,Heather Russell,28,qhall@example.net,"131 Heather Pines, Danielbury, AZ 50773",Mobile,7202,Free,Yearly
4633,Michael Johnson,44,gibsonmatthew@example.net,"2465 Kathleen Turnpike, Haneyhaven, OH 23421",Mobile,4120,Family,Yearly
4634,Kelly Ortiz,44,fryezoe@example.net,"108 Melinda Fork, Lake Christophershire, WY 86042",Mobile,9613,Premium,Monthly
4635,Alan Taylor,44,oleach@example.org,"41655 Craig Summit Apt. 835, Kevinfurt, AL 99408",Tablet,6387,Free,Monthly
4636,Joanna Bell,44,hhall@example.net,"5982 Rogers Course Suite 471, Amberland, MI 83741",Mobile,1580,Free,Yearly
4637,Allison Watkins,23,christophersmith@example.org,"75354 Carrie Centers, Munozmouth, DE 16350",Mobile,6525,Family,Monthly
4638,Lisa Wilson,57,lopezlaura@example.org,"99476 Riddle Curve, Chelseyburgh, MT 48595",Desktop,2201,Free,Yearly
4639,Monique Brown,25,jimenezwilliam@example.net,"USCGC Morris, FPO AE 82678",Desktop,3089,Family,Monthly
4640,Stacie Bell,34,qcole@example.net,"106 Reynolds Unions Apt. 566, South Tracyside, MP 98534",Mobile,2192,Free,3 Month
4641,Crystal Coleman,44,taylorjames@example.com,"4587 Brooke Springs Apt. 349, East Kristinside, NM 40976",Desktop,2551,Premium,3 Month
4642,Jessica Johnson,57,tcaldwell@example.com,"962 Garza Keys, Travisbury, OK 23994",Desktop,7876,Free,Yearly
4643,Cheryl Davis PhD,44,marcus49@example.net,"756 Amanda Orchard Suite 573, South Christophermouth, SC 32930",Tablet,1074,Family,Monthly
4644,Christopher Mann,35,david11@example.org,"36574 Haley Drive, Robertland, FL 59425",Mobile,9771,Premium,Yearly
4645,Haley Munoz,37,upeterson@example.org,"8749 Nelson Manors Suite 703, Lisamouth, DE 55159",Desktop,4996,Premium,Monthly
4646,Logan Hardin,44,brownrobert@example.org,"233 Barr Brooks Apt. 243, Hayesshire, AZ 81835",Mobile,6409,Premium,Monthly
4647,Alexis Barton,41,oreid@example.net,"713 Kristie Rapids Apt. 522, North Teresa, WI 46694",Tablet,3163,Free,Yearly
4648,Dale Macias,44,tcarter@example.org,"PSC 8509, Box 5006, APO AE 92732",Desktop,4145,Premium,Monthly
4649,Alexander Johnson,44,zbradley@example.com,"4208 Davidson Track Suite 844, Gabrielborough, HI 12635",Desktop,7675,Premium,Yearly
4650,Patricia Thomas,44,rbond@example.com,"37274 Suzanne Pine, Reneefort, MN 56134",Desktop,5050,Family,Yearly
4651,James Stanton,44,jamesbowers@example.com,"891 Bridges Greens, Bestport, MA 75600",Mobile,4363,Premium,3 Month
4652,Elaine Scott,62,jeffrey46@example.org,"6714 Russell Extensions Apt. 484, Cindyland, VT 61773",Desktop,7670,Premium,Yearly
4653,Brandy Mcknight,56,zarnold@example.com,"5597 Glover Valleys, Johnsonbury, NJ 79264",Desktop,9043,Free,Monthly
4654,Richard Perez,44,shanejohnson@example.net,"7365 Cain Lodge Apt. 029, South Jennifer, IA 80874",Desktop,9739,Premium,Monthly
4655,Gary Greer,64,benjaminmyers@example.net,"938 Weaver Hollow, North Danaberg, AZ 22692",Desktop,3085,Family,Yearly
4656,Sarah Cochran,26,jonathan47@example.net,"253 Brown Fort, Lake Donnaburgh, VI 10368",Tablet,9083,Premium,Yearly
4657,Amy Scott,59,fnovak@example.org,"4175 Daniel Haven Apt. 319, Katelynberg, IN 02963",Mobile,3933,Free,3 Month
4658,James George,44,garzajimmy@example.net,"17199 Howell Park Apt. 456, Lamstad, TN 80836",Desktop,7829,Premium,3 Month
4659,Douglas Davis,44,adam37@example.com,"346 Thompson Skyway, East Spencerside, KY 09144",Mobile,2228,Family,Yearly
4660,Tyler Vaughn,44,suzannejones@example.com,"78202 Myers Wells, Alexandermouth, AS 81874",Tablet,2264,Free,3 Month
4661,Amber Tran,44,marthahouston@example.net,"Unit 9621 Box 2087, DPO AP 79282",Desktop,788,Free,Yearly
4662,Sarah Pierce,44,qgonzales@example.org,"6447 Harris Mill, Raymondview, MP 99797",Mobile,7662,Premium,3 Month
4663,Michael Houston,44,zforbes@example.org,"78894 Jeffrey Expressway Suite 889, East Erika, PW 66879",Desktop,4430,Premium,Yearly
4664,Nathan Mcmillan,44,tmcdaniel@example.com,"3193 Autumn Field Suite 678, Port James, ID 23006",Mobile,7304,Free,3 Month
4665,Meagan Garrett,44,nguerrero@example.net,"903 Adkins Fall Apt. 884, West Marco, SC 80591",Desktop,7042,Premium,Yearly
4666,Heather Martinez,44,montgomeryandrew@example.net,"3175 Barker Turnpike Suite 949, Lake Chelseaton, CO 85420",Tablet,340,Premium,Monthly
4667,Jeffrey Johnson,49,freemankendra@example.org,"6743 Keith Walks, Jessicatown, MA 73580",Mobile,2271,Free,3 Month
4668,Dustin Johnston,34,hollandrita@example.com,"945 Charles Garden, Timothyberg, MA 18856",Desktop,4255,Premium,Yearly
4669,Cheryl Campbell,44,adamday@example.org,"86304 Richard Port Apt. 062, West Matthewview, OK 56855",Desktop,2010,Free,3 Month
4670,Nathan Morris,42,kperez@example.net,"0898 Alexander Inlet Suite 192, South Christopherton, IA 14297",Mobile,913,Free,Monthly
4671,Summer Thompson,27,dominique00@example.com,"36186 Calvin Cove Apt. 419, East Samuelville, NC 77540",Desktop,6788,Premium,Yearly
4672,Kathleen Wheeler,63,brooksanthony@example.net,"20301 Anthony Circles, East Cheyenne, DC 84216",Desktop,4138,Family,Yearly
4673,Reginald Ortega PhD,44,caroline11@example.com,"25626 Dawn Circles, Brandontown, OK 94026",Mobile,6030,Premium,3 Month
4674,Michelle White,44,ramirezkeith@example.org,"4951 Joshua Prairie, Morenoville, AZ 86439",Desktop,7350,Free,Yearly
4675,Sheryl Martin,44,hillrenee@example.net,"USS Gould, FPO AE 41441",Desktop,3450,Premium,Yearly
4676,Jacqueline Wilson,44,cmorris@example.org,"03776 Shields Cliffs Suite 379, Jefferyfort, CO 44384",Mobile,5858,Free,Monthly
4677,Richard Matthews,48,stacey51@example.net,"119 Dorsey Ramp, East Jesse, MH 89514",Desktop,2332,Free,3 Month
4678,Larry Fields DVM,44,emily13@example.net,"30716 Jason Trail, West Richard, IL 78543",Desktop,975,Free,3 Month
4679,Linda Ho,58,greenbrandon@example.org,"USNV Buckley, FPO AE 72399",Tablet,179,Family,Monthly
4680,Diana Sullivan,61,tiffanymitchell@example.org,"Unit 5519 Box 2970, DPO AE 40069",Mobile,322,Premium,3 Month
4681,Timothy Fox,64,ivaldez@example.com,"266 Fletcher Springs Suite 314, Laurenland, LA 40118",Tablet,2087,Free,3 Month
4682,Marilyn Pena,63,carla75@example.org,"05849 Walsh Estates, North Rebecca, MT 07745",Mobile,3827,Family,Yearly
4683,Andrea Robinson,64,sandra72@example.com,"5727 Rachel Street, Myersview, IN 84252",Mobile,3275,Family,Monthly
4684,Joshua Jones,44,harmonkyle@example.com,"88195 Williams Trafficway Apt. 034, East Jeremychester, NC 85536",Tablet,3829,Family,3 Month
4685,Matthew Jenkins,58,eruiz@example.net,"69714 Hamilton Lake, Port Elizabethshire, OR 83990",Mobile,500,Free,Yearly
4686,Sandra Elliott,44,ebowen@example.net,"96773 John Stravenue, Heidiside, FL 71585",Mobile,2855,Premium,Yearly
4687,Brian Alexander,44,mking@example.org,"45481 Matthew Hill Apt. 853, Yoderfurt, TN 63571",Tablet,4208,Free,3 Month
4688,Chad Cross,44,shawnchristensen@example.com,"663 Warner Loaf, Frederickmouth, LA 23571",Mobile,6914,Premium,3 Month
4689,Kevin Salinas,44,destiny33@example.com,"415 Christopher Tunnel, Lake Laura, NE 49930",Mobile,9367,Family,3 Month
4690,Stephanie Cummings,44,timothy67@example.com,"12866 Andrew Bridge, South Jordan, MI 81558",Mobile,9670,Family,Yearly
4691,Lauren Lyons,34,heatherramirez@example.org,"958 Deborah Summit, East Joshua, MP 02998",Tablet,1706,Premium,3 Month
4692,Christie Butler,44,joseph43@example.org,"088 Burns Valley Apt. 659, Lake Jonathan, ID 10610",Tablet,2362,Free,3 Month
4693,Kyle Rivers,44,andersonjackie@example.com,"Unit 7477 Box 2455, DPO AA 23191",Mobile,5168,Free,Yearly
4694,Kimberly Watson,44,lisapeterson@example.org,"0423 Melissa Port, South Theresa, MO 20744",Mobile,798,Free,3 Month
4695,Lynn Wilson,59,eric23@example.net,"938 Julia Centers, West Christopher, MH 34680",Desktop,9704,Free,3 Month
4696,Katrina Wilson,70,schmidtjeremiah@example.org,"6349 Willis Forest Suite 199, Lauriefort, OH 80288",Mobile,8931,Premium,Monthly
4697,Ryan White,44,walterrubio@example.com,"0265 Morris Ports, South Rhonda, GA 97446",Mobile,6231,Premium,Yearly
4698,Diane Norton,57,lopezsarah@example.org,"USNV Burch, FPO AA 44123",Tablet,8911,Free,Yearly
4699,Frank Gordon,24,dawsonmarissa@example.com,"323 Carter Ramp Apt. 796, Lake Cynthia, MA 88901",Mobile,9324,Premium,Yearly
4700,April Neal,44,dhubbard@example.org,"6612 Zimmerman Plain Suite 553, Hannahbury, WY 35315",Tablet,9297,Premium,3 Month
4701,Walter Guzman,44,bblack@example.org,"Unit 2382 Box 9778, DPO AP 96913",Desktop,3306,Family,3 Month
4702,Travis Rodriguez,44,jenniferwolfe@example.org,"29092 Warren Hill Apt. 240, Barbarahaven, NJ 39209",Mobile,5232,Premium,3 Month
4703,Garrett Wilson,44,foxchristopher@example.org,"8994 Lloyd Village Suite 352, Johnsonmouth, CT 05560",Mobile,2049,Premium,3 Month
4704,Virginia Curry,44,nmartinez@example.org,"1493 Christopher Mountains, North Garychester, SD 39654",Tablet,9465,Premium,Monthly
4705,Savannah Navarro,44,loribrown@example.org,"73867 Merritt Mountains Apt. 839, Katherinemouth, NM 31873",Mobile,8051,Family,3 Month
4706,Craig Martinez,28,chadroberts@example.com,"8216 Sabrina Plaza Suite 719, West Elaineton, MD 23908",Mobile,4740,Premium,Monthly
4707,Jennifer Cooley,39,stodd@example.net,"Unit 2134 Box 4202, DPO AA 48765",Mobile,6658,Family,Monthly
4708,Jonathan Savage,44,jessica65@example.net,"90298 Villarreal Overpass Suite 680, Robertberg, OH 01165",Mobile,5953,Family,Yearly
4709,Scott Meyer,44,rbell@example.org,"141 Aaron Center Apt. 228, West Stevenside, VI 67868",Desktop,4613,Free,Yearly
4710,Cody Mitchell,29,kimberly36@example.com,"Unit 5774 Box 5926, DPO AE 36577",Tablet,4333,Free,3 Month
4711,Kevin Wilson,44,clarkanna@example.net,"133 Tammy Isle Apt. 184, Harrisborough, HI 68860",Desktop,4753,Free,3 Month
4712,Jennifer Fisher,39,lewismorgan@example.net,"525 Vasquez Island Apt. 281, East Antonioton, VA 09289",Tablet,4463,Premium,Monthly
4713,Brent Stout,44,kenneth65@example.org,"26837 Jessica Freeway, Rogershaven, PR 13800",Tablet,8177,Premium,3 Month
4714,Emily Williams,44,jerrycabrera@example.net,"60686 Jacobs Plaza Suite 479, Taraburgh, FL 81055",Mobile,4542,Premium,3 Month
4715,Jennifer Murphy,44,sosamichele@example.net,"858 Chen Cape, West Oliviafort, WY 90562",Desktop,398,Free,3 Month
4716,Hailey Lindsey,44,ravila@example.net,"1409 Wendy Road, North Kelly, WI 63830",Tablet,9662,Premium,3 Month
4717,Stephanie Oconnor,44,tyler79@example.org,"27733 Nancy Fields Suite 282, North Vanessaland, NM 52650",Desktop,844,Free,3 Month
4718,Cathy Fletcher,49,kennethlin@example.net,"406 Tina Lights Apt. 776, East Alicia, GU 34000",Desktop,6742,Premium,Monthly
4719,Heather May,51,yweeks@example.net,"3494 Randy Gateway Suite 342, Riggstown, AL 44894",Desktop,9385,Premium,Monthly
4720,Larry Baldwin,60,gregory44@example.com,"5648 Gabrielle Loop, Port Jerry, MN 25294",Desktop,7032,Premium,Yearly
4721,Joshua Hall,44,deanna72@example.net,"073 Valerie Hill, South Williamborough, PW 85796",Mobile,8267,Family,3 Month
4722,Sheila Ryan,44,psandoval@example.org,"205 Harvey Hollow Suite 234, Brownberg, CO 34427",Mobile,5954,Premium,Yearly
4723,Juan Ramirez,44,lisa02@example.com,"141 Paul Wells Apt. 331, Melissaborough, VA 93940",Desktop,4438,Free,Monthly
4724,Stacy Rodriguez,38,duncaneric@example.com,"2202 Bullock Corners Apt. 740, Lake Laura, PA 14647",Tablet,6727,Premium,Monthly
4725,Brian Watkins,44,todd65@example.com,"636 Ortiz Court Apt. 949, North Shawn, MD 75793",Mobile,3448,Free,Yearly
4726,David Barnett,44,marshallsheila@example.org,"439 Jennifer Unions Apt. 052, North Paulberg, VT 48383",Tablet,7229,Family,Monthly
4727,Jeremy Bell,44,mvillanueva@example.org,"PSC 0159, Box 9869, APO AE 57378",Desktop,4952,Premium,Monthly
4728,Erin Ryan,34,dicksonkathleen@example.net,"978 Patton Green, Watsonmouth, CO 92145",Mobile,3452,Family,3 Month
4729,Wanda Barnett,61,connornunez@example.com,"9376 Jackson Shores Apt. 937, Lake Andrewland, OR 69857",Mobile,3759,Family,Monthly
4730,Adam Anderson,43,laura29@example.org,"5419 Robert Manors Apt. 994, Rosalesberg, NY 75771",Desktop,365,Premium,3 Month
4731,Paul Vasquez,62,lopezholly@example.org,"35535 Gutierrez Crossing Suite 233, New Joshuashire, IA 59892",Desktop,7168,Premium,Yearly
4732,Phillip Pennington,49,dsimon@example.org,"58889 Young Villages Apt. 772, Lake Brandontown, KS 28238",Mobile,5497,Family,3 Month
4733,Cynthia Bennett,29,jasmine89@example.net,"1946 Brian Junction, Rowechester, AS 99648",Tablet,6318,Free,Yearly
4734,Thomas Bonilla,44,keith39@example.net,"089 Joseph Tunnel Apt. 530, East Katherinemouth, DE 55372",Mobile,692,Free,Monthly
4735,Nathaniel Gonzalez,44,lthompson@example.com,"226 Robert Ports, West Jillianport, CA 43525",Mobile,5223,Premium,3 Month
4736,Brad Hill,44,david20@example.com,"28131 Brown Mountains Apt. 153, Jonesbury, IN 48600",Desktop,3490,Free,Monthly
4737,Lindsey Nash,44,rebecca23@example.com,"21494 Michael Tunnel Apt. 716, New Danatown, MA 29738",Mobile,6682,Premium,Monthly
4738,Richard Schroeder,67,stephensjames@example.com,"7566 Amy Highway Apt. 633, West Michelle, CA 97423",Desktop,6747,Premium,Yearly
4739,Erin Riggs,32,bill44@example.net,"2671 Mayer Trail Apt. 264, Davisfort, ME 65031",Desktop,3355,Premium,Monthly
4740,Julie Thomas,24,ecarter@example.org,"2541 Rodriguez Well, Paulhaven, NY 63929",Mobile,8495,Family,Monthly
4741,Tony Ramos,54,xklein@example.com,"95815 Wyatt Cliff, Tinastad, CT 71960",Desktop,4958,Free,3 Month
4742,Michael Miller,38,cartertara@example.com,"61894 Elizabeth Meadow, Griffinmouth, IA 10212",Desktop,6330,Free,Monthly
4743,Terry Barnes,42,ashley40@example.com,"69188 Carroll Avenue Suite 044, Crystalchester, ME 37824",Desktop,3149,Premium,Yearly
4744,Matthew Blevins,50,michellehill@example.com,"Unit 5200 Box 7036, DPO AA 49158",Tablet,623,Family,Monthly
4745,Barbara Collins,19,nancygordon@example.com,"73385 Kayla Cove Apt. 530, West Patricia, GA 10159",Mobile,9361,Premium,Monthly
4746,Johnny Drake,44,donovanlori@example.org,"33844 Yang Trail, Lake Brendaport, VI 29395",Mobile,7405,Free,Yearly
4747,Heather Golden,37,molson@example.net,"938 James Tunnel, Diazhaven, NC 62338",Mobile,442,Premium,Monthly
4748,Shane Harris,44,linda29@example.org,"36206 Cynthia Cape Apt. 225, Phyllisville, IA 37242",Mobile,7459,Free,Yearly
4749,Kathryn Jones,44,james12@example.com,"350 Ashley Plain Apt. 808, North Jon, AZ 74679",Desktop,4922,Family,3 Month
4750,Brianna Johnson,65,williamssara@example.net,"919 James Spur, West Julianside, HI 99552",Mobile,2420,Premium,Monthly
4751,Michaela Martin,44,rmorales@example.com,"75919 Stefanie Forks, Port Tina, MT 73434",Tablet,2434,Premium,Yearly
4752,Jennifer Rich,44,medinakristi@example.com,"488 Gary Radial, New Pamelafurt, WA 50080",Mobile,8653,Family,Yearly
4753,Kimberly Fields,47,pamela52@example.org,"776 Berry Isle, East Robertview, MS 82462",Tablet,5083,Free,Yearly
4754,Keith Gonzalez,69,harrisbrandi@example.net,"51573 Green Canyon Suite 336, Garciaborough, CO 94368",Tablet,7681,Free,Monthly
4755,Joanna Dixon,44,jordanjohn@example.net,Not Provided,Mobile,8918,Free,3 Month
4756,Christine White,44,johnmartinez@example.net,"USS Jackson, FPO AE 00957",Mobile,6804,Family,Monthly
4757,Christina Rich,31,carrollalice@example.org,"467 Brown Expressway, Doughertyton, UT 94270",Mobile,4142,Family,3 Month
4758,Melinda Barber,44,leestacy@example.org,"95511 Katrina Ridge Suite 313, Port Joseph, WV 93682",Tablet,880,Premium,Monthly
4759,Edward Harrison,44,rowlandbrittany@example.org,"44589 Sean Expressway Apt. 840, Flynnchester, NE 55633",Tablet,8811,Premium,Monthly
4760,Timothy Mendez,44,jenningsmichael@example.org,"774 Kelly Point Suite 311, East Blakeborough, MO 26311",Mobile,8729,Premium,Monthly
4761,Gina Lopez,19,justinsalas@example.net,"3099 Meyer Row Suite 538, Tranchester, FM 98953",Mobile,1320,Family,Monthly
4762,Mary Riggs,59,rgood@example.com,"Unit 4297 Box 8694, DPO AP 63217",Mobile,5553,Free,Yearly
4763,Brenda Murray,44,justincurry@example.net,"USNS Jones, FPO AA 78790",Mobile,528,Premium,3 Month
4764,April Carter,54,jimenezjames@example.com,"8586 Jackson Track, Josephfort, MI 53689",Mobile,4035,Free,Monthly
4765,Brenda Carter,44,smithjeremy@example.net,"956 Richardson Plaza Suite 398, Vincentville, MA 61349",Mobile,666,Free,3 Month
4766,Kelly Gonzalez,44,leedouglas@example.org,"749 Nathan Islands, West Staceyton, KS 37743",Tablet,459,Premium,3 Month
4767,Philip Conner,34,priceelijah@example.net,"0987 Isaac Lock Apt. 782, New Julie, KS 78005",Desktop,8674,Premium,3 Month
4768,Jessica Miller,24,amyjones@example.net,"4421 Dalton Flat Suite 877, Douglasstad, NE 60327",Desktop,2006,Family,Monthly
4769,Karen Patel,44,courtneyaustin@example.org,"375 Erica Rue, New Seanville, MO 13592",Desktop,4554,Family,3 Month
4770,Suzanne George,31,alvarezrobert@example.com,"1989 Wilson Overpass Suite 947, Lake Leonbury, MH 35575",Desktop,4897,Free,3 Month
4771,Bethany Burgess,44,calvindiaz@example.com,"Unit 4684 Box 6305, DPO AA 53498",Tablet,3085,Premium,Yearly
4772,Bruce Mills,43,ramirezjoshua@example.com,"576 George Parks Suite 767, Hannahborough, MH 85675",Desktop,9605,Free,Yearly
4773,Justin Norris,20,riggsjulia@example.com,"19153 Bush Way Suite 835, West Amymouth, CO 83104",Desktop,3651,Free,Yearly
4774,Heather Rodriguez,54,herrerasarah@example.org,"815 Smith Street Apt. 951, Ronaldchester, MP 27658",Tablet,1610,Premium,Monthly
4775,Evelyn Stewart,52,heatherberger@example.org,"Unit 5481 Box 0863, DPO AA 32681",Mobile,7482,Family,Yearly
4776,Peter Morales,67,qjones@example.org,"141 Sara Drives Suite 203, Maryton, CA 83650",Desktop,3396,Family,Yearly
4777,Terry Gonzalez,44,laurie35@example.net,"463 Hernandez Cliffs, New Regina, MD 38133",Desktop,8459,Free,Monthly
4778,Cameron Mercado,69,ddelacruz@example.org,"10532 Lee Common, Parkston, NM 38825",Desktop,9714,Premium,3 Month
4779,Jerry Roberson,46,mcknightcody@example.org,"517 Kristen Mill, Andrewside, FM 45004",Mobile,4043,Premium,3 Month
4780,Karen Patel,40,zthompson@example.org,"56814 Gutierrez Overpass, Jamesburgh, KY 27299",Desktop,1600,Family,Monthly
4781,Michaela Morrow,42,kenneth42@example.net,"430 Weaver View, Rebeccachester, HI 88691",Desktop,3645,Premium,Yearly
4782,John Rogers,22,lindamarsh@example.net,"3964 Matthew Loop Suite 924, Mooreton, FM 77459",Tablet,8518,Premium,Monthly
4783,David Warren,44,ulong@example.org,"47976 Andrew Ville, Lake Gregory, PA 68330",Mobile,8036,Premium,Yearly
4784,Ryan Torres,62,wgraham@example.com,"54037 Stephen Port, Port Taylorburgh, NY 79621",Mobile,2437,Free,Yearly
4785,Kimberly Jenkins,18,vpatel@example.com,"03556 Deborah Stravenue Suite 065, East Michellemouth, UT 49667",Tablet,8592,Premium,3 Month
4786,Aaron Sweeney,43,fvillarreal@example.org,"79903 Brian Ridges, East Lisa, NH 89039",Mobile,3601,Premium,Monthly
4787,Thomas Martin,44,wilcoxcrystal@example.net,"617 Molina Brooks, Port Kristina, MH 24846",Tablet,9401,Family,3 Month
4788,Paul Martin,44,richardjohnson@example.org,"83605 Bailey Roads Suite 833, South Kevin, MT 92898",Mobile,301,Free,Monthly
4789,Carl Sparks,44,jenniferalexander@example.com,"97293 Krause Overpass, Snydertown, CT 93323",Desktop,4324,Premium,Yearly
4790,Robin Patterson,21,martinbrenda@example.net,"97172 Frazier Stream, East Mariaborough, AS 68899",Desktop,9517,Family,3 Month
4791,Stacie Williams,20,castanedatina@example.net,"PSC 8425, Box 1532, APO AP 52361",Desktop,4169,Premium,3 Month
4792,Mary Taylor,61,xtaylor@example.com,"79265 Travis Courts Apt. 475, West Samuelbury, RI 32976",Desktop,4297,Premium,Yearly
4793,Michelle Jones,44,jeffreyfuller@example.org,"4655 Davis Manor Suite 815, Andrewhaven, AS 67689",Desktop,455,Premium,Monthly
4794,Amy Sherman,44,jennifer21@example.net,"15320 Jessica Ports Suite 371, Alvarezchester, NE 90853",Tablet,8788,Family,Monthly
4795,Stacy Torres,33,kathleengriffith@example.net,"623 Gregory Alley Apt. 720, East Cindyton, NM 09421",Desktop,7894,Premium,Yearly
4796,Amanda Robinson,44,merrittjoshua@example.net,"3057 Young Trafficway, Toddfort, UT 80666",Desktop,250,Premium,Yearly
4797,Thomas Martin,44,turnercathy@example.org,"241 Matthew Summit Apt. 450, North Jamesland, NY 21618",Mobile,9080,Premium,Yearly
4798,Holly Robinson,52,hwhite@example.com,"Unit 7698 Box 0624, DPO AP 22370",Desktop,9793,Family,3 Month
4799,Brian Greene,19,lesliemercado@example.org,"1131 Connor Highway Suite 955, Dixonmouth, SC 35387",Desktop,5142,Premium,Yearly
4800,Samantha Armstrong,44,wpowers@example.com,"8670 William Cliff Apt. 035, Port Jackson, SC 43079",Desktop,1753,Free,3 Month
4801,Daniel Gordon,44,klarson@example.org,"9719 Shari Field Apt. 457, North Hollyside, IN 85091",Desktop,7939,Family,Yearly
4802,Bobby Henry,44,contrerasmark@example.net,"66064 Miller Harbor Apt. 574, Lake Heidimouth, PR 43976",Tablet,108,Premium,3 Month
4803,Cynthia Reyes,44,martinezanita@example.org,"455 Heather Harbor, Littlebury, SC 67905",Desktop,5689,Premium,3 Month
4804,Kristina Fry,44,tristanwhite@example.com,"51220 Mary Valley, Lake Heather, MP 40199",Desktop,8058,Premium,Monthly
4805,Jennifer Moore,44,loriramirez@example.com,"Unit 2155 Box 6199, DPO AE 59296",Tablet,7642,Premium,Yearly
4806,Eric Holmes,44,sharon80@example.org,"USS Becker, FPO AP 78012",Mobile,2109,Premium,Yearly
4807,Joanna West,44,leonveronica@example.com,"5722 Vanessa Fall, Port Carol, RI 55888",Mobile,9445,Free,3 Month
4808,David Sutton,44,april25@example.com,"69764 Dunn Crescent Suite 020, Smithburgh, MP 03882",Mobile,1676,Family,Monthly
4809,Paul Miller,44,mercadowilliam@example.net,"Unit 3409 Box 3507, DPO AA 87359",Desktop,2177,Free,3 Month
4810,Frank Robertson,49,rhodesamber@example.net,"3872 Kelly Drive Suite 189, North Angelashire, CA 37273",Desktop,4621,Free,Monthly
4811,Laura Hays,44,david47@example.org,"20728 Taylor Land Suite 305, Lake Kendra, NE 64063",Tablet,895,Free,3 Month
4812,Donna Morse,55,stephen57@example.org,"USNS Cannon, FPO AA 29186",Desktop,7145,Family,Monthly
4813,Edward Smith,55,bryantangela@example.com,"4528 Andrew Centers Suite 351, Hufffort, MH 15078",Mobile,1496,Family,Yearly
4814,Kristen Farmer,44,bishopkimberly@example.org,"PSC 8370, Box 0342, APO AP 06624",Desktop,8669,Premium,Monthly
4815,George Lawrence,19,tglass@example.org,"PSC 0986, Box 7645, APO AP 90255",Mobile,3633,Free,Yearly
4816,Raymond Morgan,44,guy01@example.org,"28562 Perez Fort Apt. 260, West Jesus, PW 30398",Mobile,600,Premium,Yearly
4817,Lauren Bradley,23,robertsonjennifer@example.com,"864 Valencia Walks Apt. 037, Tylermouth, MD 81370",Desktop,9190,Premium,Monthly
4818,Travis Harrison,44,johnny13@example.net,"602 Kevin Lodge Apt. 977, Lake Peter, TX 29473",Tablet,6392,Free,Monthly
4819,James Alexander,34,melissagonzalez@example.com,"11798 Jillian Flat, Williamsontown, AZ 61994",Mobile,9321,Premium,Monthly
4820,Kimberly Joseph,60,tatemaria@example.org,"626 Schultz Union, Sierraland, NY 98808",Mobile,8114,Premium,3 Month
4821,Thomas Schmitt,31,devin60@example.org,"PSC 7559, Box 9561, APO AA 74288",Desktop,6501,Premium,Monthly
4822,Peter Williams,68,cdavis@example.org,"1652 Seth Loop, Nortonstad, WA 42961",Mobile,5842,Premium,3 Month
4823,Terri Schwartz,66,bmoore@example.com,"09877 Berg Fort, Davidmouth, MO 77129",Tablet,423,Family,Yearly
4824,Preston Shaw,44,gmcdonald@example.com,"897 Charles Village Apt. 098, Zamoramouth, PA 67986",Mobile,9231,Premium,Yearly
4825,Zachary Nelson MD,44,whitneytaylor@example.net,"45375 Shawn Plaza Apt. 397, Pettyborough, MD 06141",Mobile,2967,Family,3 Month
4826,Shirley Anthony,63,clarktina@example.com,"952 Kristina Camp Suite 117, Lake Jenniferberg, DC 22337",Desktop,4414,Free,Monthly
4827,Carol Cole,22,ialvarez@example.com,"93118 Michael Ridge, Leefort, TN 03635",Desktop,3136,Premium,Yearly
4828,Michael Gonzalez,44,aaronjackson@example.org,"11936 Joseph Walks, East Laura, NV 11196",Tablet,7387,Free,Monthly
4829,Travis Vang,68,michaelhernandez@example.net,"2139 Harrison Squares, East Angelaborough, NV 78177",Mobile,4368,Family,Monthly
4830,Kristina Meyers,51,darrell96@example.net,"PSC 4620, Box 7884, APO AE 14010",Mobile,8611,Premium,Yearly
4831,Michael Fox,34,gonzalezgary@example.com,"11736 Carpenter Crossroad Suite 903, Barrystad, CO 12899",Desktop,5499,Free,Yearly
4832,Ricky Miller,48,rebecca62@example.net,"1835 David Knolls, Lake Michael, MT 01734",Desktop,9209,Free,3 Month
4833,Kevin Davis,31,scotttimothy@example.net,"86588 Davenport Crossroad Suite 832, North Sarachester, DC 54125",Desktop,562,Free,Yearly
4834,Jesse Chang,44,nferrell@example.com,"Unit 9782 Box 6356, DPO AE 61562",Mobile,2105,Free,Yearly
4835,Kevin Alexander,65,jamescarr@example.net,"59298 Emily Glen, East Maureenbury, ND 74625",Mobile,6192,Free,Monthly
4836,Lisa Smith,44,debbierichardson@example.com,"66465 Kimberly Bridge Apt. 383, East Victoria, UT 73762",Mobile,4864,Premium,Monthly
4837,Emily Martinez,59,iroberts@example.com,"00792 Jackson Stravenue, North Ericmouth, PW 96634",Desktop,3269,Free,3 Month
4838,Allison Stein,21,bentongeorge@example.org,"475 Jennifer Spurs, Annetteberg, AK 45022",Tablet,7723,Family,3 Month
4839,Robert Brooks,39,daniel72@example.net,"332 Schneider Orchard Suite 175, East Richard, ME 42394",Tablet,7636,Free,Monthly
4840,Ralph Elliott,44,eolson@example.org,"92344 Hughes Square, Foleyburgh, ID 54457",Mobile,3530,Premium,3 Month
4841,Roy Wyatt,65,sarahhernandez@example.com,"4539 Maria Circle, Port Jessicaville, WA 42924",Tablet,7958,Premium,Monthly
4842,Erin Strickland,44,youngsara@example.org,"524 Ryan Village, Phillipsland, OH 40427",Mobile,9492,Premium,Yearly
4843,Lauren Williams,21,kaylagibson@example.org,"24300 Charles Greens Suite 706, Lake Aaronport, MS 14689",Desktop,9163,Free,Yearly
4844,Mckenzie Torres,44,ltaylor@example.net,"6100 Williams Wall, Mccannport, MA 93030",Mobile,8632,Premium,Yearly
4845,Dawn Robinson,44,michael91@example.com,"198 Schroeder Mount Apt. 223, New Olivia, VA 38114",Mobile,513,Premium,3 Month
4846,Melissa Gray,18,thomasmckinney@example.com,"2335 Arellano Circles Suite 349, East Deniseberg, IN 92519",Desktop,2340,Family,Yearly
4847,Amy Smith,44,john78@example.net,"906 Stewart Causeway Suite 640, Heatherville, AR 49326",Tablet,5670,Family,Monthly
4848,Andrew Wilkerson,44,ewoods@example.com,"826 Williams Mission Suite 064, North Kimberlybury, PW 83785",Mobile,105,Family,Monthly
4849,Joshua Bell,44,xjoseph@example.org,"32516 Smith Mews Suite 738, North Crystalhaven, MA 69600",Desktop,6735,Free,Monthly
4850,Jeffrey Baker,60,shannon13@example.net,"394 Damon Ridge, East Josephhaven, VA 11438",Mobile,7040,Free,Yearly
4851,Darren Gardner,32,kmccullough@example.com,"728 Aaron Spring Suite 980, Port Michael, VI 67371",Desktop,3423,Family,Monthly
4852,Phillip Smith,33,mendezchristina@example.net,"126 Desiree Fords, Johntown, IN 26245",Desktop,6100,Family,Yearly
4853,Jeffery Miles,22,treyes@example.com,"649 Jones Harbors Apt. 752, East Alicia, WV 80205",Tablet,9116,Family,Monthly
4854,James Young,21,debbie24@example.org,"8045 Branch Viaduct, Pamelaburgh, NJ 21843",Tablet,8607,Family,3 Month
4855,Brittney Miles,44,thomasjames@example.net,"35508 Turner Streets, South Brian, MD 78022",Desktop,7670,Premium,Yearly
4856,Dwayne Lopez,64,nicoleriley@example.org,"52742 Phillips Inlet Suite 576, Lake Brandon, MD 81362",Tablet,9953,Premium,3 Month
4857,Courtney Davis,49,olsondavid@example.org,"4067 Martinez Key, Clarkchester, AR 76832",Tablet,6837,Premium,Yearly
4858,Andrew Johnson,44,umendez@example.com,"34421 Murray Forges Apt. 522, Garciaville, FL 80788",Mobile,3151,Premium,Monthly
4859,Justin Jones,54,caseygarcia@example.net,"263 Thomas Crest Apt. 177, New Kimberlyside, WV 76015",Desktop,2712,Free,Monthly
4860,Bryan Kennedy,31,ryanneal@example.net,"740 Garcia Gardens Apt. 983, New Jocelynbury, DC 93499",Desktop,6503,Premium,3 Month
4861,Ashley Herrera,47,aboyd@example.net,"164 Larry Radial, Drewhaven, NY 61302",Tablet,6552,Free,Yearly
4862,Andrew Jones,63,anthony61@example.org,"07463 Melissa Mountain, Holmeshaven, NH 18153",Mobile,3012,Premium,3 Month
4863,Allen Simon,38,bridgetsanchez@example.net,"8204 Nicole Lights Suite 740, Jerryview, NE 54581",Mobile,1420,Free,Monthly
4864,Anthony Ross,28,karen87@example.org,"65784 Dana Port, East Allison, SC 60375",Desktop,7585,Premium,Monthly
4865,Monica Holmes,52,robertsonjennifer@example.com,"0035 Robert Plains Suite 176, North Elizabethfurt, VI 63978",Desktop,1600,Premium,3 Month
4866,Gregory May,44,fhowell@example.net,"9526 Patrick Roads Suite 809, Madisonton, NJ 08221",Mobile,6242,Family,Monthly
4867,Ronald Thomas,70,matthew25@example.com,"856 Amanda Mount, Port Annville, DE 17335",Mobile,6049,Free,3 Month
4868,Billy Martin,62,knightwalter@example.net,"3318 Kim Shores, Coreyburgh, AL 18877",Desktop,3862,Premium,Yearly
4869,Maria Erickson,44,blacktroy@example.org,"6051 Mcfarland Green Suite 669, Lake Don, IL 88892",Mobile,2688,Premium,Yearly
4870,Gabriela Black,63,vtaylor@example.net,"3318 Lee Keys Suite 921, West Richard, FL 81437",Mobile,9872,Family,3 Month
4871,Michael Jenkins,44,charleswhite@example.net,"21332 Davis Mews, Chanstad, AS 53197",Desktop,9747,Premium,3 Month
4872,David Thomas,44,cturner@example.com,"9581 Brittany Squares, East Kimberlyhaven, NM 52085",Desktop,981,Family,Monthly
4873,Heather Shelton,63,rogerscaleb@example.com,"48556 Scott Extension, Bryantmouth, MD 47639",Mobile,6721,Family,Monthly
4874,Jason York,67,timothyball@example.com,"1359 Stanley Bridge Suite 440, Taylorville, SD 50882",Mobile,8903,Premium,Monthly
4875,Michael Clark,44,teresahernandez@example.org,"4866 Jones Forge Suite 913, Port Cameron, NC 53787",Desktop,4192,Premium,Monthly
4876,Jacqueline Miller,64,raysavannah@example.net,"2400 Williams Roads Apt. 495, Laurenmouth, NH 23348",Desktop,2776,Premium,Monthly
4877,Larry Patterson,31,sandracrawford@example.com,"9515 Joshua Plaza, Longland, GU 47699",Desktop,3135,Family,3 Month
4878,Rita Harmon,44,garciadaniel@example.com,"90904 James Skyway Apt. 757, Beasleyside, NM 32282",Desktop,4063,Free,Monthly
4879,Tracy King,18,nclark@example.org,"88272 Byrd Pass Apt. 995, Taylorfort, AK 93740",Desktop,8801,Premium,3 Month
4880,Ray Yoder,30,paulhall@example.org,"462 King Mountains Apt. 502, West Brenda, WI 99217",Tablet,7514,Family,3 Month
4881,Jennifer Smith,44,jessemcdowell@example.org,"71479 Byrd Brook, South Kimberlymouth, KS 14723",Desktop,706,Free,Yearly
4882,Jordan Murphy,44,martinkrystal@example.com,"1632 Chad Crossing Apt. 233, South Justinmouth, PR 64509",Tablet,4650,Free,Monthly
4883,Joshua Ferguson,66,bennettkelly@example.com,"Unit 8946 Box 3449, DPO AE 98434",Mobile,1121,Premium,Monthly
4884,Kimberly Daniels,22,mmolina@example.org,"0210 Thompson Drive Suite 503, New Suzanne, WI 09788",Desktop,7746,Family,3 Month
4885,Jason Baker,21,smithmatthew@example.com,"0737 Bryant Shores, Snydermouth, IN 51833",Desktop,4925,Premium,3 Month
4886,Robert Wiley,65,bmcmahon@example.org,"7269 Tyler Mall Suite 426, Ortizmouth, DC 75156",Tablet,8750,Premium,Yearly
4887,Devon Wang,24,moraleschristine@example.com,"5196 Katelyn Skyway, Port Kenneth, UT 14268",Mobile,5870,Premium,Yearly
4888,Christopher Jenkins,44,xsampson@example.com,"44782 Derrick River Suite 956, Garymouth, KS 75955",Mobile,6372,Premium,Yearly
4889,Barbara Cowan,23,robertboyd@example.net,"10022 Kathy Avenue Apt. 411, Jesseton, FM 03487",Mobile,3288,Premium,3 Month
4890,Renee Norman,32,josephwebb@example.net,"6728 Richardson Road Apt. 311, Jackfurt, FM 44436",Mobile,6961,Free,Monthly
4891,Krista George,45,zkerr@example.org,"21534 Kenneth Well, Gloverside, NH 91660",Desktop,2980,Family,Monthly
4892,Steven Lindsey,44,megan47@example.org,"378 Fred Lakes Apt. 226, Louiston, PW 95035",Tablet,2639,Family,Monthly
4893,Jody Bryant,44,donaldewing@example.org,"97849 Richards River, East Angelica, ME 61327",Mobile,7775,Premium,Yearly
4894,Erika Krause,33,taylortricia@example.net,"48248 Hall Garden Suite 450, Snyderstad, MN 06950",Tablet,6650,Premium,Yearly
4895,Devon Lawson,62,jacquelinescott@example.com,"791 Kaitlyn Cape, North Jennifer, OH 94848",Tablet,2563,Premium,Yearly
4896,Brian Taylor,18,albert83@example.com,"180 Jason Crossroad Suite 494, Carlaside, VA 87867",Tablet,2220,Premium,Yearly
4897,Crystal Young,44,amy70@example.com,"663 Terry Union Suite 693, Port Joan, AZ 09017",Tablet,873,Family,Yearly
4898,Tina White,40,scottdavis@example.net,"219 Blair Plaza, North James, IA 80015",Tablet,6476,Premium,Monthly
4899,Laura Sexton,45,pkennedy@example.net,"4110 Grimes Lake, New Timothyton, IN 84124",Tablet,7507,Premium,3 Month
4900,Martin Schmidt,46,tabitha86@example.com,"Unit 5193 Box 9772, DPO AE 36856",Desktop,4099,Premium,Monthly
4901,Emily Santos,34,tprice@example.net,"5189 Mary Islands, Kellychester, AR 46571",Desktop,596,Premium,Yearly
4902,Cynthia Hendricks,39,tranmichael@example.net,"236 Knapp Drives, Wardtown, PW 24172",Tablet,1847,Free,Monthly
4903,Christopher Murphy,44,destiny56@example.net,"498 Derek Manor Suite 320, Kellymouth, NJ 01066",Mobile,627,Premium,Yearly
4904,Laura Jenkins,20,ginaburke@example.org,"77070 Martin Fort Suite 821, Lake Paul, WA 33708",Mobile,8247,Free,Yearly
4905,Jaclyn Gallagher,44,jblack@example.org,"6016 Perkins Junctions Suite 936, Lake Jacqueline, NJ 64288",Desktop,2559,Premium,Yearly
4906,John Simpson,29,sandrabarton@example.net,"78550 April Flat, North Jenniferstad, AZ 45311",Mobile,5003,Premium,3 Month
4907,Jeanette Stafford,44,kimberly29@example.org,"25454 Yang Summit, Haynesville, MS 44487",Desktop,1657,Free,Yearly
4908,Olivia Jones,57,gmathis@example.com,"910 Michael Point, Markfort, NC 05637",Desktop,3213,Family,Yearly
4909,Nicholas Zavala,57,singhcharles@example.org,"18586 Rhonda Street, South Elizabeth, MP 28912",Desktop,6036,Free,Monthly
4910,William Parrish,44,ykey@example.org,"102 Brian Ville, North Amymouth, FL 02044",Tablet,5690,Free,Monthly
4911,Matthew Stewart,57,marie59@example.net,"007 Tammy Spring Suite 499, Deannaview, AR 58130",Tablet,138,Family,3 Month
4912,Eric Santiago,44,susan42@example.com,"2060 Gates Lights, East Kayla, NC 18080",Tablet,962,Family,Monthly
4913,Jennifer Newton,44,yscott@example.com,"9843 Jones Extension, Donaldtown, CT 62655",Mobile,2542,Premium,3 Month
4914,Tracey Ellis,44,scott55@example.net,"866 Johnson Island, Port Claudia, RI 99092",Tablet,4444,Premium,Yearly
4915,Jerry Williams,44,alexandermoore@example.com,"96669 Shah Islands, Stephanieland, PR 14002",Desktop,6554,Family,Yearly
4916,Jeremy Burton,49,kbentley@example.org,"8432 Maldonado Summit, Jeremyport, CA 27799",Desktop,5512,Free,Yearly
4917,Mario White,44,lisaross@example.net,"02900 Jay Place, Piercestad, ND 40783",Tablet,9818,Family,Monthly
4918,Chelsea Brooks,39,ohumphrey@example.org,"453 Amy Vista Suite 876, Michaelfurt, DC 22053",Tablet,3643,Family,Yearly
4919,Cynthia Fuller,44,sjohnson@example.com,"33920 Joanna Ford, Port Gary, FL 60312",Mobile,1075,Premium,3 Month
4920,Heather Webb,29,ashleyhenderson@example.net,"578 Joshua Coves Suite 241, Morrisonland, AK 09980",Desktop,9481,Family,3 Month
4921,Cody Davis,62,diana37@example.org,"3109 Christopher Parks, Lake Michelle, IL 94628",Tablet,5041,Free,3 Month
4922,Charles Forbes,44,scott06@example.org,"9105 Natalie Dale, South Shawn, SC 55374",Mobile,7164,Free,Monthly
4923,Alec Gilmore,58,reidchristopher@example.org,"5449 Brooke Way, East Martin, VI 88670",Tablet,653,Free,Yearly
4924,Alexis Nelson,44,thomassteven@example.net,"75180 Mayer Isle, Amandaton, VT 53471",Mobile,803,Free,3 Month
4925,Jennifer Hamilton,44,reedmax@example.net,"4216 Kendra Wall, South Paul, OH 08393",Mobile,1950,Premium,3 Month
4926,Douglas King,19,matthewlopez@example.net,"517 Robles Street Apt. 809, Kimmouth, WV 02394",Tablet,8218,Premium,3 Month
4927,Amber Buchanan,44,kristin56@example.org,"34887 Hernandez Circles Apt. 575, Tracyview, TN 90047",Desktop,6350,Premium,Monthly
4928,Holly Graves,32,sryan@example.org,"256 Jonathan Estate Suite 615, Greenstad, CA 29042",Desktop,1840,Free,3 Month
4929,Robert May,30,madeline71@example.net,"46065 Monica Ports, Susanburgh, ME 03785",Desktop,2397,Family,Monthly
4930,Samantha Clayton,43,pneal@example.net,"587 Dixon Pass Apt. 304, East Gary, UT 40609",Desktop,6361,Free,Monthly
4931,Colleen Johnson,44,fwest@example.com,"945 Chandler Ford, Port Jillian, AR 50636",Mobile,5424,Premium,Monthly
4932,Kevin Wright,44,msmith@example.com,"312 Veronica Locks, Cynthiastad, AS 91492",Tablet,1371,Premium,Yearly
4933,Chad Parker,44,lanelisa@example.org,"592 Henry Causeway Suite 347, West Richard, SC 31441",Desktop,6430,Family,3 Month
4934,Karen Brown,44,washingtonmatthew@example.net,"237 Pearson Cliffs, Lake Melissa, VI 94875",Tablet,1761,Free,Yearly
4935,Hayley Walker,52,keaton@example.com,"4281 Young Flats Apt. 101, Nelsonshire, MD 24363",Mobile,1703,Premium,Yearly
4936,Cody Dickerson,60,denisewilliams@example.net,"7806 Hall Heights, Harmonview, PA 52519",Desktop,7176,Premium,Yearly
4937,Erik Parker,44,carol19@example.com,"54533 Smith Pines, New Jennifer, CA 16258",Mobile,6843,Premium,Monthly
4938,Jillian Ibarra,44,uellis@example.net,"156 Lutz Path Suite 655, Hollowayberg, MH 64348",Desktop,8625,Free,Monthly
4939,Samuel Sandoval,64,elizabethgraham@example.org,"66385 Steven Stravenue Apt. 702, Vasquezborough, KY 42608",Tablet,188,Premium,Monthly
4940,Lisa Bright,44,tammy48@example.com,"61060 Bruce Mill, Kevinmouth, NY 18171",Desktop,792,Free,Monthly
4941,Anthony Smith,46,fulleroscar@example.net,"73370 Stephen Junctions Suite 160, East Joel, NY 85867",Mobile,8388,Family,Monthly
4942,Maria Smith,44,alice01@example.net,"27271 Jessica Loop Apt. 355, Lake Tracy, GU 21315",Desktop,970,Premium,Yearly
4943,Gregory Eaton,44,nancy17@example.org,"45641 Martinez Shoals Apt. 635, Jeffreyborough, MA 91823",Desktop,3159,Premium,Yearly
4944,Richard Ramirez,23,mbarnes@example.com,"6321 Williams Bypass Suite 618, Jaredfurt, CO 23299",Tablet,9340,Premium,Monthly
4945,Heather Acosta,44,kathleen69@example.org,Not Provided,Desktop,7770,Family,Yearly
4946,Veronica Murray,53,chloe28@example.net,"3960 Rogers Mount Apt. 403, Jordanmouth, TX 93600",Tablet,4139,Family,Monthly
4947,Michael Patton,44,qnichols@example.net,"3378 Smith Haven Suite 360, North Kimberg, OR 44137",Mobile,6906,Premium,3 Month
4948,Kelly Kim,18,courtney62@example.com,"Unit 2413 Box 4663, DPO AE 97958",Desktop,1385,Free,Monthly
4949,Zoe Ritter,35,millsmegan@example.net,"44501 Wu Mills, South Stephenfurt, UT 54659",Mobile,3740,Premium,Monthly
4950,Kimberly Murphy,20,roy52@example.com,"403 Stefanie Drive Apt. 308, West Mark, MN 16432",Mobile,428,Free,Monthly
4951,Michael Anderson,44,porterjustin@example.com,"2850 Terry Trail Suite 100, North Noah, AK 82593",Desktop,9886,Family,3 Month
4952,Christopher Chase,44,rhondabrooks@example.org,"057 Michael Stravenue Suite 328, Lorimouth, OK 51107",Desktop,125,Free,Yearly
4953,Alan Campbell,44,jflynn@example.com,"3852 Baker Road Suite 284, Stacychester, RI 95313",Desktop,8461,Premium,3 Month
4954,Richard Paul,44,sarah78@example.com,"0943 Jade Stream Apt. 649, Christopherborough, LA 85628",Tablet,2378,Premium,3 Month
4955,Craig Horne,44,suttonandrea@example.org,"4759 Myers Shore Apt. 371, Williamsside, RI 22469",Mobile,5162,Family,Yearly
4956,Amanda Mann,36,michelejenkins@example.net,"59629 Ashley Ranch Apt. 278, New Tammyville, NC 88043",Desktop,5441,Free,Yearly
4957,Amanda Patterson,43,jorge32@example.com,"1349 Vickie Lane, East Nathanport, RI 67626",Desktop,4649,Premium,Monthly
4958,Robert Hudson,18,reedseth@example.org,"71614 Jones Brooks Apt. 829, Lopezmouth, MH 39165",Tablet,1120,Premium,Monthly
4959,Donald Clark,67,douglasstewart@example.net,"PSC 0827, Box 1093, APO AP 19598",Desktop,7860,Free,Monthly
4960,Brandon Johnson,44,danielleclark@example.org,"85128 Brandon Ridge, West Marthatown, MH 32800",Mobile,3548,Premium,3 Month
4961,James Fields,22,jmedina@example.net,"61619 Mcintyre Ports, Timothyland, WA 16366",Tablet,8888,Free,3 Month
4962,Nicole Sims,23,dgomez@example.com,"USS Freeman, FPO AA 13737",Desktop,2498,Family,Yearly
4963,Laura Carlson,44,gilbertdaryl@example.com,"05745 Bailey Crossroad Suite 094, Andersontown, SD 79715",Mobile,9704,Premium,Yearly
4964,Jessica Humphrey,68,william33@example.com,"9776 Cassandra Branch, Hubbardchester, ME 26289",Tablet,2960,Premium,Yearly
4965,Shannon Arellano,33,gibbschristina@example.net,"98180 Munoz Plaza, Hopkinsmouth, UT 97542",Mobile,2282,Family,3 Month
4966,Jennifer Haas,53,quinnmichael@example.net,"874 King Plains Suite 536, Lake Bradleymouth, CT 10307",Mobile,8518,Premium,Monthly
4967,John Smith,64,philip83@example.org,"690 Kelly Mission Suite 062, Wellsport, NV 40021",Mobile,2398,Family,Yearly
4968,Joseph Mullen,44,omar97@example.com,"337 Bush Fort, Port Patrick, MP 62717",Desktop,8623,Premium,Monthly
4969,Steven Hurley,44,jessica00@example.net,"59002 Angela Ford Apt. 082, East Michaelville, VI 36456",Desktop,9142,Free,3 Month
4970,Richard Lawrence,44,richardgreen@example.net,"01061 Joseph Junction, Allenchester, NC 01511",Desktop,5848,Premium,Monthly
4971,Kimberly Mullins,49,nwilkerson@example.org,"1318 Sandoval Stream Apt. 711, Monicaland, KS 17787",Tablet,3394,Premium,3 Month
4972,Jason Henson,44,jonesbrandy@example.org,"37372 Gary Pine, Laurenside, MO 23820",Mobile,8905,Family,Yearly
4973,Christopher Mendoza,52,mistyyoung@example.com,"5196 Coleman Place, South Chadshire, NE 64181",Mobile,4863,Free,Monthly
4974,William Ball,44,tfrazier@example.net,"6854 Hamilton Motorway Apt. 990, North Anthony, MO 21594",Desktop,3635,Free,3 Month
4975,Mary Stevens,28,richard56@example.com,"3331 Barnett Expressway, South Sean, AL 69639",Mobile,6393,Free,Monthly
4976,Matthew Anderson,44,tgraves@example.org,"64064 Krista Unions, Aaronbury, WY 75058",Tablet,2848,Premium,Yearly
4977,Christine Hughes,46,davisbryan@example.net,"74556 Perkins Shores, East Cynthiaside, MS 54072",Desktop,8639,Premium,3 Month
4978,Jeff Burton,38,melvinthompson@example.com,"74315 Thompson Summit, Port Laurie, PW 09755",Mobile,4577,Free,Monthly
4979,Mark Collins,44,marshallelizabeth@example.org,"746 Sabrina Mission, East Raymond, AS 75045",Tablet,9066,Free,3 Month
4980,Elizabeth Johnson,57,annscott@example.org,"660 Nathan Spring Apt. 091, Charlesland, HI 67486",Mobile,4532,Premium,Monthly
4981,Lonnie Taylor,44,knightrobert@example.com,"626 Reyes Stream Apt. 899, Shepardberg, NC 44676",Tablet,7649,Premium,Yearly
4982,Nicholas Cobb,62,emily84@example.net,"874 Miller Springs Suite 193, Rogersmouth, MS 02183",Mobile,6310,Free,Yearly
4983,Heather Watts,44,nancyhopkins@example.org,"869 Collier Divide, West Pamelabury, OK 85326",Tablet,6037,Free,Yearly
4984,Zachary Gonzales,44,scottjames@example.net,"8708 Natalie Field Apt. 166, North Ryanborough, OK 82069",Tablet,9284,Free,Yearly
4985,Monica Jones,44,brucepetersen@example.net,"548 William Common, North Katherine, ND 25807",Desktop,8609,Premium,3 Month
4986,Stephanie Allen,46,mary47@example.com,"380 Martinez Turnpike Suite 027, New Lisamouth, MS 70013",Desktop,5588,Free,Monthly
4987,Brian Hall,44,aharrison@example.net,"1567 Bryant Isle, Grossborough, DC 49951",Mobile,5611,Free,3 Month
4988,Charles Blackwell,40,fmiller@example.org,"80152 Brandon Stravenue, West Stephanie, MT 75431",Desktop,7037,Premium,Yearly
4989,Danielle Baldwin,53,melissa85@example.net,"51263 Lamb Trail, South Danielle, AL 65353",Desktop,5604,Family,3 Month
4990,Diana Willis,44,pdavis@example.net,"644 Alexander Hollow Apt. 288, East Loretta, VI 62412",Tablet,2215,Premium,Monthly
4991,Cynthia Wagner DVM,44,browncarolyn@example.org,"1252 Blackwell Road, North Shawn, LA 21976",Mobile,3633,Family,Yearly
4992,James Colon,44,cford@example.com,"5864 Thomas Road, Lake Bryan, DE 61013",Desktop,4945,Premium,3 Month
4993,Annette Smith,44,alison13@example.org,"750 Sean Stream, Adamland, WA 68059",Mobile,8534,Free,3 Month
4994,Laurie Hunt,18,robert39@example.org,"9021 Williams Locks Apt. 033, Port Jenniferbury, SD 91835",Desktop,6596,Family,Monthly
4995,Drew Fuentes,44,ericahart@example.net,"4219 Charles Brooks, Newmanhaven, AZ 92966",Tablet,1437,Premium,3 Month
4996,Cindy Gutierrez,44,mmartinez@example.com,"94212 Cortez Estates, North Kellytown, GU 67502",Tablet,6641,Premium,3 Month
4997,Terry Hines,34,parkerjenkins@example.com,"30073 Courtney Plain Suite 424, Justinburgh, NJ 05346",Desktop,2882,Premium,Yearly
4998,Alexandra Ward,44,wcummings@example.com,"2230 Johnson Squares, Port Melindaberg, NE 54618",Mobile,3526,Family,Monthly
4999,Billy Lamb,44,jessicahoffman@example.org,"88126 Miller Square, Danielshire, NH 62838",Mobile,1185,Free,3 Month
5000,Mitchell Patrick,44,jacobkeith@example.com,"5823 Cory Lane Apt. 492, North Robertbury, UT 12287",Desktop,9788,Family,3 Month
